Filename,URN,Title,Author,Editor,Publisher,Publication Year,Language,Size,Location,Source
tlg0639.tlg001.1st1K-grc1.xml,urn:cts:greekLit:tlg0639.tlg001.1st1K-grc1,Menecrates Medicus,Epistula,Rudolf Hercher,A. F. Didot,1873,Greek,7143,data/tlg0639/tlg001,data
tlg0606.tlg001.1st1K-grc1.xml,urn:cts:greekLit:tlg0606.tlg001.1st1K-grc1,Ars rhetorica,Rufus Soph.,Leonhard von Spengel,Teubner,1853,Greek,33821,data/tlg0606/tlg001,data
tlg0068.tlg001.1st1K-grc1.xml,urn:cts:greekLit:tlg0068.tlg001.1st1K-grc1,"Scymni Chii, ut fertur, Periegesis",Pseudo-Scymnus,Carolus Müllerus,Ambroise-Firmin Didot,1855,Greek,99958,data/tlg0068/tlg001,data
tlg0057.tlg054.1st1K-grc1.xml,urn:cts:greekLit:tlg0057.tlg054.1st1K-grc1,De tumoribus praeter naturam,Galen,Karl Gottlob Kühn,Knobloch,1824,Greek,63204,data/tlg0057/tlg054,data
tlg0057.tlg053.1st1K-grc1.xml,urn:cts:greekLit:tlg0057.tlg053.1st1K-grc1,De marcore,Galen,Karl Gottlob Kühn,Knobloch,1824,Greek,95469,data/tlg0057/tlg053,data
tlg0057.tlg065.1st1K-grc1.xml,urn:cts:greekLit:tlg0057.tlg065.1st1K-grc1,De diebus decretoriis,Galen,Karl Gottlob Kühn,Knobloch,1825,Greek,368697,data/tlg0057/tlg065,data
tlg0057.tlg062.1st1K-grc1.xml,urn:cts:greekLit:tlg0057.tlg062.1st1K-grc1,De praesagitione ex pulsibus,Galen,Karl Gottlob Kühn,Knobloch,1825,Greek,512135,data/tlg0057/tlg062,data
tlg0057.tlg096.1st1K-grc1.xml,urn:cts:greekLit:tlg0057.tlg096.1st1K-grc1,De Humero iis Modis Prolapso quos Hippocrates non Vidit,Galen,Karl Gottlob Kühn,Knobloch,1829,Greek,148613,data/tlg0057/tlg096,data
tlg0057.tlg009.1st1K-grc2.xml,urn:cts:greekLit:tlg0057.tlg009.1st1K-grc2,De temperamentis,Galen,Georg Helmreich,B. G. Teubner,1904,Greek,477651,data/tlg0057/tlg009,data
tlg0057.tlg009.1st1K-grc1.xml,urn:cts:greekLit:tlg0057.tlg009.1st1K-grc1,De temperamentis,Galen,Karl Gottlob Kühn,Knobloch,1821,Greek,364622,data/tlg0057/tlg009,data
tlg0057.tlg036.1st1K-grc1.xml,urn:cts:greekLit:tlg0057.tlg036.1st1K-grc1,De sanitate tuenda,Galen,Karl Gottlob Kühn,Knobloch,1823,Latin,1098477,data/tlg0057/tlg036,data
tlg0057.tlg031.1st1K-grc1.xml,urn:cts:greekLit:tlg0057.tlg031.1st1K-grc1,De usu pulsuum,Galen,Karl Gottlob Kühn,Knobloch,1823,Greek,75530,data/tlg0057/tlg031,data
tlg0057.tlg038.1st1K-grc1.xml,urn:cts:greekLit:tlg0057.tlg038.1st1K-grc1,De rebus boni malique suci,Galen,Karl Gottlob Kühn,Knobloch,1823,Latin,164721,data/tlg0057/tlg038,data
tlg0057.tlg007.1st1K-grc1.xml,urn:cts:greekLit:tlg0057.tlg007.1st1K-grc1,Ars Medica,Galen,Karl Gottlob Kühn,Knobloch,1821,Greek,256890,data/tlg0057/tlg007,data
tlg0057.tlg063.1st1K-grc1.xml,urn:cts:greekLit:tlg0057.tlg063.1st1K-grc1,Synopsis librorum suorum de pulsibus,Galen,Karl Gottlob Kühn,Knobloch,1825,Greek,258233,data/tlg0057/tlg063,data
tlg0057.tlg064.1st1K-grc1.xml,urn:cts:greekLit:tlg0057.tlg064.1st1K-grc1,De crisibus,Galen,Karl Gottlob Kühn,Knobloch,1825,Greek,476533,data/tlg0057/tlg064,data
tlg0057.tlg052.1st1K-grc1.xml,urn:cts:greekLit:tlg0057.tlg052.1st1K-grc1,De comate secundum Hippocratem,Galen,Karl Gottlob Kühn,Knobloch,1824,Greek,50859,data/tlg0057/tlg052,data
tlg0057.tlg099.1st1K-grc1.xml,urn:cts:greekLit:tlg0057.tlg099.1st1K-grc1,In Hippocratis Prognosticum,Galen,Karl Gottlob Kühn,Knobloch,1830,Greek,621068,data/tlg0057/tlg099,data
tlg0057.tlg055.1st1K-grc1.xml,urn:cts:greekLit:tlg0057.tlg055.1st1K-grc1,De inaequali intemperie,Galen,Karl Gottlob Kühn,Knobloch,1824,Greek,53929,data/tlg0057/tlg055,data
tlg0057.tlg001.1st1K-grc2.xml,urn:cts:greekLit:tlg0057.tlg001.1st1K-grc2,Protrepticus,Galen,Georg Kaibel,Weidmann,1894,Greek,81074,data/tlg0057/tlg001,data
tlg0057.tlg001.1st1K-grc1.xml,urn:cts:greekLit:tlg0057.tlg001.1st1K-grc1,Adhortatio ad artes addiscendas,Galen,Karl Gottlob Kühn,Knobloch,1821,Greek,82046,data/tlg0057/tlg001,data
tlg0057.tlg039.1st1K-grc1.xml,urn:cts:greekLit:tlg0057.tlg039.1st1K-grc1,De ptisana,Galen,Karl Gottlob Kühn,Knobloch,1823,Greek,39255,data/tlg0057/tlg039,data
tlg0057.tlg006.1st1K-grc1.xml,urn:cts:greekLit:tlg0057.tlg006.1st1K-grc1,De constitutione artis medicae ad Patrophilum,Galen,Karl Gottlob Kühn,Knobloch,1821,Greek,169584,data/tlg0057/tlg006,data
tlg0057.tlg030.1st1K-grc1.xml,urn:cts:greekLit:tlg0057.tlg030.1st1K-grc1,De atra bile,Galen,Karl Gottlob Kühn,Knobloch,1823,Greek,104403,data/tlg0057/tlg030,data
tlg0057.tlg008.1st1K-grc1.xml,urn:cts:greekLit:tlg0057.tlg008.1st1K-grc1,De elementis ex Hippocrate,Galen,Karl Gottlob Kühn,Knobloch,1821,Greek,215324,data/tlg0057/tlg008,data
tlg0057.tlg037.1st1K-grc1.xml,urn:cts:greekLit:tlg0057.tlg037.1st1K-grc1,Περὶ τῶν ἐν ταῖς τροφαῖς δυνάμεων,Galen,George Helmreich,Teubner,1923,Greek,735232,data/tlg0057/tlg037,data
tlg0057.tlg015.1st1K-grc1.xml,urn:cts:greekLit:tlg0057.tlg015.1st1K-grc1,De instrumento odoratus,Galen,Karl Gottlob Kühn,Knobloch,1821,Greek,62849,data/tlg0057/tlg015,data
tlg0057.tlg012.1st1K-grc1.xml,urn:cts:greekLit:tlg0057.tlg012.1st1K-grc1,De ossibus ad tirones,Galen,Karl Gottlob Kühn,Knobloch,1821,Greek,112375,data/tlg0057/tlg012,data
tlg0057.tlg024.1st1K-grc1.xml,urn:cts:greekLit:tlg0057.tlg024.1st1K-grc1,De optima corporis nostri constitutione,Galen,Karl Gottlob Kühn,Knobloch,1822,Greek,32292,data/tlg0057/tlg024,data
tlg0057.tlg023.1st1K-grc1.xml,urn:cts:greekLit:tlg0057.tlg023.1st1K-grc1,An in arteriis sanguis contineatur,Galen,Karl Gottlob Kühn,Knobloch,1822,Greek,81330,data/tlg0057/tlg023,data
tlg0057.tlg048.1st1K-grc1.xml,urn:cts:greekLit:tlg0057.tlg048.1st1K-grc1,De typis,Galen,Karl Gottlob Kühn,Knobloch,1824,Greek,26566,data/tlg0057/tlg048,data
tlg0057.tlg083.1st1K-grc1.xml,urn:cts:greekLit:tlg0057.tlg083.1st1K-grc1,De praenotione ad Epigenem,Galen,Karl Gottlob Kühn,Knobloch,1827,Greek,159826,data/tlg0057/tlg083,data
tlg0057.tlg077.1st1K-grc1.xml,urn:cts:greekLit:tlg0057.tlg077.1st1K-grc1,De compositione medicamentorum per genera,Galen,Karl Gottlob Kühn,Knobloch,1827,Greek,1736797,data/tlg0057/tlg077,data
tlg0057.tlg070.1st1K-grc1.xml,urn:cts:greekLit:tlg0057.tlg070.1st1K-grc1,De curandi ratione per venae sectionem,Galen,Karl Gottlob Kühn,Knobloch,1826,Greek,166662,data/tlg0057/tlg070,data
tlg0057.tlg084.1st1K-grc1.xml,urn:cts:greekLit:tlg0057.tlg084.1st1K-grc1,De substantia facultatum naturalium fragmentum,Galen,Karl Gottlob Kühn,Knobloch,1822,Greek,25509,data/tlg0057/tlg084,data
tlg0057.tlg079.1st1K-grc1.xml,urn:cts:greekLit:tlg0057.tlg079.1st1K-grc1,De theriaca ad Pisonem,Galen,Karl Gottlob Kühn,Knobloch,1827,Greek,182817,data/tlg0057/tlg079,data
tlg0057.tlg046.1st1K-grc1.xml,urn:cts:greekLit:tlg0057.tlg046.1st1K-grc1,De morborum temporibus,Galen,Karl Gottlob Kühn,Knobloch,1824,Greek,88298,data/tlg0057/tlg046,data
tlg0057.tlg041.1st1K-grc1.xml,urn:cts:greekLit:tlg0057.tlg041.1st1K-grc1,De morborum differentiis,Galen,Karl Gottlob Kühn,Knobloch,1823,Greek,107507,data/tlg0057/tlg041,data
tlg0057.tlg022.1st1K-grc1.xml,urn:cts:greekLit:tlg0057.tlg022.1st1K-grc1,De foetuum formatione,Galen,Karl Gottlob Kühn,Knobloch,1822,Greek,125080,data/tlg0057/tlg022,data
tlg0057.tlg025.1st1K-grc1.xml,urn:cts:greekLit:tlg0057.tlg025.1st1K-grc1,De bono habitu,Galen,Karl Gottlob Kühn,Knobloch,1822,Greek,14919,data/tlg0057/tlg025,data
tlg0057.tlg013.1st1K-grc1.xml,urn:cts:greekLit:tlg0057.tlg013.1st1K-grc1,De venarum arteriarumque dissectione,Galen,Karl Gottlob Kühn,Knobloch,1821,Greek,121385,data/tlg0057/tlg013,data
tlg0057.tlg014.1st1K-grc1.xml,urn:cts:greekLit:tlg0057.tlg014.1st1K-grc1,De nervorum dissectione,Galen,Karl Gottlob Kühn,Knobloch,1821,Greek,61359,data/tlg0057/tlg014,data
tlg0057.tlg040.1st1K-grc1.xml,urn:cts:greekLit:tlg0057.tlg040.1st1K-grc1,De dignotione ex insomniis,Galen,Karl Gottlob Kühn,Knobloch,1823,Greek,12170,data/tlg0057/tlg040,data
tlg0057.tlg078.1st1K-grc1.xml,urn:cts:greekLit:tlg0057.tlg078.1st1K-grc1,De antidotis,Galen,Karl Gottlob Kühn,Knobloch,1827,Greek,485339,data/tlg0057/tlg078,data
tlg0057.tlg047.1st1K-grc1.xml,urn:cts:greekLit:tlg0057.tlg047.1st1K-grc1,De totius morbi temporibus,Galen,Karl Gottlob Kühn,Knobloch,1824,Greek,52239,data/tlg0057/tlg047,data
tlg0057.tlg085.1st1K-grc1.xml,urn:cts:greekLit:tlg0057.tlg085.1st1K-grc1,In Hippocratis De natura hominis,Galen,Karl Gottlob Kühn,Knobloch,1828,Greek,395261,data/tlg0057/tlg085,data
tlg0057.tlg071.1st1K-grc1.xml,urn:cts:greekLit:tlg0057.tlg071.1st1K-grc1,"De hirudinibus, revulsione, cucurbitula, incisione et scarificatione",Galen,Karl Gottlob Kühn,Knobloch,1826,Greek,16222,data/tlg0057/tlg071,data
tlg0057.tlg049.1st1K-grc1.xml,urn:cts:greekLit:tlg0057.tlg049.1st1K-grc1,Adversus eos qui de typis scripserunt vel de circuitibus,Galen,Karl Gottlob Kühn,Knobloch,1824,Greek,104014,data/tlg0057/tlg049,data
tlg0057.tlg076.1st1K-grc1.xml,urn:cts:greekLit:tlg0057.tlg076.1st1K-grc1,De compositione medicamentorum secundum locos,Galen,Karl Gottlob Kühn,Knobloch,1826,Greek,2421844,data/tlg0057/tlg076,data
tlg0057.tlg082.1st1K-grc1.xml,urn:cts:greekLit:tlg0057.tlg082.1st1K-grc1,De sophismatis seu captionibus penes dictionem,Galen,Karl Gottlob Kühn,Knobloch,1827,Greek,36006,data/tlg0057/tlg082,data
tlg0057.tlg103.1st1K-grc1.xml,urn:cts:greekLit:tlg0057.tlg103.1st1K-grc1,De consuetudinibus,Galen,Iwan von Müller,Universität Erlangen,1879,Greek,70370,data/tlg0057/tlg103,data
tlg0057.tlg102.1st1K-grc1.xml,urn:cts:greekLit:tlg0057.tlg102.1st1K-grc1,De musculorum dissectione ad tirones,Galen,Karl Gottlob Kühn,Knobloch,1830,Greek,196194,data/tlg0057/tlg102,data
tlg0057.tlg114.1st1K-grc1.xml,urn:cts:greekLit:tlg0057.tlg114.1st1K-grc1,De causis respirationis,Galen,Karl Gottlob Kühn,Knobloch,1822,Greek,12687,data/tlg0057/tlg114,data
tlg0057.tlg032.1st1K-grc1.xml,urn:cts:greekLit:tlg0057.tlg032.1st1K-grc1,De placitis Hippocratis et Platonis,Galen,Karl Gottlob Kühn,Knobloch,1823,Greek,1530632,data/tlg0057/tlg032,data
tlg0057.tlg035.1st1K-grc3.xml,urn:cts:greekLit:tlg0057.tlg035.1st1K-grc3,De venereis (ap. Oribasium),Galen,Ioannes Raeder,Teubner,1928,Greek,17686,data/tlg0057/tlg035,data
tlg0057.tlg035.1st1K-grc2.xml,urn:cts:greekLit:tlg0057.tlg035.1st1K-grc2,De venereis,Galen,Karl Gottlob Kühn,Knobloch,1823,Greek,11396,data/tlg0057/tlg035,data
tlg0057.tlg003.1st1K-grc1.xml,urn:cts:greekLit:tlg0057.tlg003.1st1K-grc1,Quod optimus medicus sit quoque philosophus,Galen,Karl Gottlob Kühn,Knobloch,1821,Greek,26265,data/tlg0057/tlg003,data
tlg0057.tlg004.1st1K-grc1.xml,urn:cts:greekLit:tlg0057.tlg004.1st1K-grc1,De sectis ad eos qui introducuntur,Galen,Karl Gottlob Kühn,Knobloch,1821,Greek,101786,data/tlg0057/tlg004,data
tlg0057.tlg050.1st1K-grc1.xml,urn:cts:greekLit:tlg0057.tlg050.1st1K-grc1,De plenitudine,Galen,Karl Gottlob Kühn,Knobloch,1824,Greek,178364,data/tlg0057/tlg050,data
tlg0057.tlg057.1st1K-grc1.xml,urn:cts:greekLit:tlg0057.tlg057.1st1K-grc1,De locis affectis,Galen,Karl Gottlob Kühn,Knobloch,1824,Greek,1155107,data/tlg0057/tlg057,data
tlg0057.tlg068.1st1K-grc1.xml,urn:cts:greekLit:tlg0057.tlg068.1st1K-grc1,De venae sectione adversus Erasistratum,Galen,Karl Gottlob Kühn,Knobloch,1826,Greek,99267,data/tlg0057/tlg068,data
tlg0057.tlg061.1st1K-grc1.xml,urn:cts:greekLit:tlg0057.tlg061.1st1K-grc1,De causis pulsuum,Galen,Karl Gottlob Kühn,Knobloch,1825,Greek,455500,data/tlg0057/tlg061,data
tlg0057.tlg095.1st1K-grc1.xml,urn:cts:greekLit:tlg0057.tlg095.1st1K-grc1,In Hippocratis De articulis,Galen,Karl Gottlob Kühn,Knobloch,1829,Greek,759047,data/tlg0057/tlg095,data
tlg0057.tlg092.1st1K-grc1.xml,urn:cts:greekLit:tlg0057.tlg092.1st1K-grc1,In Hippocratis Aphorismos,Galen,Karl Gottlob Kühn,Knobloch,1829,Greek,1647184,data/tlg0057/tlg092,data
tlg0057.tlg066.1st1K-grc1.xml,urn:cts:greekLit:tlg0057.tlg066.1st1K-grc1,De methodo medendi,Galen,Karl Gottlob Kühn,Knobloch,1825,Greek,2567881,data/tlg0057/tlg066,data
tlg0057.tlg059.1st1K-grc1.xml,urn:cts:greekLit:tlg0057.tlg059.1st1K-grc1,De differentiis pulsuum,Galen,Karl Gottlob Kühn,Knobloch,1824,Greek,724473,data/tlg0057/tlg059,data
tlg0057.tlg002.1st1K-grc1.xml,urn:cts:greekLit:tlg0057.tlg002.1st1K-grc1,De optima doctrina,Galen,Karl Gottlob Kühn,Knobloch,1821,Greek,30121,data/tlg0057/tlg002,data
tlg0057.tlg034.1st1K-grc2.xml,urn:cts:greekLit:tlg0057.tlg034.1st1K-grc2,De parvae pilae exercitio,Galen,Karl Gottlob Kühn,Knobloch,1823,Greek,27568,data/tlg0057/tlg034,data
tlg0057.tlg034.1st1K-grc1.xml,urn:cts:greekLit:tlg0057.tlg034.1st1K-grc1,De parvae pilae exercitio,Galen,Johannes Marquardt,Domschule,1879,Greek,31946,data/tlg0057/tlg034,data
tlg0057.tlg033.1st1K-grc1.xml,urn:cts:greekLit:tlg0057.tlg033.1st1K-grc1,Thrasybulus sive utrum medicinae sit an gymnasticae hygieine,Galen,Georg Helmreich,Teubner,1893,Greek,189910,data/tlg0057/tlg033,data
tlg0057.tlg067.1st1K-grc1.xml,urn:cts:greekLit:tlg0057.tlg067.1st1K-grc1,Ad Glauconem de methodo medendi,Galen,Karl Gottlob Kühn,Knobloch,1826,Greek,375558,data/tlg0057/tlg067,data
tlg0057.tlg093.1st1K-grc1.xml,urn:cts:greekLit:tlg0057.tlg093.1st1K-grc1,Adversus Lycum,Galen,Karl Gottlob Kühn,Knobloch,1829,Greek,118639,data/tlg0057/tlg093,data
tlg0057.tlg058.1st1K-grc1.xml,urn:cts:greekLit:tlg0057.tlg058.1st1K-grc1,De pulsibus ad tirones,Galen,Karl Gottlob Kühn,Knobloch,1824,Greek,98874,data/tlg0057/tlg058,data
tlg0057.tlg094.1st1K-grc1.xml,urn:cts:greekLit:tlg0057.tlg094.1st1K-grc1,Adversus ea quae Juliano in Hippocratis Aphorismos enuntiata sunt,Galen,Karl Gottlob Kühn,Knobloch,1829,Greek,126718,data/tlg0057/tlg094,data
tlg0057.tlg060.1st1K-grc1.xml,urn:cts:greekLit:tlg0057.tlg060.1st1K-grc1,De dignoscendis pulsibus,Galen,Karl Gottlob Kühn,Knobloch,1824,Greek,507881,data/tlg0057/tlg060,data
tlg0057.tlg056.1st1K-grc1.xml,urn:cts:greekLit:tlg0057.tlg056.1st1K-grc1,De difficultate respirationis,Galen,Karl Gottlob Kühn,Knobloch,1824,Greek,528391,data/tlg0057/tlg056,data
tlg0057.tlg069.1st1K-grc1.xml,urn:cts:greekLit:tlg0057.tlg069.1st1K-grc1,De venae sectione adversus Erasistrateos Romae degentes,Galen,Karl Gottlob Kühn,Knobloch,1826,Greek,151359,data/tlg0057/tlg069,data
tlg0057.tlg051.1st1K-grc1.xml,urn:cts:greekLit:tlg0057.tlg051.1st1K-grc1,"De tremore, palpitatione, convulsione et rigore",Galen,Karl Gottlob Kühn,Knobloch,1824,Greek,145774,data/tlg0057/tlg051,data
tlg0057.tlg073.1st1K-grc2.xml,urn:cts:greekLit:tlg0057.tlg073.1st1K-grc2,"Quos quibus catharticis medicamentis et quando purgare
                    oporteat (ap. Oribasium)",Galen,Ioannes Raeder,B.G. Teubner,1928,Greek,52924,data/tlg0057/tlg073,data
tlg0057.tlg073.1st1K-grc1.xml,urn:cts:greekLit:tlg0057.tlg073.1st1K-grc1,Quos quibus catharticis medicamentis et quando purgare oporteat,Galen,Karl Gottlob Kühn,Knobloch,1826,Greek,31727,data/tlg0057/tlg073,data
tlg0057.tlg087.1st1K-grc1.xml,urn:cts:greekLit:tlg0057.tlg087.1st1K-grc1,In Hippocratis De victu acutorum,Galen,Karl Gottlob Kühn,Knobloch,1828,Greek,1119329,data/tlg0057/tlg087,data
tlg0057.tlg074.1st1K-grc1.xml,urn:cts:greekLit:tlg0057.tlg074.1st1K-grc1,Pro puero epileptico consilium,Galen,Karl Gottlob Kühn,Knobloch,1826,Greek,54452,data/tlg0057/tlg074,data
tlg0057.tlg089.1st1K-grc1.xml,urn:cts:greekLit:tlg0057.tlg089.1st1K-grc1,In Hippocratis Epidemiarum I,Galen,Karl Gottlob Kühn,Knobloch,1828,Greek,2181798,data/tlg0057/tlg089,data
tlg0057.tlg042.1st1K-grc1.xml,urn:cts:greekLit:tlg0057.tlg042.1st1K-grc1,De causis morborum,Galen,Karl Gottlob Kühn,Knobloch,1824,Greek,99940,data/tlg0057/tlg042,data
tlg0057.tlg045.1st1K-grc1.xml,urn:cts:greekLit:tlg0057.tlg045.1st1K-grc1,De differentiis febrium,Galen,Karl Gottlob Kühn,Knobloch,1824,Greek,348797,data/tlg0057/tlg045,data
tlg0057.tlg011.1st1K-grc1.xml,urn:cts:greekLit:tlg0057.tlg011.1st1K-grc1,De anatomicis administrationibus,Galen,Karl Gottlob Kühn,Knobloch,1821,Greek,1273565,data/tlg0057/tlg011,data
tlg0057.tlg016.1st1K-grc1.xml,urn:cts:greekLit:tlg0057.tlg016.1st1K-grc1,De uteri dissectione,Galen,Karl Gottlob Kühn,Knobloch,1821,Greek,47443,data/tlg0057/tlg016,data
tlg0057.tlg029.1st1K-grc1.xml,urn:cts:greekLit:tlg0057.tlg029.1st1K-grc1,De animi cuiuslibet peccatorum dignotione et curatione,Galen,Karl Gottlob Kühn,Knobloch,1823,Greek,109231,data/tlg0057/tlg029,data
tlg0057.tlg020.1st1K-grc1.xml,urn:cts:greekLit:tlg0057.tlg020.1st1K-grc1,De utilitate respirationis,Galen,Karl Gottlob Kühn,Knobloch,1822,Greek,85840,data/tlg0057/tlg020,data
tlg0057.tlg027.1st1K-grc1.xml,urn:cts:greekLit:tlg0057.tlg027.1st1K-grc1,Quod animi mores corporis temperamenta sequantur,Galen,Karl Gottlob Kühn,Knobloch,1822,Greek,134800,data/tlg0057/tlg027,data
tlg0057.tlg018.1st1K-grc1.xml,urn:cts:greekLit:tlg0057.tlg018.1st1K-grc1,De motu musculorum,Galen,Karl Gottlob Kühn,Knobloch,1822,Greek,207912,data/tlg0057/tlg018,data
tlg0057.tlg044.1st1K-grc1.xml,urn:cts:greekLit:tlg0057.tlg044.1st1K-grc1,De symptomatum causis,Galen,Karl Gottlob Kühn,Knobloch,1824,Greek,480039,data/tlg0057/tlg044,data
tlg0057.tlg043.1st1K-grc1.xml,urn:cts:greekLit:tlg0057.tlg043.1st1K-grc1,De symptomatum differentiis,Galen,Karl Gottlob Kühn,Knobloch,1824,Greek,106378,data/tlg0057/tlg043,data
tlg0057.tlg075.1st1K-grc1.xml,urn:cts:greekLit:tlg0057.tlg075.1st1K-grc1,De simplicium medicamentorum temperamentis ac facultatibus I-VI,Galen,Karl Gottlob Kühn,Knobloch,1826,Greek,2308015,data/tlg0057/tlg075,data
tlg0057.tlg081.1st1K-grc1.xml,urn:cts:greekLit:tlg0057.tlg081.1st1K-grc1,Institutio logica,Galen,Karl Kalbfleisch,B. G. Teubner,1896,Greek,157932,data/tlg0057/tlg081,data
tlg0057.tlg086.1st1K-grc1.xml,urn:cts:greekLit:tlg0057.tlg086.1st1K-grc1,In Hippocratis vel Polybi Opus de Salubri Victus Ratione Privatorum Commentarius,Galen,Karl Gottlob Kühn,Knobloch,1828,Greek,106322,data/tlg0057/tlg086,data
tlg0057.tlg072.1st1K-grc1.xml,urn:cts:greekLit:tlg0057.tlg072.1st1K-grc1,De purgantium medicamentorum facultate,Galen,Karl Gottlob Kühn,Knobloch,1826,Greek,45665,data/tlg0057/tlg072,data
tlg0057.tlg019.1st1K-grc1.xml,urn:cts:greekLit:tlg0057.tlg019.1st1K-grc1,De victu attenuante,Galen,Karl Kalbfleisch,B. G. Teubner,1898,Greek,103070,data/tlg0057/tlg019,data
tlg0057.tlg019.opp-grc1.xml,urn:cts:greekLit:tlg0057.tlg019.opp-grc1,De Victu Attenuante,Galen,Karl Kalbfleisch,B. G. Teubner,1898,Greek,114007,data/tlg0057/tlg019,data
tlg0057.tlg021.1st1K-grc1.xml,urn:cts:greekLit:tlg0057.tlg021.1st1K-grc1,De semine,Galen,Karl Gottlob Kühn,Knobloch,1822,Greek,292325,data/tlg0057/tlg021,data
tlg0057.tlg017.1st1K-grc1.xml,urn:cts:greekLit:tlg0057.tlg017.1st1K-grc1,De usu partium corporis humani I-XI,Galen,Karl Gottlob Kühn,Knobloch,1822,Greek,3144211,data/tlg0057/tlg017,data
tlg0057.tlg028.1st1K-grc1.xml,urn:cts:greekLit:tlg0057.tlg028.1st1K-grc1,De propriorum animi cuiuslibet affectuum dignotione et curatione,Galen,Karl Gottlob Kühn,Knobloch,1823,Greek,119543,data/tlg0057/tlg028,data
tlg0057.tlg010.1st1K-grc1.xml,urn:cts:greekLit:tlg0057.tlg010.1st1K-grc1,De naturalibus facultatibus,Galen,Karl Gottlob Kühn,Knobloch,1821,Greek,522685,data/tlg0057/tlg010,data
tlg0057.tlg100.1st1K-grc1.xml,urn:cts:greekLit:tlg0057.tlg100.1st1K-grc1,In Hippocratis De fracturis,Galen,Karl Gottlob Kühn,Knobloch,1830,Greek,710921,data/tlg0057/tlg100,data
tlg0057.tlg107.1st1K-grc1.xml,urn:cts:greekLit:tlg0057.tlg107.1st1K-grc1,De experientia medica,Galen,Hermann Schöne,Reimer,1901,Greek,20142,data/tlg0057/tlg107,data
tlg0057.tlg101.1st1K-grc1.xml,urn:cts:greekLit:tlg0057.tlg101.1st1K-grc1,In Hippocratis De officina medici,Galen,Karl Gottlob Kühn,Knobloch,1830,Greek,689001,data/tlg0057/tlg101,data
tlg0061.tlg007.1st1K-grc1.xml,urn:cts:greekLit:tlg0061.tlg007.1st1K-grc1,Φιλόπατρις ἢ Διδασκόμενος,Pseudo-Lucian,Karl Jacobitz,Teubner,1913,Greek,55805,data/tlg0061/tlg007,data
tlg0061.tlg001.1st1K-grc1.xml,urn:cts:greekLit:tlg0061.tlg001.1st1K-grc1,Λούκιος ἢ Ὄνος,Pseudo-Lucian,Karl Jacobitz,Teubner,1913,Greek,130171,data/tlg0061/tlg001,data
tlg0061.tlg001.perseus-eng1.xml,,"Loukios, Or, the Ass",Pseudo-Lucian,Emily James Smith,Harper and Brothers,1892,English,63568,data/tlg0061/tlg001,data
tlg0061.tlg006.perseus-eng1.xml,,The Cynic,Pseudo-Lucian,Henry Watson Fowler,Clarendon Press,1905,English,21948,data/tlg0061/tlg006,data
tlg0061.tlg006.1st1K-grc1.xml,urn:cts:greekLit:tlg0061.tlg006.1st1K-grc1,Κυνικός,Pseudo-Lucian,Karl Jacobitz,Teubner,1913,Greek,40500,data/tlg0061/tlg006,data
tlg0061.tlg008.1st1K-grc1.xml,urn:cts:greekLit:tlg0061.tlg008.1st1K-grc1,Χαρίδημος ἢ Περὶ Κάλλους,Pseudo-Lucian,Karl Jacobitz,Teubner,1913,Greek,53927,data/tlg0061/tlg008,data
tlg0061.tlg003.1st1K-grc1.xml,urn:cts:greekLit:tlg0061.tlg003.1st1K-grc1,Δημοσθένους Ἐγκώμιον,Pseudo-Lucian,Karl Jacobitz,Teubner,1913,Greek,79061,data/tlg0061/tlg003,data
tlg0061.tlg003.perseus-eng1.xml,,Demosthenes an Encomium,Lucian of Samosota,Henry Watson Fowler,Clarendon Press,1905,English,48374,data/tlg0061/tlg003,data
tlg0061.tlg004.1st1K-grc1.xml,urn:cts:greekLit:tlg0061.tlg004.1st1K-grc1,Ἀλκυών,Pseudo-Lucian,Karl Jacobitz,Teubner,1909,Greek,17094,data/tlg0061/tlg004,data
tlg0061.tlg004.perseus-eng1.xml,,The Halcyon,Pseudo-Lucian,Emily James Smith,Harper and Brothers,1892,English,9869,data/tlg0061/tlg004,data
tlg0061.tlg005.1st1K-grc1.xml,urn:cts:greekLit:tlg0061.tlg005.1st1K-grc1,Ὠκύπους,Pseudo-Lucian,Karl Jacobitz,Teubner,1913,Greek,24422,data/tlg0061/tlg005,data
tlg0061.tlg002.1st1K-grc1.xml,urn:cts:greekLit:tlg0061.tlg002.1st1K-grc1,Ἔρωτες,Pseudo-Lucian,Karl Jacobitz,Teubner,1913,Greek,116214,data/tlg0061/tlg002,data
tlg0637.tlg001.1st1K-grc1.xml,urn:cts:greekLit:tlg0637.tlg001.1st1K-grc1,Epistulae,Socraticorum Epistulae,Rudolf Hercher,A. F. Didot,1873,Greek,120522,data/tlg0637/tlg001,data
tlg1147.tlg003.1st1K-grc1.xml,urn:cts:greekLit:tlg1147.tlg003.1st1K-grc1,Fragmenta,Antiphon of Athens,Hermann Diels,Weidmann,1922,Greek,81543,data/tlg1147/tlg003,data
tlg0059.tlg009.perseus-grc2.xml,urn:cts:greekLit:tlg0059.tlg009.perseus-grc2,Παρμενίδης,Plato,John Burnet,Clarendon Press,1910,Greek,202285,data/tlg0059/tlg009,data
tlg0059.tlg009.perseus-eng2.xml,,Parmenides,Plato,Harold North Fowler,Harvard University Press,1926,English,151690,data/tlg0059/tlg009,data
tlg0059.tlg036.perseus-grc2.xml,urn:cts:greekLit:tlg0059.tlg036.perseus-grc2,Ἐπιστολαί,Plato,John Burnet,Clarendon Press,1915,Greek,233670,data/tlg0059/tlg036,data
tlg0059.tlg036.perseus-eng2.xml,,Letters,Plato,R. G. Bury,Harvard University Press,1929,English,210803,data/tlg0059/tlg036,data
tlg0059.tlg031.perseus-eng2.xml,,Timaeus,Plato,Robert Gregg Bury,Harvard University Press,1929,English,278052,data/tlg0059/tlg031,data
tlg0059.tlg031.perseus-grc2.xml,urn:cts:greekLit:tlg0059.tlg031.perseus-grc2,Τίμαιος,Plato,John Burnet,Clarendon Press,1905,Greek,324487,data/tlg0059/tlg031,data
tlg0059.tlg007.perseus-grc2.xml,urn:cts:greekLit:tlg0059.tlg007.perseus-grc2,Σοφιστής,Plato,John Burnet,Clarendon Press,1905,Greek,286930,data/tlg0059/tlg007,data
tlg0059.tlg007.perseus-eng2.xml,,Sophist,Plato,Harold North Fowler,"Cambridge, MA, Harvard University Press; London, William Heinemann Ltd.",1921,English,225432,data/tlg0059/tlg007,data
tlg0059.tlg001.perseus-eng2.xml,,Euthyphro,Plato,Harold North Fowler,Harvard University Press,1914,English,59891,data/tlg0059/tlg001,data
tlg0059.tlg001.perseus-grc1.xml,urn:cts:greekLit:tlg0059.tlg001.perseus-grc1,Εὐθύφρων,Plato,John Burnet,Clarendon Press,1905,Greek,87749,data/tlg0059/tlg001,data
tlg0059.tlg006.perseus-grc2.xml,urn:cts:greekLit:tlg0059.tlg006.perseus-grc2,Θεαίτητος,Plato,John Burnet,Clarendon Press,1905,Greek,382630,data/tlg0059/tlg006,data
tlg0059.tlg006.perseus-eng2.xml,,Theaetetus,Plato,Harold North Fowler,"Cambridge, MA, Harvard University Press; London, William Heinemann Ltd.",1921,English,280379,data/tlg0059/tlg006,data
tlg0059.tlg030.perseus-eng2.xml,,Republic,Plato,Paul Shorey,Harvard University Press,1935-37,English,1785678,data/tlg0059/tlg030,data
tlg0059.tlg030.perseus-grc2.xml,urn:cts:greekLit:tlg0059.tlg030.perseus-grc2,Πολιτεία,Plato,John Burnet,Clarendon Press,1905,Greek,1302885,data/tlg0059/tlg030,data
tlg0059.tlg008.perseus-grc2.xml,urn:cts:greekLit:tlg0059.tlg008.perseus-grc2,Πολιτικός,Plato,John Burnet,Clarendon Press,1905,Greek,297626,data/tlg0059/tlg008,data
tlg0059.tlg008.perseus-eng2.xml,,Statesman,Plato,Harold North Fowler,Harvard University Press,1925,English,224041,data/tlg0059/tlg008,data
tlg0059.tlg037.1st1K-grc1.xml,urn:cts:greekLit:tlg0059.tlg037.1st1K-grc1,Ὅροι,Plato,John Burnet,Clarendon Press,1915,Greek,33687,data/tlg0059/tlg037,data
tlg0059.tlg015.perseus-eng2.xml,,Hipparchus,Plato,Walter Rangeley Maitland Lamb,Harvard University Press,1927,English,32288,data/tlg0059/tlg015,data
tlg0059.tlg015.perseus-grc2.xml,urn:cts:greekLit:tlg0059.tlg015.perseus-grc2,Ἵππαρχος,Plato,John Burnet,Clarendon Press,1910,Greek,42533,data/tlg0059/tlg015,data
tlg0059.tlg012.perseus-grc2.xml,urn:cts:greekLit:tlg0059.tlg012.perseus-grc2,Φαῖδρος,Plato,John Burnet,Clarendon Press,1910,Greek,255637,data/tlg0059/tlg012,data
tlg0059.tlg012.perseus-eng2.xml,,Phaedrus,Plato,Harold North Fowler,Harvard University Press,1914,English,177637,data/tlg0059/tlg012,data
tlg0059.tlg024.perseus-eng2.xml,,Meno,Plato,Walter Rangeley Maitland Lamb,Harvard University Press,1924,English,119612,data/tlg0059/tlg024,data
tlg0059.tlg024.perseus-grc2.xml,urn:cts:greekLit:tlg0059.tlg024.perseus-grc2,Μένων,Plato,John Burnet,Clarendon Press,1903,Greek,162347,data/tlg0059/tlg024,data
tlg0059.tlg023.perseus-grc2.xml,urn:cts:greekLit:tlg0059.tlg023.perseus-grc2,Γοργίας,Plato,John Burnet,Clarendon Press,1903,Greek,413490,data/tlg0059/tlg023,data
tlg0059.tlg023.perseus-eng2.xml,,Gorgias,Plato,Walter Rangeley Maitland Lamb,Harvard University Press,1925,English,309921,data/tlg0059/tlg023,data
tlg0059.tlg022.perseus-grc2.xml,urn:cts:greekLit:tlg0059.tlg022.perseus-grc2,Πρωταγόρας,Plato,John Burnet,Clarendon Press,1903,Greek,258833,data/tlg0059/tlg022,data
tlg0059.tlg022.perseus-eng2.xml,,Protagoras,Plato,Walter Rangeley Maitland Lamb,Harvard University Press,1924,English,190515,data/tlg0059/tlg022,data
tlg0059.tlg025.perseus-eng2.xml,,Hippias Major,Plato,Harold North Fowler,Harvard University Press,1926,English,99855,data/tlg0059/tlg025,data
tlg0059.tlg025.perseus-grc2.xml,urn:cts:greekLit:tlg0059.tlg025.perseus-grc2,Ἱππίας μείζων,Plato,John Burnet,Clarendon Press,1903,Greek,129932,data/tlg0059/tlg025,data
tlg0059.tlg013.perseus-grc2.xml,urn:cts:greekLit:tlg0059.tlg013.perseus-grc2,Ἀλκιβιάδης αʹ,Plato,John Burnet,Clarendon Press,1910,Greek,232010,data/tlg0059/tlg013,data
tlg0059.tlg013.perseus-eng2.xml,,Alcibiades 1,Plato,Walter Rangeley Maitland Lamb,Harvard University Press,1927,English,150929,data/tlg0059/tlg013,data
tlg0059.tlg014.perseus-eng2.xml,,Alcibiades 2,Plato,Walter Rangeley Maitland Lamb,Harvard University Press,1927,English,55503,data/tlg0059/tlg014,data
tlg0059.tlg014.perseus-grc2.xml,urn:cts:greekLit:tlg0059.tlg014.perseus-grc2,Ἀλκιβιάδης βʹ,Plato,John Burnet,Clarendon Press,1910,Greek,72718,data/tlg0059/tlg014,data
tlg0059.tlg032.perseus-grc2.xml,urn:cts:greekLit:tlg0059.tlg032.perseus-grc2,Κριτίας,Plato,John Burnet,Clarendon Press,1905,Greek,70390,data/tlg0059/tlg032,data
tlg0059.tlg032.perseus-eng2.xml,,Critias,Plato,Robert Gregg Bury,Harvard University Press,1929,English,56203,data/tlg0059/tlg032,data
tlg0059.tlg035.perseus-eng2.xml,,Epinomis,Plato,Walter Rangeley Maitland Lamb,Harvard University Press,1927,English,74320,data/tlg0059/tlg035,data
tlg0059.tlg035.perseus-grc2.xml,urn:cts:greekLit:tlg0059.tlg035.perseus-grc2,Ἐπινομίς,Plato,John Burnet,Clarendon Press,1915,Greek,88457,data/tlg0059/tlg035,data
tlg0059.tlg003.perseus-grc2.xml,urn:cts:greekLit:tlg0059.tlg003.perseus-grc2,Κρίτων,Plato,John Burnet,Clarendon Press,1905,Greek,65756,data/tlg0059/tlg003,data
tlg0059.tlg003.perseus-eng2.xml,,Crito,Plato,Harold North Fowler,Harvard University Press,1914,English,44345,data/tlg0059/tlg003,data
tlg0059.tlg004.perseus-eng2.xml,,Phaedo,Plato,Harold North Fowler,Harvard University Press,1914,English,272329,data/tlg0059/tlg004,data
tlg0059.tlg004.perseus-grc2.xml,urn:cts:greekLit:tlg0059.tlg004.perseus-grc2,Φαίδων,Plato,John Burnet,Clarendon Press,1905,Greek,465852,data/tlg0059/tlg004,data
tlg0059.tlg005.perseus-eng2.xml,,Cratylus,Plato,Harold North Fowler,Harvard University Press,1926,English,229683,data/tlg0059/tlg005,data
tlg0059.tlg005.perseus-grc2.xml,urn:cts:greekLit:tlg0059.tlg005.perseus-grc2,Κρατύλος,Plato,John Burnet,Clarendon Press,1905,Greek,292729,data/tlg0059/tlg005,data
tlg0059.tlg002.perseus-grc2.xml,urn:cts:greekLit:tlg0059.tlg002.perseus-grc2,Ἀπολογία Σωκράτους,Plato,John Burnet,Clarendon Press,1905,Greek,119600,data/tlg0059/tlg002,data
tlg0059.tlg002.perseus-eng2.xml,,Apology,Plato,Harold North Fowler,Harvard University Press,1914,English,79832,data/tlg0059/tlg002,data
tlg0059.tlg034.perseus-eng2.xml,,Laws,Plato,Robert Gregg Bury,Harvard University Press,1926,English,1163415,data/tlg0059/tlg034,data
tlg0059.tlg034.perseus-grc2.xml,urn:cts:greekLit:tlg0059.tlg034.perseus-grc2,Νόμοι,Plato,John Burnet,Clarendon Press,1915,Greek,1511911,data/tlg0059/tlg034,data
tlg0059.tlg033.perseus-grc2.xml,urn:cts:greekLit:tlg0059.tlg033.perseus-grc2,Μίνως,Plato,John Burnet,Clarendon Press,1915,Greek,51771,data/tlg0059/tlg033,data
tlg0059.tlg033.perseus-eng2.xml,,Minos,Plato,Walter Rangeley Maitland Lamb,Harvard University Press,1927,English,42244,data/tlg0059/tlg033,data
tlg0059.tlg011.perseus-eng2.xml,,Symposium,Plato,Walter Rangeley Maitland Lamb,Harvard University Press,1925,English,191953,data/tlg0059/tlg011,data
tlg0059.tlg011.perseus-grc2.xml,urn:cts:greekLit:tlg0059.tlg011.perseus-grc2,Συμπόσιον,Plato,John Burnet,Clarendon Press,1910,Greek,245545,data/tlg0059/tlg011,data
tlg0059.tlg016.perseus-grc2.xml,urn:cts:greekLit:tlg0059.tlg016.perseus-grc2,Ἐρασταί,Plato,John Burnet,Clarendon Press,1910,Greek,39365,data/tlg0059/tlg016,data
tlg0059.tlg016.perseus-eng2.xml,,Lovers,Plato,Walter Rangeley Maitland Lamb,Harvard University Press,1927,English,30789,data/tlg0059/tlg016,data
tlg0059.tlg029.perseus-grc2.xml,urn:cts:greekLit:tlg0059.tlg029.perseus-grc2,Κλειτοφῶν,Plato,John Burnet,Clarendon Press,1905,Greek,23840,data/tlg0059/tlg029,data
tlg0059.tlg029.perseus-eng2.xml,,Cleitophon,Plato,Robert Gregg Bury,Harvard University Press,1929,English,19188,data/tlg0059/tlg029,data
tlg0059.tlg020.perseus-eng2.xml,,Lysis,Plato,Walter Rangeley Maitland Lamb,Harvard University Press,1925,English,78734,data/tlg0059/tlg020,data
tlg0059.tlg020.perseus-grc2.xml,urn:cts:greekLit:tlg0059.tlg020.perseus-grc2,Λύσις,Plato,John Burnet,Clarendon Press,1903,Greek,105688,data/tlg0059/tlg020,data
tlg0059.tlg027.perseus-grc2.xml,urn:cts:greekLit:tlg0059.tlg027.perseus-grc2,Ἴων,Plato,John Burnet,Clarendon Press,1903,Greek,67673,data/tlg0059/tlg027,data
tlg0059.tlg027.perseus-eng2.xml,,Ion,Plato,William Rangeley Maitland Lamb,Harvard University Press,1925,English,55558,data/tlg0059/tlg027,data
tlg0059.tlg018.perseus-grc2.xml,urn:cts:greekLit:tlg0059.tlg018.perseus-grc2,Χαρμίδης,Plato,John Burnet,Clarendon Press,1903,Greek,119016,data/tlg0059/tlg018,data
tlg0059.tlg018.perseus-eng2.xml,,Charmides,Plato,Walter Rangeley Maitland Lamb,Harvard University Press,1927,English,87834,data/tlg0059/tlg018,data
tlg0059.tlg026.perseus-grc2.xml,urn:cts:greekLit:tlg0059.tlg026.perseus-grc2,Ἱππίας ἐλάττων,Plato,John Burnet,Clarendon Press,1903,Greek,72178,data/tlg0059/tlg026,data
tlg0059.tlg026.perseus-eng2.xml,,Hippias Minor,Plato,Harold North Fowler,Harvard University Press,1926,English,53419,data/tlg0059/tlg026,data
tlg0059.tlg019.perseus-grc2.xml,urn:cts:greekLit:tlg0059.tlg019.perseus-grc2,Λάχης,Plato,John Burnet,Clarendon Press,1903,Greek,117969,data/tlg0059/tlg019,data
tlg0059.tlg019.perseus-eng2.xml,,Laches,Plato,Walter Rangeley Maitland Lamb,Harvard University Press,1924,English,88212,data/tlg0059/tlg019,data
tlg0059.tlg021.perseus-eng2.xml,,Euthydemus,Plato,Walter Rangeley Maitland Lamb,Harvard University Press,1924,English,159861,data/tlg0059/tlg021,data
tlg0059.tlg021.perseus-grc2.xml,urn:cts:greekLit:tlg0059.tlg021.perseus-grc2,Εὐθύδημος,Plato,John Burnet,Clarendon Press,1903,Greek,203447,data/tlg0059/tlg021,data
tlg0059.tlg017.perseus-grc2.xml,urn:cts:greekLit:tlg0059.tlg017.perseus-grc2,Θεάγης,Plato,John Burnet,Clarendon Press,1903,Greek,56284,data/tlg0059/tlg017,data
tlg0059.tlg017.perseus-eng2.xml,,Theages,Plato,Walter Rangeley Maitland Lamb,Harvard University Press,1927,English,44480,data/tlg0059/tlg017,data
tlg0059.tlg028.perseus-grc2.xml,urn:cts:greekLit:tlg0059.tlg028.perseus-grc2,Μενέξενος,Plato,John Burnet,Clarendon Press,1903,Greek,71788,data/tlg0059/tlg028,data
tlg0059.tlg028.perseus-eng2.xml,,Menexenus,Plato,Robert Gregg Bury,Harvard University Press,1929,English,59191,data/tlg0059/tlg028,data
tlg0059.tlg010.perseus-eng2.xml,,Philebus,Plato,Harold North Fowler,Harvard University Press,1925,English,217265,data/tlg0059/tlg010,data
tlg0059.tlg010.perseus-grc2.xml,urn:cts:greekLit:tlg0059.tlg010.perseus-grc2,Φίληβος,Plato,John Burnet,Clarendon Press,1910,Greek,323083,data/tlg0059/tlg010,data
tlg0092.tlg001.1st1K-grc1.xml,urn:cts:greekLit:tlg0092.tlg001.1st1K-grc1,Geographiae expositio compendiaria,Anonymous,Karl Müller,Didot,1861,Greek,65340,data/tlg0092/tlg001,data
tlg0066.tlg001.1st1K-grc1.xml,urn:cts:greekLit:tlg0066.tlg001.1st1K-grc1,"Dicaearchi, ut fertur, potius vero Athenaei Descriptionis
                    Graeciae Fragmenta tria",Pseudo Dicaearchus Messenius,Carolus Müllerus,Ambroise-Firmin Didot,1855,Greek,54825,data/tlg0066/tlg001,data
tlg0032.tlg009.perseus-eng2.xml,,Agesilaus,Xenophon,"E. C. Marchant, G. W. Bowersock, tr. Constitution of the
                    Athenians.","Harvard University Press, Cambridge, MA; William Heinemann,
                                Ltd., London.",1925,English,114143,data/tlg0032/tlg009,data
tlg0032.tlg009.perseus-grc2.xml,urn:cts:greekLit:tlg0032.tlg009.perseus-grc2,Agesilaus,Xenophon,,"Oxford, Clarendon Press",1920 (repr.1969),Greek,110696,data/tlg0032/tlg009,data
tlg0032.tlg007.perseus-eng2.xml,,Cyropaedia,Xenophon,Walter Miller,"Harvard University Press, Cambridge, MA; William Heinemann, Ltd., London.",1914,English,906200,data/tlg0032/tlg007,data
tlg0032.tlg007.perseus-grc2.xml,urn:cts:greekLit:tlg0032.tlg007.perseus-grc2,Cyropaedia,Xenophon,E. C. Marchant,"Oxford, Clarendon Press",1910 (repr. 1970),Greek,1125288,data/tlg0032/tlg007,data
tlg0032.tlg001.perseus-grc2.xml,urn:cts:greekLit:tlg0032.tlg001.perseus-grc2,Hellenica,Xenophon,,"Oxford, Clarendon Press",1900 (repr. 1968),Greek,986159,data/tlg0032/tlg001,data
tlg0032.tlg001.perseus-eng2.xml,,Hellenica,Xenophon,Carleton L. Brownson,"Harvard University Press, Cambridge, MA; William Heinemann,
								Ltd., London.",vol. 1:1918; vol. 2: 1921,English,840349,data/tlg0032/tlg001,data
tlg0032.tlg006.perseus-eng2.xml,,Anabasis,Xenophon,Carleton L. Brownson,"Harvard University Press, Cambridge, MA; William Heinemann,
                                Ltd., London.",1922,English,1099475,data/tlg0032/tlg006,data
tlg0032.tlg006.perseus-grc2.xml,urn:cts:greekLit:tlg0032.tlg006.perseus-grc2,Anabasis,Xenophon,E. C. Marchant,Clarendon Press,1904,Greek,886347,data/tlg0032/tlg006,data
tlg0032.tlg008.perseus-eng2.xml,,Hiero,Xenophon,"E. C. Marchant, G. W. Bowersock, tr. Constitution of the
					Athenians.","Harvard University Press, Cambridge, MA; William Heinemann,
								Ltd., London.",1925,English,72057,data/tlg0032/tlg008,data
tlg0032.tlg008.perseus-grc2.xml,urn:cts:greekLit:tlg0032.tlg008.perseus-grc2,Hiero,Xenophon,,"Oxford, Clarendon Press",1920 (repr.1969),Greek,90760,data/tlg0032/tlg008,data
tlg0032.tlg012.perseus-eng2.xml,,On the Cavalry Commander,Xenophon,"E. C. Marchant, G. W. Bowersock, tr. Constitution of the
					Athenians.","Harvard University Press, Cambridge, MA; William Heinemann,
								Ltd., London.",1925,English,70034,data/tlg0032/tlg012,data
tlg0032.tlg012.perseus-grc2.xml,urn:cts:greekLit:tlg0032.tlg012.perseus-grc2,On the Cavalry Commander,Xenophon,,"Oxford, Clarendon Press",1920 (repr.1969),Greek,88658,data/tlg0032/tlg012,data
tlg0032.tlg013.perseus-eng2.xml,,On the Art of Horsemanship,Xenophon,"E. C. Marchant, G. W. Bowersock, tr. Constitution of the
					Athenians.","Harvard University Press, Cambridge, MA; William Heinemann,
								Ltd., London.",1925,English,82043,data/tlg0032/tlg013,data
tlg0032.tlg013.perseus-grc2.xml,urn:cts:greekLit:tlg0032.tlg013.perseus-grc2,On the Art of Horsemanship,Xenophon,,"Oxford, Clarendon Press",1920 (repr.1969),Greek,101558,data/tlg0032/tlg013,data
tlg0032.tlg014.perseus-grc2.xml,urn:cts:greekLit:tlg0032.tlg014.perseus-grc2,On Hunting,Xenophon,,"Oxford, Clarendon Press",1920 (repr.1969),Greek,134567,data/tlg0032/tlg014,data
tlg0032.tlg014.perseus-eng2.xml,,On Hunting,Xenophon,"E. C. Marchant, G. W. Bowersock, tr. Constitution of the
					Athenians.","Harvard University Press, Cambridge, MA; William Heinemann,
								Ltd., London.",1925,English,110281,data/tlg0032/tlg014,data
tlg0032.tlg003.perseus-eng2.xml,,Economics,Xenophon,,"Harvard University Press, Cambridge,
                                                  MA; William Heinemann, Ltd., London.",1979,English,403561,data/tlg0032/tlg003,data
tlg0032.tlg003.perseus-grc2.xml,urn:cts:greekLit:tlg0032.tlg003.perseus-grc2,Economics,Xenophon,,"Oxford, Clarendon Press",1921 (repr. 1971),Greek,253101,data/tlg0032/tlg003,data
tlg0032.tlg004.perseus-grc2.xml,urn:cts:greekLit:tlg0032.tlg004.perseus-grc2,Symposium,Xenophon,,"Oxford, Clarendon Press",1921 (repr. 1971),Greek,155224,data/tlg0032/tlg004,data
tlg0032.tlg004.perseus-eng2.xml,,Symposium,Xenophon,,"Harvard University Press, Cambridge,
                                                  MA; William Heinemann, Ltd., London.",1979,English,245292,data/tlg0032/tlg004,data
tlg0032.tlg005.perseus-grc2.xml,urn:cts:greekLit:tlg0032.tlg005.perseus-grc2,Apology,Xenophon,,"Oxford, Clarendon Press",1921 (repr. 1971),Greek,31547,data/tlg0032/tlg005,data
tlg0032.tlg005.perseus-eng2.xml,,Apology,Xenophon,,"Harvard University Press, Cambridge, MA; William Heinemann,
                                Ltd., London.",1979,English,34251,data/tlg0032/tlg005,data
tlg0032.tlg002.perseus-eng2.xml,,Memorabilia,Xenophon,E. C. Marchant,"Harvard University Press, Cambridge, MA; William Heinemann,
                                Ltd., London.",1923,English,632833,data/tlg0032/tlg002,data
tlg0032.tlg002.perseus-grc2.xml,urn:cts:greekLit:tlg0032.tlg002.perseus-grc2,Memorabilia,Xenophon,,"Oxford, Clarendon Press",1921 (repr. 1971),Greek,511738,data/tlg0032/tlg002,data
tlg0032.tlg011.perseus-grc2.xml,urn:cts:greekLit:tlg0032.tlg011.perseus-grc2,Ways and Means,Xenophon,,"Oxford, Clarendon Press",1920 (repr.1969),Greek,60240,data/tlg0032/tlg011,data
tlg0032.tlg011.perseus-eng2.xml,,Ways and Means,Xenophon,"E. C. Marchant, G. W. Bowersock, tr. Constitution of the
					Athenians.","Harvard University Press, Cambridge, MA; William Heinemann,
								Ltd., London.",1925,English,47497,data/tlg0032/tlg011,data
tlg0032.tlg010.perseus-grc2.xml,urn:cts:greekLit:tlg0032.tlg010.perseus-grc2,Constitution of the Lacedaemonians,Xenophon,,"Oxford, Clarendon Press",1920 (repr.1969),Greek,77986,data/tlg0032/tlg010,data
tlg0032.tlg010.perseus-eng2.xml,,Constitution of the Lacedaemonians,Xenophon,"E. C. Marchant, G. W. Bowersock, tr. Constitution of the
					Athenians.","Harvard University Press, Cambridge, MA; William Heinemann,
								Ltd., London.",1925,English,66461,data/tlg0032/tlg010,data
tlg1319.tlg002.1st1K-grc1.xml,urn:cts:greekLit:tlg1319.tlg002.1st1K-grc1,Fragmenta,Diogenes of Apollonia,Hermann Diels,Weidmann,1922,Greek,22527,data/tlg1319/tlg002,data
tlg0035.tlg001.perseus-grc2.xml,urn:cts:greekLit:tlg0035.tlg001.perseus-grc2,Ἔρως δραπέτης,Moschus,J. M. Edmonds,"William Heinemann, Ltd.",1916,Greek,8559,data/tlg0035/tlg001,data
tlg0035.tlg003.perseus-grc2.xml,urn:cts:greekLit:tlg0035.tlg003.perseus-grc2,Ἐπιτάφιος Βίωνος,Moschus,J. M. Edmonds,"William Heinemann, Ltd.",1916,Greek,23458,data/tlg0035/tlg003,data
tlg0035.tlg004.perseus-grc2.xml,urn:cts:greekLit:tlg0035.tlg004.perseus-grc2,Μεγάρα,Moschus,J. M. Edmonds,"William Heinemann, Ltd.",1916,Greek,25595,data/tlg0035/tlg004,data
tlg0035.tlg005.perseus-grc2.xml,urn:cts:greekLit:tlg0035.tlg005.perseus-grc2,Fragmenta,Moschus,J. M. Edmonds,"William Heinemann, Ltd.",1916,Greek,9458,data/tlg0035/tlg005,data
tlg0035.tlg002.perseus-grc2.xml,urn:cts:greekLit:tlg0035.tlg002.perseus-grc2,Εὐρώπη,Moschus,J. M. Edmonds,"William Heinemann, Ltd.",1916,Greek,30460,data/tlg0035/tlg002,data
tlg1548.tlg001.1st1K-grc1.xml,urn:cts:greekLit:tlg1548.tlg001.1st1K-grc1,Fragmenta,Oenomaus of Gadara,Friedrich Wilhelm August Mullach,Firmin-Didot,1881,Greek,112805,data/tlg1548/tlg001,data
tlg0655.tlg001.perseus-grc2.xml,urn:cts:greekLit:tlg0655.tlg001.perseus-grc2,Ἐρωτικὰ Παθήματα,Parthenius,Rudolf Hercher,Teubner,1858,Greek,111282,data/tlg0655/tlg001,data
tlg0003.tlg001.perseus-grc2.xml,urn:cts:greekLit:tlg0003.tlg001.perseus-grc2,Ἱστορίαι,Thucydides,Henry Stuart Jones,Oxford University Press,1910,greek,2841016,data/tlg0003/tlg001,data
tlg0003.tlg001.1st1K-ger3.xml,,Geschichte des Peloponnesischen Krieges,Thucydides,Theodor Braun,Insel-Verlag,1917,deu,1982229,data/tlg0003/tlg001,data
tlg0003.tlg001.1st1K-ger2.xml,,Geschichte des Peloponnesischen Kriegs,Thucydides,Adolf Wahrmund,Krais and Hoffmann,1864,deu,2131680,data/tlg0003/tlg001,data
tlg0003.tlg001.1st1K-ger1.xml,,Vier Staatsreden aus Thucydides,Thucydides,Heinrich Gürsching,Wirth,1856,deu,76100,data/tlg0003/tlg001,data
tlg0003.tlg001.1st1K-ger4.xml,,Die Rede des Perikles für die Gefallenen,Thucydides,Rudolf G. Binding,Hanns Marxen,1937,deu,30153,data/tlg0003/tlg001,data
tlg0003.tlg001.perseus-eng6.xml,,History of the Peloponnesian War,Thucydides,Richard Crawley,J. M. Dent and Sons Ltd.,1914,English,1893152,data/tlg0003/tlg001,data
tlg0003.tlg001.perseus-eng4.xml,,The History of the Grecian War,Thucydides,Thomas Hobbes,John Bohn,1843,English,1854033,data/tlg0003/tlg001,data
tlg0003.tlg001.1st1K-lat2.xml,,Historia Belli Peloponnesiaci,Thucydides,Friedrich Haase,Didot,1869,Latin,1644488,data/tlg0003/tlg001,data
tlg0003.tlg001.1st1K-ita1.xml,,Della storia di Tucidide volgarizzata libri otto.,Thucydides,Anonymous,Tipografia Galileiana,1835,ita,1345623,data/tlg0003/tlg001,data
tlg0003.tlg001.1st1K-eng1.xml,,The Peloponnesian War,Thucydides,Charles Foster Smith,Heinemann,1919-1923,English,1975059,data/tlg0003/tlg001,data
tlg0003.tlg001.1st1K-fre2.xml,,Histoire de la Guerre du Péloponnèse,Thucydides,Marie Charles Zévort,Charpentier,1852,fre,1766397,data/tlg0003/tlg001,data
tlg0003.tlg001.1st1K-eng2.xml,,History of the Peloponnesian War,Thucydides,Henry Dale,H. G. Bohn,1851,English,2003427,data/tlg0003/tlg001,data
tlg0003.tlg001.1st1K-fre1.xml,,Histoire de la Guerre du Péloponèse,Thucydides,Élie-Ami Bétant,Hachette,1863,fre,1612270,data/tlg0003/tlg001,data
tlg4033.tlg003.1st1K-grc1.xml,urn:cts:greekLit:tlg4033.tlg003.1st1K-grc1,In ethica Nicomachea paraphrasis,Anonymi In Aristotelis Ethica Nicomachea,Gustav Heylbut,Reimer,1889,Greek,1483598,data/tlg4033/tlg003,data
tlg4034.tlg006.1st1K-grc1.xml,,In Librum Quintum Ethicorum Nicomacheorum Commentarium,Michael of Ephesus,Michael Hayduck,Reimer,1901,Greek,410912,data/tlg4034/tlg006,data
tlg4034.tlg003.1st1K-grc1.xml,urn:cts:greekLit:tlg4034.tlg003.1st1K-grc1,In libros de partibus animalium,Michael of Ephesus,Michael Hayduck,Reimer,1904,Greek,555856,data/tlg4034/tlg003,data
tlg4034.tlg004.1st1K-grc1.xml,urn:cts:greekLit:tlg4034.tlg004.1st1K-grc1,In Librum De Animalium Motione Commentarium,Michael of Ephesius,Michael Hayduck,Reimer,1904,Greek,153654,data/tlg4034/tlg004,data
tlg4034.tlg005.1st1K-grc1.xml,urn:cts:greekLit:tlg4034.tlg005.1st1K-grc1,In Librum De Animalium Incessu Commentarium,Michael of Ephesus,Michael Hayduck,Reimer,1904,Greek,204647,data/tlg4034/tlg005,data
tlg4034.tlg002.1st1K-grc1.xml,urn:cts:greekLit:tlg4034.tlg002.1st1K-grc1,In parva naturalia commentaria,Michael Ephesius,Paul Wendland,Reimer,1903,Greek,797305,data/tlg4034/tlg002,data
tlg0004.tlg001.perseus-grc2.xml,urn:cts:greekLit:tlg0004.tlg001.perseus-grc2,Βίοι καὶ γνῶμαι τῶν ἐν φιλοσοφίᾳ εὐδοκιμησάντων,Diogenes Laertius,R. D. Hicks,Harvard University Press,1925,Greek,1659557,data/tlg0004/tlg001,data
tlg0004.tlg001.perseus-eng2.xml,,Lives of Eminent Philosophers,Diogenes Laertius,R. D. Hicks,Harvard University Press,1925,English,1355908,data/tlg0004/tlg001,data
tlg0652.tlg001.perseus-grc2.xml,urn:cts:greekLit:tlg0652.tlg001.perseus-grc2,Εἰκόνες,Philostratus Minor,Carl Ludwig Kayser,Teubner,1871,Greek,93356,data/tlg0652/tlg001,data
tlg0058.tlg001.perseus-grc2.xml,urn:cts:greekLit:tlg0058.tlg001.perseus-grc2,Περὶ τοῦ πῶς χρὴ πολιορκουμένους ἀντέχειν,Aeneas Tacticus,William Abbott Oldfather,William Heinemann; G. P. Putnam's Sons,1923,Greek,210313,data/tlg0058/tlg001,data
tlg0067.tlg001.1st1K-grc1.xml,urn:cts:greekLit:tlg0067.tlg001.1st1K-grc1,Ex Agatharchidis De Maris Erythraeo Libri Excerpta,Agatharchides,Carolus Müllerus,Ambroise-Firmin Didot,1855,Greek,348043,data/tlg0067/tlg001,data
tlg0093.tlg010x04.1st1K-grc1.xml,urn:cts:greekLit:tlg0093.tlg010x04.1st1K-grc1,Περί Κόπων,Theophrastus,Friedrich Wimmer,A.F. Didot,1866,Greek,20966,data/tlg0093/tlg010x04,data
tlg0093.tlg010x03.1st1K-grc1.xml,urn:cts:greekLit:tlg0093.tlg010x03.1st1K-grc1,Περί Σημείων Ὑδάτων και Pνευμάτων και Xειμώνων και Εὐδιών,Theophrastus,Friedrich Wimmer,A.F. Didot,1866,Greek,53635,data/tlg0093/tlg010x03,data
tlg0093.tlg010x02.1st1K-grc1.xml,urn:cts:greekLit:tlg0093.tlg010x02.1st1K-grc1,Περί Ανέμων,Theophrastus,Friedrich Wimmer,A.F. Didot,1866,Greek,73883,data/tlg0093/tlg010x02,data
tlg0093.tlg010x05.1st1K-grc1.xml,urn:cts:greekLit:tlg0093.tlg010x05.1st1K-grc1,Περί Ἰλίγγων,Theophrastus,Friedrich Wimmer,A.F. Didot,1866,Greek,15024,data/tlg0093/tlg010x05,data
tlg0093.tlg009.perseus-grc2.xml,urn:cts:greekLit:tlg0093.tlg009.perseus-grc2,Χαρακτῆρες,Theophrastus,Hermann Diels,Clarendon Press,1909,Greek,138112,data/tlg0093/tlg009,data
tlg0093.tlg001.1st1K-grc1.xml,urn:cts:greekLit:tlg0093.tlg001.1st1K-grc1,Enquiry into Plants,Theophrastus,Arthur Hort,William Heinemann,1916,Greek,1035237,data/tlg0093/tlg001,data
tlg0093.tlg006.1st1K-grc1.xml,urn:cts:greekLit:tlg0093.tlg006.1st1K-grc1,Ἐκ τῶν μετὰ τὰ φυσικά,Theophrastus,Friedrich Wimmer,Teubner,1862,Greek,46992,data/tlg0093/tlg006,data
tlg0093.ogl001.1st1K-grc1.xml,urn:cts:greekLit:tlg0093.ogl001.1st1K-grc1,Concerning Odours,Theophrastus,Arthur Hort,Harvard University Press,1927,Greek,80012,data/tlg0093/ogl001,data
tlg0093.tlg010x07.1st1K-grc1.xml,urn:cts:greekLit:tlg0093.tlg010x07.1st1K-grc1,Περί Λειποψυχίας,Theophrastus,Friedrich Wimmer,A.F. Didot,1866,Greek,7269,data/tlg0093/tlg010x07,data
tlg0093.tlg010x09.1st1K-grc1.xml,urn:cts:greekLit:tlg0093.tlg010x09.1st1K-grc1,Fragmenta varia (13-190),Theophrastus,Friedrich Wimmer,A.F. Didot,1866,Greek,216224,data/tlg0093/tlg010x09,data
tlg0093.tlg010x08.1st1K-grc1.xml,urn:cts:greekLit:tlg0093.tlg010x08.1st1K-grc1,Περὶ Παραλύσεως,Theophrastus,Friedrich Wimmer,A.F. Didot,1866,Greek,4604,data/tlg0093/tlg010x08,data
tlg0093.tlg010x06.1st1K-grc1.xml,urn:cts:greekLit:tlg0093.tlg010x06.1st1K-grc1,Περί Ἰδρώτων,Theophrastus,Friedrich Wimmer,A.F. Didot,1866,Greek,34233,data/tlg0093/tlg010x06,data
tlg0093.tlg010x01.1st1K-grc1.xml,urn:cts:greekLit:tlg0093.tlg010x01.1st1K-grc1,Περί Ὀσμών,Theophrastus,Friedrich Wimmer,A.F. Didot,1866,Greek,73705,data/tlg0093/tlg010x01,data
tlg0093.tlg003.1st1K-grc1.xml,urn:cts:greekLit:tlg0093.tlg003.1st1K-grc1,De sensu et sensibilibus,Theophrastus,Friedrich Wimmer,Teubner,1862,Greek,109644,data/tlg0093/tlg003,data
tlg0093.tlg004.1st1K-grc1.xml,urn:cts:greekLit:tlg0093.tlg004.1st1K-grc1,De lapidibus,Theophrastus,Friedrich Wimmer,Teubner,1862,Greek,55082,data/tlg0093/tlg004,data
tlg0093.tlg005.1st1K-grc1.xml,urn:cts:greekLit:tlg0093.tlg005.1st1K-grc1,Περὶ πυρός,Theophrastus,Friedrich Wimmer,Teubner,1862,Greek,89561,data/tlg0093/tlg005,data
tlg0093.tlg002.1st1K-grc1.xml,urn:cts:greekLit:tlg0093.tlg002.1st1K-grc1,Περὶ φυτῶν αἰτιῶν,Theophrastus,Friedrich Wimmer,Teubner,1854,Greek,903179,data/tlg0093/tlg002,data
tlg0093.ogl002.1st1K-grc1.xml,urn:cts:greekLit:tlg0093.ogl002.1st1K-grc1,Enquiry into Plants,Theophrastus,Arthur Hort,Harvard University Press,1927,Greek,59282,data/tlg0093/ogl002,data
tlg0609.tlg001.1st1K-grc1.xml,urn:cts:greekLit:tlg0609.tlg001.1st1K-grc1,Περὶ τρόπων,Tryphon I Grammaticus,Leonhard von Spengel,Teubner,1856,Greek,59312,data/tlg0609/tlg001,data
tlg0094.tlg001.1st1K-eng1.xml,,"On the Naming of Rivers, Mountains, and Things Found in Them",Pseudo-Plutarch,Greta Hawes,Center for Hellenic Studies,07/06/2022,English,66150,data/tlg0094/tlg001,data
tlg0094.tlg001.perseus-eng2.xml,,"Of the Names of Rivers and Mountains, and of Such Things as are to be Found Therein",Pseudo-Plutarch,William W. Goodwin,"Little, Brown, and Company",1874,English,70952,data/tlg0094/tlg001,data
tlg0094.tlg001.1st1K-grc1.xml,urn:cts:greekLit:tlg0094.tlg001.1st1K-grc1,De Fluviis,Pseudo-Plutarch,Carolus Müllerus,Ambroise-Firmin Didot,1861,Greek,103670,data/tlg0094/tlg001,data
tlg0094.tlg003.perseus-eng2.xml,,Of Those Sentiments Concerning Nature with which Philosophers were Delighted,Pseudo-Plutarch,William W. Goodwin,"Little, Brown, and Company",1874,English,171485,data/tlg0094/tlg003,data
tlg0094.tlg003.perseus-grc2.xml,urn:cts:greekLit:tlg0094.tlg003.perseus-grc2,Περὶ τῶν ἀρεσκόντων τοῖς φιλοσόφοις φυσικῶν δογμάτων,Pseudo-Plutarch,Grēgorios N. Vernardakēs,Teubner,1888,Greek,265755,data/tlg0094/tlg003,data
tlg0094.tlg002.perseus-eng2.xml,,Concerning Music,Pseudo-Plutarch,William W. Goodwin,"Little, Brown, and Company",1874,English,81653,data/tlg0094/tlg002,data
tlg0094.tlg002.perseus-grc2.xml,urn:cts:greekLit:tlg0094.tlg002.perseus-grc2,περὶ Μουσικῆς,Pseudo-Plutarch,Grēgorios N. Vernardakēs,Teubner,1895,Greek,121308,data/tlg0094/tlg002,data
tlg1146.tlg001.1st1K-grc1.xml,urn:cts:greekLit:tlg1146.tlg001.1st1K-grc1,Testimonia et Fragmenta.,Antipater Tarsensis,Hans Friedrich August von Arnim,Teubner,1903,Greek,66304,data/tlg1146/tlg001,data
tlg0060.tlg001.perseus-grc5.xml,urn:cts:greekLit:tlg0060.tlg001.perseus-grc5,Βιβλιοθήκη Ἱστορική (Books 1-5),Diodorus Siculus,Immanuel Bekker,Teubner,1888-1890,Greek,1951980,data/tlg0060/tlg001,data
tlg0060.tlg001.perseus-grc4.xml,urn:cts:greekLit:tlg0060.tlg001.perseus-grc4,Βιβλιοθήκη Ἱστορική (Books 11-17),Diodorus Siculus,C. H. Oldfather,Harvard University Press,1946-1963,Greek,3066602,data/tlg0060/tlg001,data
tlg0060.tlg001.perseus-grc6.xml,urn:cts:greekLit:tlg0060.tlg001.perseus-grc6,Βιβλιοθήκη Ἱστορική (Books 18-20),Diodorus Siculus,Immanuel Bekker,Teubner,1903-1906,Greek,1330612,data/tlg0060/tlg001,data
tlg0636.tlg001.1st1K-grc1.xml,urn:cts:greekLit:tlg0636.tlg001.1st1K-grc1,Epistulae,Socrates Epistulae,Rudolf Hercher,A. F. Didot,1873,Greek,51932,data/tlg0636/tlg001,data
tlg1719.tlg001.1st1K-grc1.xml,urn:cts:greekLit:tlg1719.tlg001.1st1K-grc1,Sphaerica,Theodosius of Bithynia,Ernst Nizze,G. Reimer,1852,Greek,312404,data/tlg1719/tlg001,data
tlg0069.tlg001.1st1K-grc1.xml,urn:cts:greekLit:tlg0069.tlg001.1st1K-grc1,Dionysii Calliphontis filii Descriptio Graeciae,Dionysius Calliphontis,Carolus Müllerus,Ambroise-Firmin Didot,1855,Greek,26739,data/tlg0069/tlg001,data
tlg1389.tlg001.perseus-grc2.xml,urn:cts:greekLit:tlg1389.tlg001.perseus-grc2,Lexicon in decem oratores Atticos,"Harpocration, Valerius",Wilhelm Dindorf,E Typographeo Academico,1853,Latin,941109,data/tlg1389/tlg001,data
tlg0638.tlg007.perseus-grc2.xml,urn:cts:greekLit:tlg0638.tlg007.perseus-grc2,Γυμναστικός,Philostratus the Athenian,Carl Ludwig Kayser,Teubner,1871,Greek,106300,data/tlg0638/tlg007,data
tlg0638.tlg001.perseus-grc2.xml,urn:cts:greekLit:tlg0638.tlg001.perseus-grc2,Τὰ ἐς τὸν Τυανέα Ἀπολλώνιον,Philostratus the Athenian,Carl Ludwig Kayser,Teubner,1870,Greek,1068114,data/tlg0638/tlg001,data
tlg0638.tlg006.perseus-grc2.xml,urn:cts:greekLit:tlg0638.tlg006.perseus-grc2,Ἐπιστολαί. Διαλέξεις.,Philostratus the Athenian,Carl Ludwig Kayser,Teubner,1871,Greek,104643,data/tlg0638/tlg006,data
tlg0638.tlg003.perseus-grc2.xml,urn:cts:greekLit:tlg0638.tlg003.perseus-grc2,Βίοι Σοφιστῶν,Philostratus the Athenian,Carl Ludwig Kayser,Teubner,1871,Greek,405514,data/tlg0638/tlg003,data
tlg0638.tlg004.perseus-grc2.xml,urn:cts:greekLit:tlg0638.tlg004.perseus-grc2,Ἡρωικός,Philostratus the Athenian,Carl Ludwig Kayser,Teubner,1871,Greek,300681,data/tlg0638/tlg004,data
tlg0638.tlg005.perseus-grc2.xml,urn:cts:greekLit:tlg0638.tlg005.perseus-grc2,Νέρων,Philostratus the Athenian,Carl Ludwig Kayser,Teubner,1871,Greek,17383,data/tlg0638/tlg005,data
tlg0607.tlg001.1st1K-grc1.xml,urn:cts:greekLit:tlg0607.tlg001.1st1K-grc1,Progymnasmata,Aelius Theon,Leonhard von Spengel,,1855,Greek,155416,data/tlg0607/tlg001,data
tlg0005.tlg001.perseus-grc2.xml,urn:cts:greekLit:tlg0005.tlg001.perseus-grc2,Εἰδύλλια,Theocritus,Roger James Cholmeley,"George Bell and Sons, Ltd.",1901-1919,Greek,473297,data/tlg0005/tlg001,data
tlg0005.tlg003.1st1K-grc1.xml,urn:cts:greekLit:tlg0005.tlg003.1st1K-grc1,Syrinx,Theocritus,A. S. F. Gow,Clarendon Press,1952,Greek,6807,data/tlg0005/tlg003,data
tlg0005.tlg002.perseus-grc2.xml,urn:cts:greekLit:tlg0005.tlg002.perseus-grc2,Ἐπιγράμματα,Theocritus,Roger James Cholmeley,"George Bell and Sons, Ltd.",1901-1919,Greek,53374,data/tlg0005/tlg002,data
tlg0653.tlg001.perseus-grc2.xml,urn:cts:greekLit:tlg0653.tlg001.perseus-grc2,Φαινόμενα,Aratus Solensis,Gilbert Robinson Mair,William Heinemann,1921,Greek,192593,data/tlg0653/tlg001,data
tlg1311.tlg001.1st1K-grc1.xml,urn:cts:greekLit:tlg1311.tlg001.1st1K-grc1,Didache XII Apostolorum,Anonymus,Kirsopp Lake,William Heinemann,1912,Greek,45288,data/tlg1311/tlg001,data
tlg1311.tlg001.perseus-eng1.xml,,"The Didache, or Teaching of the Twelve Apostles.",,Kirsopp Lake,"Cambridge, MA, Harvard University Press; London, William Heinemann
                Ltd.",1912,English,30557,data/tlg1311/tlg001,data
tlg1329.tlg001.1st1K-grc1.xml,urn:cts:greekLit:tlg1329.tlg001.1st1K-grc1,Fragmenta,Dionysius Corinthius,Martin Joseph Routh,Oxford University Press,1846,Greek,16068,data/tlg1329/tlg001,data
tlg1320.tlg001.1st1K-grc1.xml,urn:cts:greekLit:tlg1320.tlg001.1st1K-grc1,Testimonia et fragmenta,Diogenes Babylonius,Hans Friedrich August von Arnim,Teubner,1903,Greek,164388,data/tlg1320/tlg001,data
tlg0034.tlg001.perseus-eng2.xml,,Against Leocrates,Lycurgus,J. O. Burtt,"William Heinemann, Ltd.",1954,English,144255,data/tlg0034/tlg001,data
tlg0034.tlg001.perseus-grc2.xml,urn:cts:greekLit:tlg0034.tlg001.perseus-grc2,Κατὰ Λεωκράτους,Lycurgus,J. O. Burtt,"William Heinemann, Ltd.",1954,Greek,226321,data/tlg0034/tlg001,data
tlg2135.tlg001.1st1K-grc1.xml,urn:cts:greekLit:tlg2135.tlg001.1st1K-grc1,Isagoge musica,Alypius,Karl von Jan,Teubner,1895,Greek,88083,data/tlg2135/tlg001,data
tlg0033.tlg001.perseus-eng2.xml,,Olympian Odes,Pindar,Diane Arnson Svarlien,Perseus Project,1990,English,107114,data/tlg0033/tlg001,data
tlg0033.tlg001.perseus-grc2.xml,urn:cts:greekLit:tlg0033.tlg001.perseus-grc2,Ὀλυμπιονῖκαι,Pindar,,Harvard University Press; William Heinemann Ltd.,1937,Greek,195552,data/tlg0033/tlg001,data
tlg0033.tlg003.perseus-grc2.xml,urn:cts:greekLit:tlg0033.tlg003.perseus-grc2,Νεμεονῖκαι,Pindar,,Harvard University Press; William Heinemann Ltd.,1937,Greek,157278,data/tlg0033/tlg003,data
tlg0033.tlg003.perseus-eng2.xml,,Nemean Odes,Pindar,Diane Arnson Svarlien,Perseus Project,1990,English,88726,data/tlg0033/tlg003,data
tlg0033.tlg004.perseus-eng2.xml,,Isthmian Odes,Pindar,Diane Arnson Svarlien,Perseus Project,1990,English,55457,data/tlg0033/tlg004,data
tlg0033.tlg004.perseus-grc2.xml,urn:cts:greekLit:tlg0033.tlg004.perseus-grc2,Ἰσθμιονῖκαι,Pindar,,Harvard University Press; William Heinemann Ltd.,1937,Greek,98450,data/tlg0033/tlg004,data
tlg0033.tlg002.perseus-grc2.xml,urn:cts:greekLit:tlg0033.tlg002.perseus-grc2,Πυθιονῖκαι,Pindar,,Harvard University Press; William Heinemann Ltd.,1937,Greek,242786,data/tlg0033/tlg002,data
tlg0033.tlg002.perseus-eng3.xml,,Pythian Odes,Pindar,Diane Arnson Svarlien,Perseus Project,1990,English,130450,data/tlg0033/tlg002,data
tlg4003.tlg001.1st1K-grc1.xml,urn:cts:greekLit:tlg4003.tlg001.1st1K-grc1,Periplus Maris Exteri,Marcianus of Heraclea,Karl Müller,Ambroise-Firmin Didot,1855,Greek,164711,data/tlg4003/tlg001,data
tlg4003.tlg003.1st1K-grc1.xml,urn:cts:greekLit:tlg4003.tlg003.1st1K-grc1,Artemidori Geographia (Epitome Marciani),Marcianus of Heraclea,Karl Müller,Ambroise-Firmin Didot,1855,Greek,19666,data/tlg4003/tlg003,data
tlg4003.tlg002.1st1K-grc1.xml,urn:cts:greekLit:tlg4003.tlg002.1st1K-grc1,Menippi periplus maris interni (epitome Marciani),Marcianus of Heraclea,Karl Müller,Ambroise-Firmin Didot,1855,Greek,53362,data/tlg4003/tlg002,data
tlg9007.tlg001.1st1K-grc1.xml,urn:cts:greekLit:tlg9007.tlg001.1st1K-grc1,Appendix Proverbiorum,,Ernst von Leutsch,Vandenhoeck and Ruprecht,1839,Latin,170870,data/tlg9007/tlg001,data
tlg0525.tlg001.perseus-grc2.xml,urn:cts:greekLit:tlg0525.tlg001.perseus-grc2,Ἑλλάδος Περιηγήσεως,Pausanias,Friedrich Spiro,Teubner,1903,Greek,2988101,data/tlg0525/tlg001,data
tlg0525.tlg001.perseus-eng2.xml,,Description of Greece,Pausanias,W.H.S. Jones,Harvard University Press,1918-1935,English,2078937,data/tlg0525/tlg001,data
tlg2040.tlg004.perseus-grc2.xml,urn:cts:greekLit:tlg2040.tlg004.perseus-grc2,Epistulae,"Basil, Saint, Bishop of Caesarea",Roy J. Deferrari,William Heinemann,1926-1934,Greek,2090228,data/tlg2040/tlg004,data
tlg2040.tlg002.perseus-grc2.xml,urn:cts:greekLit:tlg2040.tlg002.perseus-grc2,"Πρὸς τοὺς νέους, ὅπως ἂν ἐξ Ἑλληνικῶν ὠφελοῖντο λόγων","Basil, Saint, Bishop of Caesarea",Roy J. Deferrari,William Heinemann,1934,Greek,81966,data/tlg2040/tlg002,data
tlg1252.tlg002.1st1K-grc1.xml,urn:cts:greekLit:tlg1252.tlg002.1st1K-grc1,Certamen Homeri et Hesiodi,,Thomas W. Allen,Clarendon,1912,Greek,47100,data/tlg1252/tlg002,data
tlg0719.tlg001.perseus-eng2.xml,,On the Causes and Symptoms of Acute Diseases,Aretaeus of Cappadocia,Francis Adams,Syndenham Society,1856,English,91114,data/tlg0719/tlg001,data
tlg0719.tlg001.perseus-grc2.xml,urn:cts:greekLit:tlg0719.tlg001.perseus-grc2,Περὶ αἰτίων καὶ σημείων ὀξέων παθών,Aretaeus of Cappadocia,Francis Adams,Syndenham Society,1856,Greek,146144,data/tlg0719/tlg001,data
tlg0719.tlg003.perseus-grc2.xml,urn:cts:greekLit:tlg0719.tlg003.perseus-grc2,Ὀξέων νούσων θεραπευτικόν,Aretaeus of Cappadocia,Francis Adams,Syndenham Society,1856,Greek,223719,data/tlg0719/tlg003,data
tlg0719.tlg003.perseus-eng2.xml,,On the Therapeutics of Acute Diseases,Aretaeus of Cappadocia,Francis Adams,Syndenham Society,1856,English,154688,data/tlg0719/tlg003,data
tlg0719.tlg004.perseus-eng2.xml,,On the Cure of Chronic Diseases,Aretaeus of Cappadocia,Francis Adams,Syndenham Society,1856,English,80221,data/tlg0719/tlg004,data
tlg0719.tlg004.perseus-grc2.xml,urn:cts:greekLit:tlg0719.tlg004.perseus-grc2,Χρονίων νούσων θεραπευτικών,Aretaeus of Cappadocia,Francis Adams,Syndenham Society,1856,Greek,113011,data/tlg0719/tlg004,data
tlg0719.tlg002.perseus-grc2.xml,urn:cts:greekLit:tlg0719.tlg002.perseus-grc2,Περὶ αἰτίων καὶ σημείων χρονίων παθῶν,Aretaeus of Cappadocia,Francis Adams,Syndenham Society,1856,Greek,255736,data/tlg0719/tlg002,data
tlg0719.tlg002.perseus-eng2.xml,,On the Causes and Symptoms of Chronic Diseases,Aretaeus of Cappadocia,Francis Adams,Syndenham Society,1856,English,164417,data/tlg0719/tlg002,data
tlg1600.tlg001.perseus-grc2.xml,urn:cts:greekLit:tlg1600.tlg001.perseus-grc2,Εἰκόνες,Philostratus Sophista,Carl Ludwig Kayser,Teubner,1871,Greek,294463,data/tlg1600/tlg001,data
tlg1264.tlg001.1st1K-grc1.xml,urn:cts:greekLit:tlg1264.tlg001.1st1K-grc1,Fragmenta Logica et Physica,Chrysippus,Hans Friedrich August von Arnim,Teubner,1903,Greek,1584661,data/tlg1264/tlg001,data
tlg1264.tlg003.1st1K-grc1.xml,urn:cts:greekLit:tlg1264.tlg003.1st1K-grc1,"Fragmenta Chrysippi, quae ad explicationem carminum Homericorum pertinent.",Chrysippus,Hans Friedrich August von Arnim,Teubner,1903,Greek,9431,data/tlg1264/tlg003,data
tlg1264.tlg004.1st1K-grc1.xml,urn:cts:greekLit:tlg1264.tlg004.1st1K-grc1,Fragmenta ad singulos libros relata,Chrysippus,Hans Friedrich August von Arnim,Teubner,1903,Greek,78874,data/tlg1264/tlg004,data
tlg1264.tlg002.1st1K-grc1.xml,urn:cts:greekLit:tlg1264.tlg002.1st1K-grc1,Fragmenta Moralia,Chrysippus,Hans Friedrich August von Arnim,Teubner,1903,Greek,901500,data/tlg1264/tlg002,data
tlg2049.tlg001.1st1K-grc1.xml,urn:cts:greekLit:tlg2049.tlg001.1st1K-grc1,De Deis et Mundo,Sallustius,Friedrich Wilhelm August Mullach,Firmin-Didot,1881,Greek,69181,data/tlg2049/tlg001,data
tlg2022.tlg009.1st1K-grc1.xml,urn:cts:greekLit:tlg2022.tlg009.1st1K-grc1,De Filio (Orat. 29),Gregory of Nazianzus,Arthur James Mason,Cambridge University Press,1899,Greek,140461,data/tlg2022/tlg009,data
tlg2022.tlg007.1st1K-grc1.xml,urn:cts:greekLit:tlg2022.tlg007.1st1K-grc1,Adversus Eunomianos (orat. 27),Gregory of Nazianzus,Arthur James Mason,Cambridge University Press,1899,Greek,85454,data/tlg2022/tlg007,data
tlg2022.tlg008.1st1K-grc1.xml,urn:cts:greekLit:tlg2022.tlg008.1st1K-grc1,De Theologia (Orat. 28),Gregorius Nazianzenus,Arthur James Mason,Cambridge University Press,1899,Greek,209893,data/tlg2022/tlg008,data
tlg2022.tlg003.1st1K-grc1.xml,urn:cts:greekLit:tlg2022.tlg003.1st1K-grc1,Christus patiens [Dub.] (fort. auctore Constantino Manasse),Gregory of Nazianzus,Johann Georg Brambs,Teubner,1885,Greek,404035,data/tlg2022/tlg003,data
tlg2022.tlg060.1st1K-grc1.xml,urn:cts:greekLit:tlg2022.tlg060.1st1K-grc1,Sententiae = (Carmen morale XXX),pseudo-Menander,Manfred Ullmann,Kommissionsverlag Franz Steiner,1961,Greek,6890,data/tlg2022/tlg060,data
tlg2022.tlg011.1st1K-grc1.xml,urn:cts:greekLit:tlg2022.tlg011.1st1K-grc1,De Spiritu Sancto (Orat. 31),Gregory of Nazianzus,Arthur James Mason,Cambridge University Press,1899,Greek,184457,data/tlg2022/tlg011,data
tlg2022.tlg010.1st1K-grc1.xml,urn:cts:greekLit:tlg2022.tlg010.1st1K-grc1,De Filio (Orat. 30),Gregorius Nazianzenus,Arthur James Mason,Cambridge University Press,1899,Greek,147773,data/tlg2022/tlg010,data
tlg0540.tlg009.perseus-eng2.xml,,For The Soldier,Lysias,W.R.M. Lamb,William Heinemann Ltd.,1930,English,14552,data/tlg0540/tlg009,data
tlg0540.tlg009.perseus-grc2.xml,urn:cts:greekLit:tlg0540.tlg009.perseus-grc2,ὑπὲρ τοῦ στρατιωτοῦ,Lysias,W.R.M. Lamb,William Heinemann Ltd.,1930,Greek,21236,data/tlg0540/tlg009,data
tlg0540.tlg031.perseus-grc2.xml,urn:cts:greekLit:tlg0540.tlg031.perseus-grc2,κατὰ Φίλωνος δοκιμασίας,Lysias,W.R.M. Lamb,William Heinemann Ltd.,1930,Greek,35290,data/tlg0540/tlg031,data
tlg0540.tlg031.perseus-eng2.xml,,Against Philon,Lysias,W.R.M. Lamb,William Heinemann Ltd.,1930,English,20495,data/tlg0540/tlg031,data
tlg0540.tlg007.perseus-eng2.xml,,Before the Areopagus: Defense in the Matter of the Olive Stump,Lysias,W.R.M. Lamb,William Heinemann Ltd.,1930,English,25128,data/tlg0540/tlg007,data
tlg0540.tlg007.perseus-grc2.xml,urn:cts:greekLit:tlg0540.tlg007.perseus-grc2,Ἀρεοπαγιτικὸς περὶ τοῦ σηκοῦ ἀπολογία,Lysias,W.R.M. Lamb,William Heinemann Ltd.,1930,Greek,41849,data/tlg0540/tlg007,data
tlg0540.tlg001.perseus-grc2.xml,urn:cts:greekLit:tlg0540.tlg001.perseus-grc2,ὑπὲρ τοῦ Ἐρατοσθένους φόνου ἀπολογία,Lysias,W.R.M. Lamb,William Heinemann Ltd.,1930,Greek,47154,data/tlg0540/tlg001,data
tlg0540.tlg001.perseus-eng2.xml,,On the Murder of Eratosthenes,Lysias,W.R.M. Lamb,William Heinemann Ltd.,1930,English,25768,data/tlg0540/tlg001,data
tlg0540.tlg006.perseus-eng2.xml,,Against Andocides,Lysias,W.R.M. Lamb,William Heinemann Ltd.,1930,English,33544,data/tlg0540/tlg006,data
tlg0540.tlg006.perseus-grc2.xml,urn:cts:greekLit:tlg0540.tlg006.perseus-grc2,κατ᾽ Ἀνδοκίδου ἀσεβείας,Lysias,W.R.M. Lamb,William Heinemann Ltd.,1930,Greek,50452,data/tlg0540/tlg006,data
tlg0540.tlg030.perseus-grc2.xml,urn:cts:greekLit:tlg0540.tlg030.perseus-grc2,κατὰ Νικομάχου γραμματέως εὐθυνῶν κατηγορία,Lysias,W.R.M. Lamb,William Heinemann Ltd.,1930,Greek,36641,data/tlg0540/tlg030,data
tlg0540.tlg030.perseus-eng2.xml,,Against Nicomachus,Lysias,W.R.M. Lamb,William Heinemann Ltd.,1930,English,23314,data/tlg0540/tlg030,data
tlg0540.tlg008.perseus-eng2.xml,,Accusation of Calumny,Lysias,W.R.M. Lamb,William Heinemann Ltd.,1930,English,13220,data/tlg0540/tlg008,data
tlg0540.tlg008.perseus-grc2.xml,urn:cts:greekLit:tlg0540.tlg008.perseus-grc2,κατηγορία πρὸς τοὺς συνουσιαστὰς κακολογιῶν,Lysias,W.R.M. Lamb,William Heinemann Ltd.,1930,Greek,25156,data/tlg0540/tlg008,data
tlg0540.tlg015.perseus-grc2.xml,urn:cts:greekLit:tlg0540.tlg015.perseus-grc2,κατὰ Ἀλκιβιάδου ἀστρατείας,Lysias,W.R.M. Lamb,William Heinemann Ltd.,1930,Greek,16133,data/tlg0540/tlg015,data
tlg0540.tlg015.perseus-eng2.xml,,Against Alcibiades 2,Lysias,W.R.M. Lamb,William Heinemann Ltd.,1930,English,9606,data/tlg0540/tlg015,data
tlg0540.tlg012.perseus-eng2.xml,,Against Eratosthenes,Lysias,W.R.M. Lamb,William Heinemann Ltd.,1930,English,55764,data/tlg0540/tlg012,data
tlg0540.tlg012.perseus-grc2.xml,urn:cts:greekLit:tlg0540.tlg012.perseus-grc2,"κατὰ Ερατοσθένους τοῦ γενομένου τῶν τριάκοντα, ὃν αὐτὸς εἶπε Λυσίας",Lysias,W.R.M. Lamb,William Heinemann Ltd.,1930,Greek,100891,data/tlg0540/tlg012,data
tlg0540.tlg024.perseus-grc2.xml,urn:cts:greekLit:tlg0540.tlg024.perseus-grc2,Πρὸς τὴν εἰσαγγελίαν περὶ τοῦ μὴ δίδοσθαι τῷ ἀδυνάτῳ ἀργύριον,Lysias,W.R.M. Lamb,William Heinemann Ltd.,1930,Greek,28073,data/tlg0540/tlg024,data
tlg0540.tlg024.perseus-eng2.xml,,On The Refusal Of A Pension,Lysias,W.R.M. Lamb,William Heinemann Ltd.,1930,English,17179,data/tlg0540/tlg024,data
tlg0540.tlg023.perseus-eng2.xml,,Against Pancleon,Lysias,W.R.M. Lamb,William Heinemann Ltd.,1930,English,11696,data/tlg0540/tlg023,data
tlg0540.tlg023.perseus-grc2.xml,urn:cts:greekLit:tlg0540.tlg023.perseus-grc2,κατὰ Παγκλέωνος ὅτι οὐκ ἦν Πλαταιεύς,Lysias,W.R.M. Lamb,William Heinemann Ltd.,1930,Greek,18445,data/tlg0540/tlg023,data
tlg0540.tlg022.perseus-eng2.xml,,Against The Corn-Dealers,Lysias,W.R.M. Lamb,William Heinemann Ltd.,1930,English,14946,data/tlg0540/tlg022,data
tlg0540.tlg022.perseus-grc2.xml,urn:cts:greekLit:tlg0540.tlg022.perseus-grc2,κατὰ τῶν σιτοπωλῶν,Lysias,W.R.M. Lamb,William Heinemann Ltd.,1930,Greek,23127,data/tlg0540/tlg022,data
tlg0540.tlg025.perseus-grc2.xml,urn:cts:greekLit:tlg0540.tlg025.perseus-grc2,δήμου καταλύσεως ἀπολογία,Lysias,W.R.M. Lamb,William Heinemann Ltd.,1930,Greek,39315,data/tlg0540/tlg025,data
tlg0540.tlg025.perseus-eng2.xml,,Defense Against a Charge of Subverting the Democracy,Lysias,W.R.M. Lamb,William Heinemann Ltd.,1930,English,23518,data/tlg0540/tlg025,data
tlg0540.tlg013.perseus-eng2.xml,,Against Agoratus,Lysias,W.R.M. Lamb,William Heinemann Ltd.,1930,English,54172,data/tlg0540/tlg013,data
tlg0540.tlg013.perseus-grc2.xml,urn:cts:greekLit:tlg0540.tlg013.perseus-grc2,κατὰ Ἀγοράτου ἐνδείξεως,Lysias,W.R.M. Lamb,William Heinemann Ltd.,1930,Greek,97326,data/tlg0540/tlg013,data
tlg0540.tlg014.perseus-grc2.xml,urn:cts:greekLit:tlg0540.tlg014.perseus-grc2,κατὰ Ἀλκιβιάδου λιποταξίου,Lysias,W.R.M. Lamb,William Heinemann Ltd.,1930,Greek,53443,data/tlg0540/tlg014,data
tlg0540.tlg014.perseus-eng2.xml,,Against Alcibiades 1,Lysias,W.R.M. Lamb,William Heinemann Ltd.,1930,English,28129,data/tlg0540/tlg014,data
tlg0540.tlg032.perseus-eng2.xml,,Against Diogeiton,Lysias,W.R.M. Lamb,William Heinemann Ltd.,1930,English,21891,data/tlg0540/tlg032,data
tlg0540.tlg032.perseus-grc2.xml,urn:cts:greekLit:tlg0540.tlg032.perseus-grc2,κατὰ Διογείτονος,Lysias,W.R.M. Lamb,William Heinemann Ltd.,1930,Greek,32790,data/tlg0540/tlg032,data
tlg0540.tlg003.perseus-eng2.xml,,Against Simon: Defense,Lysias,W.R.M. Lamb,William Heinemann Ltd.,1930,English,25985,data/tlg0540/tlg003,data
tlg0540.tlg003.perseus-grc2.xml,urn:cts:greekLit:tlg0540.tlg003.perseus-grc2,πρὸς Σίμωνα ἀπολογία,Lysias,W.R.M. Lamb,William Heinemann Ltd.,1930,Greek,38898,data/tlg0540/tlg003,data
tlg0540.tlg004.perseus-grc2.xml,urn:cts:greekLit:tlg0540.tlg004.perseus-grc2,"περὶ τραύματος ἐκ προνοίας, ὑπὲρ οὗ καὶ πρὸς ὃν ἄδηλον",Lysias,W.R.M. Lamb,William Heinemann Ltd.,1930,Greek,20087,data/tlg0540/tlg004,data
tlg0540.tlg004.perseus-eng2.xml,,On A Wound By Premeditation,Lysias,W.R.M. Lamb,William Heinemann Ltd.,1930,English,13479,data/tlg0540/tlg004,data
tlg0540.tlg005.perseus-grc2.xml,urn:cts:greekLit:tlg0540.tlg005.perseus-grc2,ὑπὲρ Καλλίου ἱεροσυλίας ἀπολογία,Lysias,W.R.M. Lamb,William Heinemann Ltd.,1930,Greek,8492,data/tlg0540/tlg005,data
tlg0540.tlg005.perseus-eng2.xml,,For Callias,Lysias,W.R.M. Lamb,William Heinemann Ltd.,1930,English,6351,data/tlg0540/tlg005,data
tlg0540.tlg002.perseus-eng2.xml,,Funeral Oration,Lysias,W.R.M. Lamb,William Heinemann Ltd.,1930,English,46723,data/tlg0540/tlg002,data
tlg0540.tlg002.perseus-grc2.xml,urn:cts:greekLit:tlg0540.tlg002.perseus-grc2,Ἐπιτάφιος τοῖς Κορινθίων βοηθοῖς,Lysias,W.R.M. Lamb,William Heinemann Ltd.,1930,Greek,70532,data/tlg0540/tlg002,data
tlg0540.tlg034.perseus-grc2.xml,urn:cts:greekLit:tlg0540.tlg034.perseus-grc2,περὶ τοῦ μὴ καταλῦσαι τὴν πάτριον πολιτείαν Αθήνησι,Lysias,W.R.M. Lamb,William Heinemann Ltd.,1930,Greek,12519,data/tlg0540/tlg034,data
tlg0540.tlg034.perseus-eng2.xml,,Against The Subversion of the Ancestral Constitution,Lysias,W.R.M. Lamb,William Heinemann Ltd.,1930,English,9072,data/tlg0540/tlg034,data
tlg0540.tlg033.perseus-eng2.xml,,Olympic Oration,Lysias,W.R.M. Lamb,William Heinemann Ltd.,1930,English,7491,data/tlg0540/tlg033,data
tlg0540.tlg033.perseus-grc2.xml,urn:cts:greekLit:tlg0540.tlg033.perseus-grc2,Ολυμπιακός,Lysias,W.R.M. Lamb,William Heinemann Ltd.,1930,Greek,11971,data/tlg0540/tlg033,data
tlg0540.tlg011.perseus-grc2.xml,urn:cts:greekLit:tlg0540.tlg011.perseus-grc2,"κατὰ θεομν́ηστου, Β",Lysias,W.R.M. Lamb,William Heinemann Ltd.,1930,Greek,14051,data/tlg0540/tlg011,data
tlg0540.tlg011.perseus-eng2.xml,,Against Theomnestus 2,Lysias,W.R.M. Lamb,William Heinemann Ltd.,1930,English,8459,data/tlg0540/tlg011,data
tlg0540.tlg016.perseus-eng2.xml,,In Defense of Mantitheus,Lysias,W.R.M. Lamb,William Heinemann Ltd.,1930,English,15686,data/tlg0540/tlg016,data
tlg0540.tlg016.perseus-grc2.xml,urn:cts:greekLit:tlg0540.tlg016.perseus-grc2,ἐν βουλῇ Μαντιθέῳ δοκιμαζομένῳ ἀπολογία,Lysias,W.R.M. Lamb,William Heinemann Ltd.,1930,Greek,24070,data/tlg0540/tlg016,data
tlg0540.tlg029.perseus-eng2.xml,,Against Philocrates,Lysias,W.R.M. Lamb,William Heinemann Ltd.,1930,English,9727,data/tlg0540/tlg029,data
tlg0540.tlg029.perseus-grc2.xml,urn:cts:greekLit:tlg0540.tlg029.perseus-grc2,κατὰ Φιλοκράτους ἐπίλογος,Lysias,W.R.M. Lamb,William Heinemann Ltd.,1930,Greek,14734,data/tlg0540/tlg029,data
tlg0540.tlg020.perseus-grc2.xml,urn:cts:greekLit:tlg0540.tlg020.perseus-grc2,ὑπὲρ Πολυστράτου,Lysias,W.R.M. Lamb,William Heinemann Ltd.,1930,Greek,35970,data/tlg0540/tlg020,data
tlg0540.tlg020.perseus-eng2.xml,,For Polystratus,Lysias,W.R.M. Lamb,William Heinemann Ltd.,1930,English,22332,data/tlg0540/tlg020,data
tlg0540.tlg027.perseus-eng2.xml,,Against Epicrates and his Fellow-envoys,Lysias,W.R.M. Lamb,William Heinemann Ltd.,1930,English,10843,data/tlg0540/tlg027,data
tlg0540.tlg027.perseus-grc2.xml,urn:cts:greekLit:tlg0540.tlg027.perseus-grc2,κατὰ Ἐπικράτους καὶ τῶν συμπρεσβευτῶν ἐπίλογος ὡς Θεόδωρος,Lysias,W.R.M. Lamb,William Heinemann Ltd.,1930,Greek,16396,data/tlg0540/tlg027,data
tlg0540.tlg018.perseus-eng2.xml,,On The Property Of The Brother Of Nicias: Peroration,Lysias,,William Heinemann Ltd.,1930,English,16574,data/tlg0540/tlg018,data
tlg0540.tlg018.perseus-grc2.xml,urn:cts:greekLit:tlg0540.tlg018.perseus-grc2,περὶ τῆς δημεύσεως τῶν τοῦ Νικίου ἀδέλφου ἐπίλογος,Lysias,W.R.M. Lamb,William Heinemann Ltd.,1930,Greek,27862,data/tlg0540/tlg018,data
tlg0540.tlg026.perseus-eng2.xml,,On the Scrutiny of Evandros,Lysias,W.R.M. Lamb,William Heinemann Ltd.,1930,English,17681,data/tlg0540/tlg026,data
tlg0540.tlg026.perseus-grc2.xml,urn:cts:greekLit:tlg0540.tlg026.perseus-grc2,περὶ τῆς Εὐάνδρου δοκιμασίας,Lysias,W.R.M. Lamb,William Heinemann Ltd.,1930,Greek,28341,data/tlg0540/tlg026,data
tlg0540.tlg019.perseus-eng2.xml,,On the Property of Aristophanes,Lysias,W.R.M. Lamb,William Heinemann Ltd.,1930,English,39203,data/tlg0540/tlg019,data
tlg0540.tlg019.perseus-grc2.xml,urn:cts:greekLit:tlg0540.tlg019.perseus-grc2,"ὑπὲρ τῶν Ἀριστοφάνους χρημάτων, πρὸς τὸ δημόσιον",Lysias,W.R.M. Lamb,William Heinemann Ltd.,1930,Greek,62664,data/tlg0540/tlg019,data
tlg0540.tlg021.perseus-grc2.xml,urn:cts:greekLit:tlg0540.tlg021.perseus-grc2,ἀπολογία δωροδοκίας ἀπαράσημος,Lysias,W.R.M. Lamb,William Heinemann Ltd.,1930,Greek,25936,data/tlg0540/tlg021,data
tlg0540.tlg021.perseus-eng2.xml,,Defence Against A Charge Of Taking Bribes,Lysias,W.R.M. Lamb,William Heinemann Ltd.,1930,English,17006,data/tlg0540/tlg021,data
tlg0540.tlg017.perseus-eng2.xml,,On The Property Of Eraton,Lysias,W.R.M. Lamb,William Heinemann Ltd.,1930,English,9809,data/tlg0540/tlg017,data
tlg0540.tlg017.perseus-grc2.xml,urn:cts:greekLit:tlg0540.tlg017.perseus-grc2,περὶ τῶν Ἐράτωνος χρημάτων: πρὸς τὸ δημόσιον,Lysias,W.R.M. Lamb,William Heinemann Ltd.,1930,Greek,12938,data/tlg0540/tlg017,data
tlg0540.tlg028.perseus-eng2.xml,,Against Ergocles,Lysias,W.R.M. Lamb,William Heinemann Ltd.,1930,English,12887,data/tlg0540/tlg028,data
tlg0540.tlg028.perseus-grc2.xml,urn:cts:greekLit:tlg0540.tlg028.perseus-grc2,κατὰ Ἐργοκλέους ἐπίλογος,Lysias,W.R.M. Lamb,William Heinemann Ltd.,1930,Greek,18677,data/tlg0540/tlg028,data
tlg0540.tlg010.perseus-grc2.xml,urn:cts:greekLit:tlg0540.tlg010.perseus-grc2,"κατὰ θεομνήστου, Α",Lysias,W.R.M. Lamb,William Heinemann Ltd.,1930,Greek,31154,data/tlg0540/tlg010,data
tlg0540.tlg010.perseus-eng2.xml,,Against Theomnestus 1,Lysias,W.R.M. Lamb,William Heinemann Ltd.,1930,English,18825,data/tlg0540/tlg010,data
tlg1801.tlg001.1st1K-grc1.xml,urn:cts:greekLit:tlg1801.tlg001.1st1K-grc1,Incertorum fragmenta,Parodica Anonyma,Paul Brandt,Teubner,1888,Greek,60824,data/tlg1801/tlg001,data
tlg3135.tlg001.1st1K-grc1.xml,urn:cts:greekLit:tlg3135.tlg001.1st1K-grc1,Epitome historiarum (lib. 1‑18),Joannes Zonaras,Ludwig Dindorf,Teubner,1868-1871,Greek,4936801,data/tlg3135/tlg001,data
tlg3135.tlg012.1st1K-grc1.xml,urn:cts:greekLit:tlg3135.tlg012.1st1K-grc1,Chronologia,Joannes Zonaras,Ludwig Dindorf,Teubner,1871,Greek,16873,data/tlg3135/tlg012,data
tlg3135.tlg011.1st1K-grc1.xml,urn:cts:greekLit:tlg3135.tlg011.1st1K-grc1,Argumenta,Joannes Zonaras,Ludwig Dindorf,Teubner,1871,Greek,368290,data/tlg3135/tlg011,data
tlg1665.tlg001.1st1K-grc1.xml,urn:cts:greekLit:tlg1665.tlg001.1st1K-grc1,Reliquiae plurium anonymorum,Seniores Apud Irenaeum,Martin Joseph Routh,Oxford University Press,1846,Greek,17408,data/tlg1665/tlg001,data
tlg2048.tlg001.1st1K-grc1.xml,urn:cts:greekLit:tlg2048.tlg001.1st1K-grc1,Historia Ecclesiastica,"Sozomenus, Salaminius Hermias",Robert Hussey,E Typographeo Academico,1860,Greek,2182185,data/tlg2048/tlg001,data
tlg1434.tlg004.1st1K-grc1.xml,urn:cts:greekLit:tlg1434.tlg004.1st1K-grc1,Fragmenta,Hippias of Elis,Hermann Diels,Weidmann,1922,Greek,20851,data/tlg1434/tlg004,data
ogl0001.ogl001.1st1K-grc1.xml,urn:cts:greekLit:ogl0001.ogl001.1st1K-grc1,De Epistola Pinyti ad Dionysium,Pinytus,Martin Joseph Routh,Oxford University Press,1846,Greek,4747,data/ogl0001/ogl001,data
tlg3156.tlg001.1st1K-grc1.xml,urn:cts:greekLit:tlg3156.tlg001.1st1K-grc1,Exegesis in Hesiodi theogoniam,Anonymi Exegesis in Hesiodi Theogoniam,Hans Flach,Teubner,1876,Greek,204984,data/tlg3156/tlg001,data
tlg2046.tlg001.perseus-grc2.xml,urn:cts:greekLit:tlg2046.tlg001.perseus-grc2,τὰ μεθ᾿ Ὅμηρον,Quintus Smyrnaeus,Arthur S. Way,William Heinemann,1913,Greek,1479454,data/tlg2046/tlg001,data
tlg9006.tlg001.1st1K-grc1.xml,urn:cts:greekLit:tlg9006.tlg001.1st1K-grc1,Παροιμίαι,"Gregory II, of Cyprus, Patriarch of Constantinople",Ernst von Leutsch,Vandenhoeck and Ruprecht,1839,Latin,82523,data/tlg9006/tlg001,data
tlg9006.tlg016.1st1K-grc1.xml,urn:cts:greekLit:tlg9006.tlg016.1st1K-grc1,Declamatio de Atheniensium defensio (ad Libanii declamationem antilogia),"Gregory II, of Cyprus, Patriarch of Constantinople",Richard Foerster,Teubner,1911,Latin,101375,data/tlg9006/tlg016,data
tlg2041.tlg001.1st1K-grc1.xml,urn:cts:greekLit:tlg2041.tlg001.1st1K-grc1,Fragmenta,Marcellus of Ankara,Erich Klostermann,J. C. Hinrichs,1906,Greek,183718,data/tlg2041/tlg001,data
tlg4170.tlg001a.1st1K-grc1.xml,urn:cts:greekLit:tlg4170.tlg001a.1st1K-grc1,Vita Ambrosiana,Vitae Pindari et varia de Pindaro,A. B. Drachmann,Teubner,1903,Greek,12113,data/tlg4170/tlg001a,data
tlg4170.tlg001b.1st1K-grc1.xml,urn:cts:greekLit:tlg4170.tlg001b.1st1K-grc1,Vita Thomana et hypothesis Olympiorum,Vitae Pindari et varia de Pindaro,A. B. Drachmann,Teubner,1903,Greek,12068,data/tlg4170/tlg001b,data
tlg4170.tlg001d.1st1K-grc1.xml,urn:cts:greekLit:tlg4170.tlg001d.1st1K-grc1,Pentathlon et de novem lyricis,Vitae Pindari et varia de Pindaro,A. B. Drachmann,Teubner,1903,Greek,7514,data/tlg4170/tlg001d,data
tlg4170.tlg001c.1st1K-grc1.xml,urn:cts:greekLit:tlg4170.tlg001c.1st1K-grc1,Vita metrica,Vitae Pindari et varia de Pindaro,A. B. Drachmann,Teubner,1903,Greek,7705,data/tlg4170/tlg001c,data
tlg1402.tlg001.1st1K-grc1.xml,urn:cts:greekLit:tlg1402.tlg001.1st1K-grc1,Enchridion de Metris,Hephestion,Maximilian Corsbruch,Teubner,1906,Greek,142437,data/tlg1402/tlg001,data
tlg1402.tlg003.1st1K-grc1.xml,urn:cts:greekLit:tlg1402.tlg003.1st1K-grc1,Περὶ ποιημάτων,Hephaestion,Maximilian Consbruch,Teubner,1906,Greek,42302,data/tlg1402/tlg003,data
tlg1402.tlg004.1st1K-grc1.xml,urn:cts:greekLit:tlg1402.tlg004.1st1K-grc1,De Signis,Hephaestion,Maximilian Corsbruch,Teubner,1906,Greek,15921,data/tlg1402/tlg004,data
tlg1402.tlg005.1st1K-grc1.xml,urn:cts:greekLit:tlg1402.tlg005.1st1K-grc1,Fragmenta Hephaestionea,Hephaestion,Maximilian Consbruch,Teubner,1906,Greek,9947,data/tlg1402/tlg005,data
tlg1402.tlg002.1st1K-grc1.xml,urn:cts:greekLit:tlg1402.tlg002.1st1K-grc1,Μετρικὴ εἰσαγωγή,Hephaestion,Maximilian Consbruch,Teubner,1906,Greek,19244,data/tlg1402/tlg002,data
tlg1664.tlg001.1st1K-grc1.xml,urn:cts:greekLit:tlg1664.tlg001.1st1K-grc1,Fragmenta,Seniores Alexandrini,Jean Baptiste Pitra,A. Jouby et Roger,1884,Greek,29729,data/tlg1664/tlg001,data
tlg0319.tlg004.1st1K-grc1.xml,urn:cts:greekLit:tlg0319.tlg004.1st1K-grc1,Fragmenta,Critias,Hermann Diels,Weidmann,1922,Greek,71977,data/tlg0319/tlg004,data
tlg0548.tlg001.perseus-grc2.xml,urn:cts:greekLit:tlg0548.tlg001.perseus-grc2,Library ,Apollodorus,Sir James George Frazer,"Cambridge, MA, Harvard University Press; London, William Heinemann
						Ltd.",1921,Greek,437971,data/tlg0548/tlg001,data
tlg0548.tlg001.perseus-eng2.xml,,Library,Apollodorus,Sir James George Frazer,"Cambridge, MA, Harvard University Press; London, William Heinemann
						Ltd.",1921,English,912823,data/tlg0548/tlg001,data
tlg0548.tlg002.perseus-eng2.xml,,Epitome,Apollodorus,Sir James George Frazer,"Cambridge, MA, Harvard University Press; London, William Heinemann
                        Ltd.",1921,English,477826,data/tlg0548/tlg002,data
tlg0548.tlg002.perseus-grc2.xml,urn:cts:greekLit:tlg0548.tlg002.perseus-grc2,Epitome ,Apollodorus,Sir James George Frazer,"Cambridge, MA, Harvard University Press; London, William Heinemann
						Ltd.",1921,Greek,151771,data/tlg0548/tlg002,data
tlg0317.tlg001.1st1K-grc1.xml,urn:cts:greekLit:tlg0317.tlg001.1st1K-grc1,Acta Joannis,Acta Joannis,Maximilian Bonnet,Mendelssohn,1898,Greek,275168,data/tlg0317/tlg001,data
tlg0317.tlg001.1st1K-eng1.xml,,Acts of John,Anonymous,,Clarendon Press,1924,English,134626,data/tlg0317/tlg001,data
tlg0317.tlg002.1st1K-grc1.xml,urn:cts:greekLit:tlg0317.tlg002.1st1K-grc1,Acta Joannis (recenscio),Acta Joannis,Maximilian Bonnet,Mendelssohn,1898,Greek,37672,data/tlg0317/tlg002,data
tlg0541.tlg042.1st1K-grc2.xml,urn:cts:greekLit:tlg0541.tlg042.1st1K-grc2,Sententiae (corresponds to version Men ar II) (Greek),pseudo-Menander,Manfred Ullmann,Kommissionsverlag Franz Steiner,1961,Greek,21488,data/tlg0541/tlg042,data
tlg0541.tlg042.1st1K-grc3.xml,urn:cts:greekLit:tlg0541.tlg042.1st1K-grc3,"Sententiae (corresponds to quotes from Gregory Nazianzen, Carmen morale XXX)
                    (Greek)",pseudo-Menander,Manfred Ullmann,Kommissionsverlag Franz Steiner,1961,Greek,9251,data/tlg0541/tlg042,data
tlg0541.tlg042.1st1K-grc1.xml,urn:cts:greekLit:tlg0541.tlg042.1st1K-grc1,Sententiae (corresponds to version Men Ar I) (Greek),pseudo-Menander,Manfred Ullmann,Kommissionsverlag Franz Steiner,1961,Greek,82334,data/tlg0541/tlg042,data
tlg5034.tlg001a.perseus-grc1.xml,urn:cts:greekLit:tlg5034.tlg001a.perseus-grc1,Scholia in Pindarum Olympian Odes,Scholia in Pindarum,A. B. Drachmann,Teubner,1903,Greek,1693684,data/tlg5034/tlg001a,data
tlg5034.tlg001b.perseus-grc1.xml,urn:cts:greekLit:tlg5034.tlg001b.perseus-grc1,Scholia in Pindarum Pythian Odes,Scholia in Pindarum,A. B. Drachmann,Teubner,1910,Greek,722121,data/tlg5034/tlg001b,data
tlg5034.tlg001d.perseus-grc1.xml,urn:cts:greekLit:tlg5034.tlg001d.perseus-grc1,Scholia in Pindarum Isthmian Odes,Pindar Scholia,A. B. Drachmann,B.G. Teubneri,1927,Greek,256659,data/tlg5034/tlg001d,data
tlg5034.tlg001c.perseus-grc1.xml,urn:cts:greekLit:tlg5034.tlg001c.perseus-grc1,Scholia in Pindarum Nemean Odes,Scholia in Pindarum,A. B. Drachmann,Teubner,1927,Greek,542858,data/tlg5034/tlg001c,data
tlg2023.tlg001.1st1K-grc1.xml,urn:cts:greekLit:tlg2023.tlg001.1st1K-grc1,περὶ τοῦ Πυθαγορικοῦ βίου λόγος,Iamblichus,August Nauck,"Eggers, I. Glausunof",1884,Greek,444621,data/tlg2023/tlg001,data
tlg2023.tlg006.1st1K-grc1.xml,urn:cts:greekLit:tlg2023.tlg006.1st1K-grc1,De Mysteriis,Iamblichus,Gustav Parthey,Nicolai,1857,Greek,548533,data/tlg2023/tlg006,data
tlg2023.tlg003.1st1K-grc1.xml,urn:cts:greekLit:tlg2023.tlg003.1st1K-grc1,De communi mathematica scientia,Iamblichus,Nicolaus Festa,Teubner,1891,Greek,261799,data/tlg2023/tlg003,data
tlg2023.tlg004.1st1K-grc1.xml,urn:cts:greekLit:tlg2023.tlg004.1st1K-grc1,Περὶ τῆς Νικομάχου ἀριθμητικῆς εἰσαγωγῆς,Iamblichus,Ermenegildo Pistelli,Teubner,1894,Greek,352874,data/tlg2023/tlg004,data
tlg2023.tlg002.1st1K-grc1.xml,urn:cts:greekLit:tlg2023.tlg002.1st1K-grc1,Protrepticus,Iamblichus,Ermenegildo Pistelli,Teubner,1888,Greek,464598,data/tlg2023/tlg002,data
tlg1699.tlg007.1st1K-grc1.xml,urn:cts:greekLit:tlg1699.tlg007.1st1K-grc1,Περὶ περιστάσεων,Teles Megarenesis,Otto Hense,Mohr,1909,Greek,7091,data/tlg1699/tlg007,data
tlg1699.tlg001.1st1K-grc1.xml,urn:cts:greekLit:tlg1699.tlg001.1st1K-grc1,Περὶ τοῦ δοκεῖν καὶ τοῦ εἶναι,Teles Megarenesis,Otto Hense,Mohr,1909,Greek,7972,data/tlg1699/tlg001,data
tlg1699.tlg006.1st1K-grc1.xml,urn:cts:greekLit:tlg1699.tlg006.1st1K-grc1,Περὶ τοῦ μὴ εἶναι τέλος ἡδονήν,Teles Megarenesis,Otto Hense,Mohr,1909,Greek,7357,data/tlg1699/tlg006,data
tlg1699.tlg008.1st1K-grc1.xml,urn:cts:greekLit:tlg1699.tlg008.1st1K-grc1,Περὶ ἀπαθείας ,Teles Megarenesis,Otto Hense,Mohr,1909,Greek,16388,data/tlg1699/tlg008,data
tlg1699.tlg003.1st1K-grc1.xml,urn:cts:greekLit:tlg1699.tlg003.1st1K-grc1,Περὶ φυγῆς,Teles Megarenesis,Otto Hense,Mohr,1909,Greek,19833,data/tlg1699/tlg003,data
tlg1699.tlg004.1st1K-grc1.xml,urn:cts:greekLit:tlg1699.tlg004.1st1K-grc1,Περὶ συγκρίσεως πενίας καὶ πλούτου,Teles Megarenesis,Otto Hense,Mohr,1909,Greek,19813,data/tlg1699/tlg004,data
tlg1699.tlg005.1st1K-grc1.xml,urn:cts:greekLit:tlg1699.tlg005.1st1K-grc1,Περὶ συγκρίσεως πενίας καὶ πλούτου,Teles Megarenesis,Otto Hense,Mohr,1909,Greek,10774,data/tlg1699/tlg005,data
tlg1699.tlg002.1st1K-grc1.xml,urn:cts:greekLit:tlg1699.tlg002.1st1K-grc1,Περὶ αὐταρκείας,Teles Megarenesis,Otto Hense,Mohr,1909,Greek,22592,data/tlg1699/tlg002,data
tlg0579.tlg010.1st1K-grc1.xml,urn:cts:greekLit:tlg0579.tlg010.1st1K-grc1,Fragmenta,Orphica,Hermann Diels,Weidmann,1922,Greek,48162,data/tlg0579/tlg010,data
tlg5029.tlg001.1st1K-grc1.xml,urn:cts:greekLit:tlg5029.tlg001.1st1K-grc1,Scholia in Lucianum (scholia vetera et recentiora Arethae),Scholia in Lucianum,Hugo Rabe,Teubner,1906,Greek,898031,data/tlg5029/tlg001,data
tlg3118.tlg001.1st1K-grc1.xml,urn:cts:greekLit:tlg3118.tlg001.1st1K-grc1,Ιστορικον Συντιπα του Φιλοσοφου Ωραιοτατον Πανυ,Syntipas,Michael Andreopulus,Leipzig,1872,Greek,430576,data/tlg3118/tlg001,data
tlg3118.tlg002.1st1K-grc1.xml,urn:cts:greekLit:tlg3118.tlg002.1st1K-grc1,Narrationes de Syntipa,Syntipas,Michael Andreopulus,Teubner,1872,Greek,191110,data/tlg3118/tlg002,data
tlg2001.tlg038.1st1K-grc1.xml,urn:cts:greekLit:tlg2001.tlg038.1st1K-grc1,Analyticorum Posteriorum Paraphrasis,Themistius,Maximilian Wallies,Reimer,1900,Greek,477342,data/tlg2001/tlg038,data
tlg2001.tlg039.1st1K-grc1.xml,urn:cts:greekLit:tlg2001.tlg039.1st1K-grc1,In Aristotelis Physica Paraphrasis,Themistius,Maxmilian Wallies,Reimer,1900,Greek,1366656,data/tlg2001/tlg039,data
tlg2001.tlg041.1st1K-grc1.xml,urn:cts:greekLit:tlg2001.tlg041.1st1K-grc1,(Sophoniae) In Parva Naturalia Commentarium,Themistius,Paul Wendland,Reimer,1903,Greek,237042,data/tlg2001/tlg041,data
tlg2001.tlg040.1st1K-grc1.xml,urn:cts:greekLit:tlg2001.tlg040.1st1K-grc1,In libros Aristotelis de Anima paraphrasis,Themistius,Richard Heinze,Reimer,1899,Greek,750919,data/tlg2001/tlg040,data
tlg2001.tlg042.1st1K-grc1.xml,urn:cts:greekLit:tlg2001.tlg042.1st1K-grc1,Quae Fertur In Aristotelis Analyticorum Priorum Librum I,Themistius,Maximilian Wallies,Reimer,1884,Greek,1221990,data/tlg2001/tlg042,data
tlg2001.tlg044.1st1K-lat1.xml,urn:cts:greekLit:tlg2001.tlg044.1st1K-lat1,In Aristotelis Metaphysicorum,Themistius,Samuel Landauer,Reimer,1903,Latin,122213,data/tlg2001/tlg044,data
tlg2001.tlg043.1st1K-lat1.xml,,In Libros Aristotelis De Caelo Paraphrasis,Themistius,Samuel Landauer,Reimer,1902,Greek,747361,data/tlg2001/tlg043,data
tlg2233.tlg001.1st1K-grc1.xml,urn:cts:greekLit:tlg2233.tlg001.1st1K-grc1,Physiognomonica (Epitome Adamantiana),Pseudo-Polemon,Richard Foerster,Teubner,1893,Greek,181246,data/tlg2233/tlg001,data
tlg2233.tlg002.1st1K-grc1.xml,urn:cts:greekLit:tlg2233.tlg002.1st1K-grc1,Physiognomonica,Pseudo-Polemon,Richard Foerster,Teubner,1893,Greek,21097,data/tlg2233/tlg002,data
tlg0564.tlg001.1st1K-grc1.xml,urn:cts:greekLit:tlg0564.tlg001.1st1K-grc1,De renum et vesicae affectionibus,Rufus of Ephesus,Charles Daremburg,Imprimerie Nationale,1879,Greek,120535,data/tlg0564/tlg001,data
tlg2039.tlg003.1st1K-grc1.xml,urn:cts:greekLit:tlg2039.tlg003.1st1K-grc1,"Fragmentum [Sp.] (e cod. Paris. suppl. gr. 387, fol. 181r)",Diophantus Alexandrinus,Paul Tannery,Teubner,1895,Greek,4243,data/tlg2039/tlg003,data
tlg2039.tlg004.1st1K-grc1.xml,urn:cts:greekLit:tlg2039.tlg004.1st1K-grc1,Fragmentum [Sp.] (e cod. Paris. 453),Diophantus Alexandrinus,Paul Tannery,Teubner,1895,Greek,36239,data/tlg2039/tlg004,data
tlg2039.tlg005.1st1K-grc1.xml,urn:cts:greekLit:tlg2039.tlg005.1st1K-grc1,Fragmentum [Sp.] (e cod. Paris. gr. 2448),Diophantus Alexandrinus,Paul Tannery,Teubner,1895,Greek,53342,data/tlg2039/tlg005,data
tlg0563.tlg001.1st1K-grc1.xml,urn:cts:greekLit:tlg0563.tlg001.1st1K-grc1,Dialexeis,Maximus of Tyre,Hermann Hobein,Teubner,1910,Greek,1656003,data/tlg0563/tlg001,data
tlg0751.tlg005.1st1K-grc1.xml,urn:cts:greekLit:tlg0751.tlg005.1st1K-grc1,Ἑρμηνεία περὶ ἐνεργῶν λίθων,Hippocrates (Pseudo),Fernand de Mély,Ernest Leroux,1898,Greek,33877,data/tlg0751/tlg005,data
tlg0751.tlg034.1st1K-grc1.xml,urn:cts:greekLit:tlg0751.tlg034.1st1K-grc1,De septimestri partu,pseudo-Hippocrates,Émile Littré,Baillière,1851,Greek,30723,data/tlg0751/tlg034,data
tlg3129.ogl001.1st1K-grc1.xml,,"Quae Theopylacti, Pro D. Cyrilli Commentariis Dedit Cod. B, Hic Dedimus",Theophylactus,Philip Edward Pusey,Clarendon,1868,Greek,18920,data/tlg3129/ogl001,data
tlg0555.tlg007.1st1K-grc1.xml,urn:cts:greekLit:tlg0555.tlg007.1st1K-grc1,Excerpta ex Theodoto,Clement of Alexandria,Otto Stählin,Hinrichs,1909,Greek,116040,data/tlg0555/tlg007,data
tlg0555.tlg001.1st1K-grc1.xml,urn:cts:greekLit:tlg0555.tlg001.1st1K-grc1,Protrepticus,Clement of Alexandria,Otto Stählin,Hinrichs,1905,Latin,332223,data/tlg0555/tlg001,data
tlg0555.tlg001.perseus-grc2.xml,urn:cts:greekLit:tlg0555.tlg001.perseus-grc2,Προτρεπτικὸς πρὸς Ἕλληνας,Clement of Alexandria,G.W. Butterworth,Harvard University Press,1919,Greek,333305,data/tlg0555/tlg001,data
tlg0555.tlg006.perseus-grc2.xml,urn:cts:greekLit:tlg0555.tlg006.perseus-grc2,τίς ὁ σωζόμενος πλούσιος,Clement of Alexandria,G.W. Butterworth,Harvard University Press,1919,Greek,136695,data/tlg0555/tlg006,data
tlg0555.tlg006.1st1K-grc1.xml,urn:cts:greekLit:tlg0555.tlg006.1st1K-grc1,Quis dives salvetur,Clement of Alexandria,Otto Stählin,Hinrichs,1909,Greek,138114,data/tlg0555/tlg006,data
tlg0555.tlg008.perseus-grc2.xml,urn:cts:greekLit:tlg0555.tlg008.perseus-grc2,ὁ Προτρεπτικὸς εἰς ὑπομονὴν ἢ πρὸς τοὺς νεωστὶ βεβαπτισμένους,Clement of Alexandria,G.W. Butterworth,Harvard University Press,1919,Greek,14083,data/tlg0555/tlg008,data
tlg0555.tlg004.perseus-grc2.xml,urn:cts:greekLit:tlg0555.tlg004.perseus-grc2,Στρώματα,Clement of Alexandria,Otto Stählin,Hinrichs,1906-1909,Latin,2314386,data/tlg0555/tlg004,data
tlg0555.tlg005.1st1K-grc1.xml,urn:cts:greekLit:tlg0555.tlg005.1st1K-grc1,Eclogae propheticae,Clement of Alexandria,Otto Stählin,Hinrichs,1909,Greek,79171,data/tlg0555/tlg005,data
tlg0555.tlg002.1st1K-grc1.xml,urn:cts:greekLit:tlg0555.tlg002.1st1K-grc1,Paedagogus,Clement of Alexandria,Otto Stählin,Hinrichs,1905,Greek,841250,data/tlg0555/tlg002,data
tlg1487.tlg001.1st1K-grc1.xml,urn:cts:greekLit:tlg1487.tlg001.1st1K-grc1,Περὶ καταρχῶν,"Maximus, Astrologus",Arthur Ludwich,Leipzig,1877,Greek,138716,data/tlg1487/tlg001,data
tlg1487.tlg002.1st1K-grc1.xml,urn:cts:greekLit:tlg1487.tlg002.1st1K-grc1,Περὶ καταρχῶν (epitome),"Maximus, Astrologus",Arthur Ludwich,Leipzig,1877,Greek,47353,data/tlg1487/tlg002,data
tlg0552.tlg009.1st1K-grc1.xml,urn:cts:greekLit:tlg0552.tlg009.1st1K-grc1,Stomachion,Archimède,Charles Mugler,Belles Lettres,1971,Greek,9263,data/tlg0552/tlg009,data
tlg0552.tlg007.1st1K-grc1.xml,urn:cts:greekLit:tlg0552.tlg007.1st1K-grc1,Quadratura parabolae,Archimède,Charles Mugler,Belles Lettres,1971,Greek,67898,data/tlg0552/tlg007,data
tlg0552.tlg001.1st1K-grc1.xml,urn:cts:greekLit:tlg0552.tlg001.1st1K-grc1,De sphaera et cylindro,Archimède,Charles Mugler,Belles Lettres,1970,Greek,292064,data/tlg0552/tlg001,data
tlg0552.tlg006.1st1K-grc1.xml,urn:cts:greekLit:tlg0552.tlg006.1st1K-grc1,Arenarius,Archimède,Charles Mugler,Belles Lettres,1971,Greek,64630,data/tlg0552/tlg006,data
tlg0552.tlg008.1st1K-grc1.xml,urn:cts:greekLit:tlg0552.tlg008.1st1K-grc1,De corporibus fluitantibus,Archimède,Charles Mugler,Belles Lettres,1971,Greek,118347,data/tlg0552/tlg008,data
tlg0552.tlg012.1st1K-grc1.xml,urn:cts:greekLit:tlg0552.tlg012.1st1K-grc1,Problema bovinum,Archimède,Charles Mugler,Belles Lettres,1971,Greek,11975,data/tlg0552/tlg012,data
tlg0552.tlg013.1st1K-grc1.xml,urn:cts:greekLit:tlg0552.tlg013.1st1K-grc1,Fragmenta,Archimedes,Charles Mugler,Les Belles Lettres,1972,Greek,18526,data/tlg0552/tlg013,data
tlg0552.tlg003.1st1K-grc1.xml,urn:cts:greekLit:tlg0552.tlg003.1st1K-grc1,De conoidibus et sphaeroidibus,Archimède,Charles Mugler,Belles Lettres,1970,Greek,259670,data/tlg0552/tlg003,data
tlg0552.tlg004.1st1K-grc1.xml,urn:cts:greekLit:tlg0552.tlg004.1st1K-grc1,De lineis spiralibus,Archimède,Charles Mugler,Belles Lettres,1971,Greek,164298,data/tlg0552/tlg004,data
tlg0552.tlg005.1st1K-grc1.xml,urn:cts:greekLit:tlg0552.tlg005.1st1K-grc1,De planorum aequilibriis,Archimède,Charles Mugler,Belles Lettres,1971,Greek,104436,data/tlg0552/tlg005,data
tlg0552.tlg002.1st1K-grc1.xml,urn:cts:greekLit:tlg0552.tlg002.1st1K-grc1,Dimensio circuli,Archimède,Charles Mugler,Belles Lettres,1970,Greek,14500,data/tlg0552/tlg002,data
tlg0552.tlg011.1st1K-grc1.xml,urn:cts:greekLit:tlg0552.tlg011.1st1K-grc1,Liber assumptorum,Archimède,Charles Mugler,Belles Lettres,1971,Greek,44370,data/tlg0552/tlg011,data
tlg0552.tlg011.1st1K-lat1.xml,,Liber assumptorum,Archimède,Charles Mugler,Belles Lettres,1971,Latin,22597,data/tlg0552/tlg011,data
tlg0552.tlg010.1st1K-grc1.xml,urn:cts:greekLit:tlg0552.tlg010.1st1K-grc1,Ad Eratosthenem methodus,Archimède,Charles Mugler,Belles Lettres,1971,Greek,123567,data/tlg0552/tlg010,data
tlg1271.tlg001.1st1K-grc1.xml,urn:cts:greekLit:tlg1271.tlg001.1st1K-grc1,Epistula I ad Corinthios,Clement of Rome,Kirsopp Lake,William Heinemann,1912,Greek,247542,data/tlg1271/tlg001,data
tlg1271.tlg001.perseus-eng1.xml,,The First Epistle of Clement to the Corinthians,Clement of Rome,Kirsopp Lake,William Heinemann,1912,English,117584,data/tlg1271/tlg001,data
tlg1271.tlg006.1st1K-grc1.xml,urn:cts:greekLit:tlg1271.tlg006.1st1K-grc1,Ὁμίλαι,Clemens Romanus,Albert Schwegler,A. Becheri,1847,Greek,883317,data/tlg1271/tlg006,data
tlg1271.tlg012.1st1K-grc1.xml,urn:cts:greekLit:tlg1271.tlg012.1st1K-grc1,Clementina Epitome Altera Nunc Primum Edita,Clemens Romanus,Albert Dressel,J. C. Hinrichs,1873,Greek,355205,data/tlg1271/tlg012,data
tlg1271.tlg003.1st1K-grc1.xml,urn:cts:greekLit:tlg1271.tlg003.1st1K-grc1,Ἐπιστολὴ Πέτρου πρὸς Ἰάκωβον,Clemens Romanus,Albert Schwegler,A. Becheri,1847,Greek,10416,data/tlg1271/tlg003,data
tlg1271.tlg004.1st1K-grc1.xml,urn:cts:greekLit:tlg1271.tlg004.1st1K-grc1,Διαμαρτυρία περὶ τῶν τοῦ βιβλίου λαμβανόντων,Clemens Romanus,Albert Schwegler,A. Becheri,1847,Greek,13506,data/tlg1271/tlg004,data
tlg1271.tlg005.1st1K-grc1.xml,urn:cts:greekLit:tlg1271.tlg005.1st1K-grc1,"Ἐπιστολὴ Κλήμεντος πρὸς Ἰάκωβον
",Clemens Romanus,Albert Schwegler,A. Becheri,1847,Greek,39754,data/tlg1271/tlg005,data
tlg1271.tlg002.perseus-eng1.xml,,The Second Epistle of Clement to the Corinthians,Clement of Rome,Kirsopp Lake,William Heinemann,1912,English,38017,data/tlg1271/tlg002,data
tlg1271.tlg002.1st1K-grc1.xml,urn:cts:greekLit:tlg1271.tlg002.1st1K-grc1,Epistula II ad Corinthios,Clement of Rome,Kirsopp Lake,William Heinemann,1912,Greek,72773,data/tlg1271/tlg002,data
tlg1271.tlg011.1st1K-grc1.xml,urn:cts:greekLit:tlg1271.tlg011.1st1K-grc1,Clementina Epitome Prior Edita Correctior,Clemens Romanus,Albert Dressel,J. C. Hinrichs,1873,Greek,343318,data/tlg1271/tlg011,data
tlg1271.tlg010.1st1K-grc1.xml,urn:cts:greekLit:tlg1271.tlg010.1st1K-grc1,Epistulae de virginitate [Sp.],Clemens Romanus,Francis Xavier Funk,H. Laupp,1913,Greek,51968,data/tlg1271/tlg010,data
tlg2632.tlg001.1st1K-grc1.xml,urn:cts:greekLit:tlg2632.tlg001.1st1K-grc1,"Κομαρίου φιλοσόφου ἀρχιερέως διδάσκοντος τὴν Κλεοπάτραν τὴν θείαν καὶ
          ἱερὰν τέχνην τοῦ λίθου τῆς φιλοσοφίας",Comarius,Marcellin Berthelot,Georges Steinheil,1888,Greek,35695,data/tlg2632/tlg001,data
tlg0357.tlg001.1st1K-grc1.xml,urn:cts:greekLit:tlg0357.tlg001.1st1K-grc1,Mensurae marmorum ac lignorum,Didymus Alexandrinus,Frederick Hultsch,Weidmann,1864,Greek,26936,data/tlg0357/tlg001,data
tlg0357.tlg001.1st1K-grc2.xml,urn:cts:greekLit:tlg0357.tlg001.1st1K-grc2,Mensuris marmorum,Didymus Alexandrinus,Frederick Hultsch,Teubner,1864,Greek,4446,data/tlg0357/tlg001,data
tlg0733.tlg001.1st1K-grc1.xml,urn:cts:greekLit:tlg0733.tlg001.1st1K-grc1,Ἰατρικαὶ Ἀπορίαι καὶ Προβλήματα Φυσικά,Cassius Iatrosophista,Julius Ludwig Ideler,Reimer,1841,Greek,100791,data/tlg0733/tlg001,data
tlg1247.tlg001.1st1K-grc1.xml,urn:cts:greekLit:tlg1247.tlg001.1st1K-grc1,Cebetis tabula,Cebes,Karl Praechter,Teubner,1893,Greek,89527,data/tlg1247/tlg001,data
tlg0537.tlg012.1st1K-grc1.xml,urn:cts:greekLit:tlg0537.tlg012.1st1K-grc1,Epistula Tertia ad Menoeceum,Epicurus,Peter von der Mühll,Teubner,1922,Greek,22285,data/tlg0537/tlg012,data
tlg0537.tlg013.1st1K-grc1.xml,urn:cts:greekLit:tlg0537.tlg013.1st1K-grc1,Ratae Sententiae,Epicurus,Peter von der Mühll,Teubner,1922,Greek,25329,data/tlg0537/tlg013,data
tlg0537.tlg014.1st1K-grc1.xml,urn:cts:greekLit:tlg0537.tlg014.1st1K-grc1,Gnomologium Vaticanum Epicureum,Epicurus,Peter von der Mühll,Teubner,1922,Greek,34160,data/tlg0537/tlg014,data
tlg0537.tlg011.1st1K-grc1.xml,urn:cts:greekLit:tlg0537.tlg011.1st1K-grc1,Epistula Secunda ad Pythoclem,Epicurus,Peter von der Mühll,Teubner,1922,Greek,48573,data/tlg0537/tlg011,data
tlg0537.tlg010.1st1K-grc1.xml,urn:cts:greekLit:tlg0537.tlg010.1st1K-grc1,Epistula ad Herodotum,Epicurus,Peter von der Mühll,Teubner,1922,Greek,71219,data/tlg0537/tlg010,data
tlg0361.tlg001.1st1K-grc1.xml,urn:cts:greekLit:tlg0361.tlg001.1st1K-grc1,Εἰσαγωγὴ ἁρμονική,Cleonides,Karl von Jan,Teubner,1895,Greek,79123,data/tlg0361/tlg001,data
tlg0530.tlg006.1st1K-grc1.xml,urn:cts:greekLit:tlg0530.tlg006.1st1K-grc1,Ad Gaurum quomodo animetur fetus,Pseudo-Galen,Karl Kalbfleisch,,1895,Greek,159274,data/tlg0530/tlg006,data
tlg0530.tlg012.1st1K-grc1.xml,urn:cts:greekLit:tlg0530.tlg012.1st1K-grc1,Introductio seu medicus,Pseudo-Galen,Karl Gottlob Kühn,Cnobloch,1827,Greek,295886,data/tlg0530/tlg012,data
tlg0530.tlg032.1st1K-grc1.xml,urn:cts:greekLit:tlg0530.tlg032.1st1K-grc1,De theriaca ad Pamphilianum,Pseudo-Galen,Karl Gottlob Kühn,Cnobloch,1827,Greek,38001,data/tlg0530/tlg032,data
tlg0530.tlg005.1st1K-grc1.xml,urn:cts:greekLit:tlg0530.tlg005.1st1K-grc1,De fasciis,Pseudo-Galen,Karl Gottlob Kühn,Cnobloch,1829,Greek,144620,data/tlg0530/tlg005,data
tlg0530.tlg029.1st1K-grc1.xml,urn:cts:greekLit:tlg0530.tlg029.1st1K-grc1,De remediis parabilibus,Pseudo-Galen,Karl Gottlob Kühn,Cnobloch,1827,Greek,643313,data/tlg0530/tlg029,data
tlg0530.tlg043.1st1K-grc1.xml,urn:cts:greekLit:tlg0530.tlg043.1st1K-grc1,De optima secta ad Thrasybulum,Pseudo-Galen,Karl Gottlob Kühn,Cnobloch,1821,Greek,284592,data/tlg0530/tlg043,data
tlg1416.tlg007.1st1K-grc1.xml,urn:cts:greekLit:tlg1416.tlg007.1st1K-grc1,De diversis verborum significationibus (= Περὶ διαφόρους σημασίας κατ’ ἀλφάβητον) (epitome operis Herennii Philonis),Philo of Byblos,Ludwig Caspar Valckenaer,Ioannis Augustus Gottlieb Weigel,1822,Greek,53221,data/tlg1416/tlg007,data
tlg0553.tlg001.1st1K-grc1.xml,urn:cts:greekLit:tlg0553.tlg001.1st1K-grc1,Onirocriticon,Artemidorus,Roger A Pack,Leipzig,1963,Greek,856108,data/tlg0553/tlg001,data
tlg2036.tlg001.1st1K-grc1.xml,urn:cts:greekLit:tlg2036.tlg001.1st1K-grc1,In Aristotelis categorias commentarium,Dexippus,Adolf Busse,Reimer,1888,Greek,393362,data/tlg2036/tlg001,data
tlg5019.tlg001.1st1K-grc1.xml,urn:cts:greekLit:tlg5019.tlg001.1st1K-grc1,Scholia in Dionysii Byzantii per Bosporum navigationem (scholia vetera),Anonymous,Karl Müller,Ambroise-Firmin Didot,1861,Greek,251794,data/tlg5019/tlg001,data
tlg5019.tlg002.1st1K-grc1.xml,urn:cts:greekLit:tlg5019.tlg002.1st1K-grc1,Scholia in Dionysii Periegetae orbis descriptionem (scholia vetera),Anonymous,Arthur Ludwich,Teubner,1885,Greek,35975,data/tlg5019/tlg002,data
tlg5026.tlg007.1st1K-grc1.xml,urn:cts:greekLit:tlg5026.tlg007.1st1K-grc1,Scholia in Odysseam,Scholia in Homerum,Wilhelm Dindorf,Clarendon,1855,Greek,2788460,data/tlg5026/tlg007,data
tlg5026.tlg001.1st1K-grc1.xml,urn:cts:greekLit:tlg5026.tlg001.1st1K-grc1,Scholia in Iliadum,Scholia in Homerum,Wilhelm Dindorf,Clarendon,1875-1888,Greek,13256488,data/tlg5026/tlg001,data
tlg0554.tlg001.perseus-grc1.xml,urn:cts:greekLit:tlg0554.tlg001.perseus-grc1,De Chaerea et Callirhoe,Chariton,Rudolf Hercher,Teubner,1859,Greek,551958,data/tlg0554/tlg001,data
tlg1486.tlg001.1st1K-grc1.xml,urn:cts:greekLit:tlg1486.tlg001.1st1K-grc1,Δει̑πνον Ἀττικόν,Matron of Pitana,Paul Brandt,Teubner,1888,Greek,99608,data/tlg1486/tlg001,data
tlg1486.tlg002.1st1K-grc1.xml,urn:cts:greekLit:tlg1486.tlg002.1st1K-grc1,Δει̑πνον Ἀττικόν,Matron of Pitana,Paul Brandt,Teubner,1888,Greek,18784,data/tlg1486/tlg002,data
tlg2038.tlg001.1st1K-grc1.xml,urn:cts:greekLit:tlg2038.tlg001.1st1K-grc1,Πράξεις τοῦ ἁγίου ἀποστόλου Θωμᾶ,Acta Thomae,Maximilian Bonnet,Hermannus Mendelssohn,1903,Greek,389824,data/tlg2038/tlg001,data
tlg2038.tlg001.1st1K-eng1.xml,,Acts of Thomas,Anonymous,,Clarendon Press,1924,English,237667,data/tlg2038/tlg001,data
tlg0562.tlg001.perseus-grc2.xml,urn:cts:greekLit:tlg0562.tlg001.perseus-grc2,Ad Se Ipsum,Marcus Aurelius,Jan Hendrik Leopold,Teubner,1908,Greek,492611,data/tlg0562/tlg001,data
tlg5028.tlg001.1st1K-grc1.xml,urn:cts:greekLit:tlg5028.tlg001.1st1K-grc1,Scholia in Isocratem (scholia vetera),Scholia in Isocratem,Wilhelm Dindorf,Oxford University Press,1852,Greek,117272,data/tlg5028/tlg001,data
tlg1443.tlg001.perseus-eng1.xml,,Epistles,Ignatius of Antioch,Kirsopp Lake,Harvard University Press,1912,English,97637,data/tlg1443/tlg001,data
tlg1443.tlg001.1st1K-grc1.xml,urn:cts:greekLit:tlg1443.tlg001.1st1K-grc1,Epistulae vii genuinae,Ignatius of Antioch,Kirsopp Lake,Harvard University Press,1912,Greek,169383,data/tlg1443/tlg001,data
tlg1443.tlg002.1st1K-grc1.xml,urn:cts:greekLit:tlg1443.tlg002.1st1K-grc1,Epistulae interpolatae et epistulae suppositiciae (recensio longior) [Sp.],Ignatius of Antioch,Francis Xavier Funk,H. Laupp,1913,Greek,343360,data/tlg1443/tlg002,data
tlg0591.1st1K002.1st1K-grc1.xml,urn:cts:greekLit:tlg0591.1st1K002.1st1K-grc1,Ὀδυσσεύς,Antisthenes,Friedrich Blass,Teubner,1908,Greek,15196,data/tlg0591/1st1K002,data
tlg0591.1st1K001.1st1K-grc1.xml,urn:cts:greekLit:tlg0591.1st1K001.1st1K-grc1,Αἴας,Antisthenes,Friedrich Blass,Teubner,1908,Greek,9746,data/tlg0591/1st1K001,data
tlg0565.tlg001.1st1K-grc1.xml,urn:cts:greekLit:tlg0565.tlg001.1st1K-grc1,Gynaeciorum Libri IV,Soranus,Johannes Ilberg,Teubner,1927,Greek,799529,data/tlg0565/tlg001,data
tlg0565.tlg003.1st1K-grc1.xml,urn:cts:greekLit:tlg0565.tlg003.1st1K-grc1,De Fasciis,Soranus,Johannes Ilberg,Teubner,1927,Greek,59547,data/tlg0565/tlg003,data
tlg0565.tlg004.1st1K-grc1.xml,urn:cts:greekLit:tlg0565.tlg004.1st1K-grc1,Vita Hippocratis Secundum Soranum,Soranus,Johannes Ilberg,Teubner,1927,Greek,20089,data/tlg0565/tlg004,data
tlg0565.tlg002.1st1K-grc1.xml,urn:cts:greekLit:tlg0565.tlg002.1st1K-grc1,De signis Fracturarum,Soranus,Johannes Ilberg,Teubner,1927,Greek,22533,data/tlg0565/tlg002,data
tlg2000.tlg001.1st1K-grc1.xml,urn:cts:greekLit:tlg2000.tlg001.1st1K-grc1,Enneades,Plotinus,Richard Volkmann,Teubner,1883-1884,Greek,3071947,data/tlg2000/tlg001,data
tlg0358.tlg001.1st1K-grc1.xml,urn:cts:greekLit:tlg0358.tlg001.1st1K-grc1,Ἀριθμητικὴ εἰσαγωγή,Nicomachus of Gerasa,Richard Hoche,Teubner,1866,Greek,442420,data/tlg0358/tlg001,data
tlg0358.tlg004.1st1K-grc1.xml,urn:cts:greekLit:tlg0358.tlg004.1st1K-grc1,Excerpta,Nicomachus of Gerasa,Karl von Jan,Teubner,1895,Greek,49503,data/tlg0358/tlg004,data
tlg0358.tlg005.1st1K-grc1.xml,urn:cts:greekLit:tlg0358.tlg005.1st1K-grc1,Problemata arithmetica,Nicomachus of Gerasa,Richard Hoche,Teubner,1866,Greek,19302,data/tlg0358/tlg005,data
tlg0358.tlg002.1st1K-grc1.xml,urn:cts:greekLit:tlg0358.tlg002.1st1K-grc1,Ἐγχειρίδιον ἁρμονικῆς,Nicomachus of Gerasa,Karl von Jan,Teubner,1895,Greek,87716,data/tlg0358/tlg002,data
tlg1622.tlg001.perseus-eng1.xml,,The Epistle to the Philippians of Saint Polycarp,Polycarp,Kirsopp Lake,William Heinemann,1912,English,21037,data/tlg1622/tlg001,data
tlg1622.tlg001.1st1K-grc1.xml,urn:cts:greekLit:tlg1622.tlg001.1st1K-grc1,Epistula ad Philippenses,Polycarp,Kirsopp Lake,William Heinemann,1912,Greek,46703,data/tlg1622/tlg001,data
tlg0509.tlg001.1st1K-grc1.xml,urn:cts:greekLit:tlg0509.tlg001.1st1K-grc1,Epistula ad Phyllidem,Myia,Rudolf Hercher,A. F. Didot,1873,Greek,10506,data/tlg0509/tlg001,data
tlg0199.tlg001.perseus-grc2.xml,urn:cts:greekLit:tlg0199.tlg001.perseus-grc2,Ἐπίνικοι,Bacchylides,Richard C. Jebb,Cambridge University Press,1905,Greek,177388,data/tlg0199/tlg001,data
tlg0199.tlg001.perseus-eng2.xml,,Epinicians,Bacchylides,Diane Arnson Svarlien,Yale University Press,1996,English,89465,data/tlg0199/tlg001,data
tlg0199.tlg002.perseus-eng2.xml,,Dithyrambs,Bacchylides,Diane Arnson Svarlien,Yale University Press,1996,English,29083,data/tlg0199/tlg002,data
tlg0199.tlg002.perseus-grc2.xml,urn:cts:greekLit:tlg0199.tlg002.perseus-grc2,Διθύραμβοι,Bacchylides,Richard C. Jebb,Cambridge University Press,1905,Greek,61410,data/tlg0199/tlg002,data
tlg0732.tlg007.1st1K-grc1.xml,urn:cts:greekLit:tlg0732.tlg007.1st1K-grc1,In Librum De Sensu Commentarium,Alexander of Aphrodisias,Paul Wendland,Reimer,1901,Greek,950033,data/tlg0732/tlg007,data
tlg0732.tlgX01.1st1K-grc1.xml,urn:cts:greekLit:tlg0732.tlgX01.1st1K-grc1,In Aristotelis Sophisticos Elenchos Commentarius [Sp.],Alexander of Aphrodisias,Maximilian Wallies,Typis et Impensis G. Reimeri,1898,Greek,1142074,data/tlg0732/tlgX01,data
tlg0732.tlg001.1st1K-grc1.xml,urn:cts:greekLit:tlg0732.tlg001.1st1K-grc1,De mixtione,Alexander of Aphrodisias,Ivo Bruns,Reimer,1892,Greek,193504,data/tlg0732/tlg001,data
tlg0732.tlg006.1st1K-grc1.xml,urn:cts:greekLit:tlg0732.tlg006.1st1K-grc1,In Aristotelis topicorum libros octo commentaria,Alexander of Aphrodisias,Maximilian Wallies,Reimer,1891,Greek,3189140,data/tlg0732/tlg006,data
tlg0732.tlg008.1st1K-grc1.xml,urn:cts:greekLit:tlg0732.tlg008.1st1K-grc1,In Aristotelis Meteorologicorum Libros Commentaria,Alexander of Aphrodisias,Michael Hayduck,Reimer,1899,Greek,1257384,data/tlg0732/tlg008,data
tlg0732.tlg012.1st1K-grc1.xml,urn:cts:greekLit:tlg0732.tlg012.1st1K-grc1,Ἀπορίαι καὶ λύσεις [Sp.],Alexander of Aphrodisias,Ivo Bruns,Reimer,1892,Greek,823078,data/tlg0732/tlg012,data
tlg0732.tlg012.1st1K-grc2.xml,urn:cts:greekLit:tlg0732.tlg012.1st1K-grc2,Quaestiones,Alexander of Aphrodisias,Ivo Bruns,Reimer,1892,Greek,51426,data/tlg0732/tlg012,data
tlg0732.tlg013.1st1K-grc1.xml,urn:cts:greekLit:tlg0732.tlg013.1st1K-grc1,Ἠθικὰ προβλήματα [Sp.],Alexander of Aphrodisias,Ivo Bruns,Reimer,1892,Greek,357051,data/tlg0732/tlg013,data
tlg0732.tlg014.1st1K-grc1.xml,urn:cts:greekLit:tlg0732.tlg014.1st1K-grc1,De fato,Alexander of Aphrodisias,Ivo Bruns,Reimer,1892,Greek,349941,data/tlg0732/tlg014,data
tlg0732.tlg003.1st1K-grc1.xml,urn:cts:greekLit:tlg0732.tlg003.1st1K-grc1,Περὶ Πυρετῶν [Sp.],Alexander of Aphrodisias,Julius Ludwig Ideler,Reimeri,1841,Greek,119443,data/tlg0732/tlg003,data
tlg0732.tlg004.1st1K-grc1.xml,urn:cts:greekLit:tlg0732.tlg004.1st1K-grc1,In Aristotelis metaphysica commentaria,Alexander of Aphrodisias,Michael Hayduck,Reimer,1891,Greek,5622510,data/tlg0732/tlg004,data
tlg0732.tlg005.1st1K-grc1.xml,urn:cts:greekLit:tlg0732.tlg005.1st1K-grc1,In Aristotelis analyticorum priorum librum I commentarium,Alexander of Aphrodisias,Maximilian Wallies,Reimer,1883,Greek,2462070,data/tlg0732/tlg005,data
tlg0732.tlg011.1st1K-grc1.xml,urn:cts:greekLit:tlg0732.tlg011.1st1K-grc1,De anima libri mantissa,Alexander of Aphrodisias,Ivo Bruns,Reimer,1887,Greek,820023,data/tlg0732/tlg011,data
tlg0732.tlg010.1st1K-grc1.xml,urn:cts:greekLit:tlg0732.tlg010.1st1K-grc1,De anima,Alexander of Aphrodisias,Ivo Bruns,Reimer,1887,Greek,696162,data/tlg0732/tlg010,data
tlg1419.tlg001.1st1K-grc1.xml,urn:cts:greekLit:tlg1419.tlg001.1st1K-grc1,Ποιμὴν,Hermas,Kirsopp Lake,William Heinemann,1917,Greek,467761,data/tlg1419/tlg001,data
tlg1419.tlg001.perseus-eng1.xml,,The Shepherd of Hermas,Hermas,Kirsopp Lake,"Cambridge, MA, Harvard University Press; London, William Heinemann
                Ltd.",1913,English,285644,data/tlg1419/tlg001,data
tlg0011.tlg007.perseus-grc2.xml,urn:cts:greekLit:tlg0011.tlg007.perseus-grc2,Οἰδίπους ἐπὶ Κολωνῷ,Sophocles,Francis Storr,William Heinemann Ltd.,1912,Greek,238799,data/tlg0011/tlg007,data
tlg0011.tlg007.perseus-eng2.xml,,Oedipus at Colonus,Sophocles,Richard Jebb,Cambridge University Press,1889,English,163364,data/tlg0011/tlg007,data
tlg0011.tlg001.perseus-eng3.xml,,Trachiniae,Sophocles,Richard Jebb,Cambridge University Press,1892,English,113139,data/tlg0011/tlg001,data
tlg0011.tlg001.perseus-grc2.xml,urn:cts:greekLit:tlg0011.tlg001.perseus-grc2,Τραχίνιαι,Sophocles,Francis Storr,William Heinemann Ltd.,1913,Greek,180657,data/tlg0011/tlg001,data
tlg0011.tlg006.perseus-grc2.xml,urn:cts:greekLit:tlg0011.tlg006.perseus-grc2,Φιλοκτήτης,Sophocles,Francis Storr,William Heinemann Ltd.,1913,Greek,196342,data/tlg0011/tlg006,data
tlg0011.tlg006.perseus-eng2.xml,,Philoctetes,Sophocles,Sir Richard Jebb,Cambridge University Press,1898,English,135717,data/tlg0011/tlg006,data
tlg0011.tlg008.perseus-grc2.xml,urn:cts:greekLit:tlg0011.tlg008.perseus-grc2,Ichneutae,Sophocles,Arthur S. Hunt,Egypt Exploration Fund,1912,Greek,54793,data/tlg0011/tlg008,data
tlg0011.tlg008.perseus-eng2.xml,,Tracking Satyrs,Sophocles,Anne Mahoney,,,English,41576,data/tlg0011/tlg008,data
tlg0011.tlg003.1st1K-grc2.xml,urn:cts:greekLit:tlg0011.tlg003.1st1K-grc2,Αἴας,Sophocles,Alfred Chilton Pearson,Clarendon Press,1924,Greek,366706,data/tlg0011/tlg003,data
tlg0011.tlg003.perseus-grc2.xml,urn:cts:greekLit:tlg0011.tlg003.perseus-grc2,Αἴας,Sophocles,Francis Storr,William Heinemann Ltd.,1913,Greek,178281,data/tlg0011/tlg003,data
tlg0011.tlg003.1st1K-grc1.xml,urn:cts:greekLit:tlg0011.tlg003.1st1K-grc1,Αἴας μαστιγοφόρος,Sophocles,Christian Lobeck,Weidmann,1866,Greek,223437,data/tlg0011/tlg003,data
tlg0011.tlg003.perseus-eng2.xml,,Ajax,Sophocles,Richard Jebb,Cambridge University Press,1893,English,126264,data/tlg0011/tlg003,data
tlg0011.tlg004.perseus-eng2.xml,,Oedipus Tyrannus,Sophocles,Richard Jebb,Cambridge University Press,1887,English,140737,data/tlg0011/tlg004,data
tlg0011.tlg004.perseus-grc2.xml,urn:cts:greekLit:tlg0011.tlg004.perseus-grc2,Οἰδίπους Τύραννος,Sophocles,Francis Storr,William Heinemann Ltd.,1912,Greek,206201,data/tlg0011/tlg004,data
tlg0011.tlg005.perseus-eng2.xml,,Electra,Sophocles,Richard Jebb,Cambridge University Press,1894,English,138576,data/tlg0011/tlg005,data
tlg0011.tlg005.perseus-grc2.xml,urn:cts:greekLit:tlg0011.tlg005.perseus-grc2,Ἠλέκτρα,Sophocles,Francis Storr,William Heinemann Ltd.,1913,Greek,198639,data/tlg0011/tlg005,data
tlg0011.tlg002.perseus-grc2.xml,urn:cts:greekLit:tlg0011.tlg002.perseus-grc2,Ἀντιγόνη,Sophocles,Francis Storr,William Heinemann Ltd.,1912,Greek,183074,data/tlg0011/tlg002,data
tlg0011.tlg002.perseus-eng2.xml,,Antigone,Sophocles,Richard Jebb,Cambridge University Press,1891,English,160308,data/tlg0011/tlg002,data
tlg0647.tlg001.perseus-grc2.xml,urn:cts:greekLit:tlg0647.tlg001.perseus-grc2,Ἅλωσις Ἰλίου,Tryphiodorus,A. W. Mair,"William Heinemann, Ltd.",1928,Greek,110797,data/tlg0647/tlg001,data
tlg4021.tlg001.1st1K-grc1.xml,urn:cts:greekLit:tlg4021.tlg001.1st1K-grc1,Prolegomena philosophiae,David the Invincible,Adolf Busse,Reimer,1904,Greek,453618,data/tlg4021/tlg001,data
tlg4021.tlg002.1st1K-grc1.xml,urn:cts:greekLit:tlg4021.tlg002.1st1K-grc1,In Porphyrii isagogen commentarium,David the Invincible,Adolf Busse,Reimer,1904,Greek,727663,data/tlg4021/tlg002,data
tlg1553.tlg001.1st1K-eng1.xml,,On Unbelievable Stories,Palaiphatos,Hugo Branley,Center for Hellenic Studies,05/28/2021,Greek,69842,data/tlg1553/tlg001,data
tlg1553.tlg001.1st1K-grc1.xml,urn:cts:greekLit:tlg1553.tlg001.1st1K-grc1,De Incredibilibus,Palaiphatos,Nicola Festa,Teubner,1902,Greek,104386,data/tlg1553/tlg001,data
tlg4019.tlg001.1st1K-grc1.xml,urn:cts:greekLit:tlg4019.tlg001.1st1K-grc1,Prolegomena,Olympiodorus,Adolf Busse,Reimer,1902,Greek,145393,data/tlg4019/tlg001,data
tlg4019.tlg003.1st1K-grc1.xml,urn:cts:greekLit:tlg4019.tlg003.1st1K-grc1,In Aristotelis meteora commentaria,Olympiodorus,Wilhelm Stuve,Reimer,1900,Greek,1651151,data/tlg4019/tlg003,data
tlg4019.tlg002.1st1K-grc1.xml,urn:cts:greekLit:tlg4019.tlg002.1st1K-grc1,In Categorias Commentarium,Olympiodorus,Adolf Busse,Reimer,1902,Greek,673974,data/tlg4019/tlg002,data
tlg0029.tlg006.perseus-eng2.xml,,Against Philocles ,Dinarchus,J. O. Burtt,"William Heinemann, Ltd.",1954,English,18291,data/tlg0029/tlg006,data
tlg0029.tlg006.perseus-grc2.xml,urn:cts:greekLit:tlg0029.tlg006.perseus-grc2,Κατὰ Φιλοκλέους,Dinarchus,J. O. Burtt,"William Heinemann, Ltd.",1954,Greek,33132,data/tlg0029/tlg006,data
tlg0029.tlg004.perseus-grc2.xml,urn:cts:greekLit:tlg0029.tlg004.perseus-grc2,Κατὰ Δημοσθένους,Dinarchus,J. O. Burtt,"William Heinemann, Ltd.",1954,Greek,150980,data/tlg0029/tlg004,data
tlg0029.tlg004.perseus-eng2.xml,,Against Demosthenes ,Dinarchus,J. O. Burtt,"William Heinemann, Ltd.",1954,English,103179,data/tlg0029/tlg004,data
tlg0029.tlg005.perseus-grc2.xml,urn:cts:greekLit:tlg0029.tlg005.perseus-grc2,Κατὰ Ἀριστογείτονος,Dinarchus,J. O. Burtt,"William Heinemann, Ltd.",1954,Greek,39194,data/tlg0029/tlg005,data
tlg0029.tlg005.perseus-eng2.xml,,Against Aristogiton ,Dinarchus,J. O. Burtt,"William Heinemann, Ltd.",1954,English,23321,data/tlg0029/tlg005,data
tlg0010.tlg009.perseus-eng2.xml,,Helen,Isocrates,Larue Van Hook,Harvard University Press,1945,English,53096,data/heb0001/tlg009,data
tlg0010.tlg009.perseus-grc2.xml,urn:cts:greekLit:tlg0010.tlg009.perseus-grc2,Ελένη,Isocrates,Larue Van Hook,Harvard University Press,1945,English,62027,data/heb0001/tlg009,data
tlg0010.tlg007.perseus-eng2.xml,,To Demonicus,Isocrates,George Norlin,Harvard University Press,1928,English,47498,data/heb0001/tlg007,data
tlg0010.tlg007.perseus-grc2.xml,urn:cts:greekLit:tlg0010.tlg007.perseus-grc2,Προς Δημονικόν,Isocrates,George Norlin,Harvard University Press,1928,English,49135,data/heb0001/tlg007,data
tlg0010.tlg001.perseus-grc2.xml,urn:cts:greekLit:tlg0010.tlg001.perseus-grc2,προς ευθύνουν,Isocrates,Larue Van Hook,Harvard University Press,1945,English,23048,data/heb0001/tlg001,data
tlg0010.tlg001.perseus-eng2.xml,,Against Euthynus,Isocrates,Larue Van Hook,Harvard University Press,1945,English,20567,data/heb0001/tlg001,data
tlg0010.tlg006.perseus-eng2.xml,,Aegineticus,Isocrates,Larue Van Hook,Harvard University Press,1945,English,38282,data/heb0001/tlg006,data
tlg0010.tlg006.perseus-grc2.xml,urn:cts:greekLit:tlg0010.tlg006.perseus-grc2,Αἰγητικὸς,Isocrates,Larue Van Hook,Harvard University Press,1945,English,49337,data/heb0001/tlg006,data
tlg0010.tlg030.perseus-grc2.xml,urn:cts:greekLit:tlg0010.tlg030.perseus-grc2,Φιλίππῳ β΄,Isocrates,Larue Van Hook,Harvard University Press,1945,English,11742,data/heb0001/tlg030,data
tlg0010.tlg030.perseus-eng2.xml,,"To Philip, II",Isocrates,Larue Van Hook,Harvard University Press,1945,English,11207,data/heb0001/tlg030,data
tlg0010.tlg008.perseus-eng2.xml,,Against the Sophists,Isocrates,George Norlin,Harvard University Press,1928,English,26872,data/heb0001/tlg008,data
tlg0010.tlg008.perseus-grc2.xml,urn:cts:greekLit:tlg0010.tlg008.perseus-grc2,Κατὰ τοῦ Σοφιστῶν,Isocrates,George Norlin,Harvard University Press,1928,English,25905,data/heb0001/tlg008,data
tlg0010.tlg015.perseus-grc2.xml,urn:cts:greekLit:tlg0010.tlg015.perseus-grc2,Εὐαγόρας,Isocrates,Larue Van Hook,Harvard University Press,1945,English,75470,data/heb0001/tlg015,data
tlg0010.tlg015.perseus-eng2.xml,,Evagoras,Isocrates,Larue Van Hook,Harvard University Press,1945,English,62464,data/heb0001/tlg015,data
tlg0010.tlg012.perseus-eng2.xml,,Plataicus,Isocrates,Larue Van Hook,Harvard University Press,1945,English,48985,data/heb0001/tlg012,data
tlg0010.tlg012.perseus-grc2.xml,urn:cts:greekLit:tlg0010.tlg012.perseus-grc2,Πλαταικός,Isocrates,Larue Van Hook,Harvard University Press,1945,English,55769,data/heb0001/tlg012,data
tlg0010.tlg024.perseus-grc2.xml,urn:cts:greekLit:tlg0010.tlg024.perseus-grc2,Ἀρχιδάμῳ,Isocrates,Larue Van Hook,Harvard University Press,1945,English,21743,data/heb0001/tlg024,data
tlg0010.tlg024.perseus-eng2.xml,,To Archidamus,Isocrates,Larue Van Hook,Harvard University Press,1945,English,18204,data/heb0001/tlg024,data
tlg0010.tlg023.perseus-eng2.xml,,To the Children of Jason,Isocrates,Larue Van Hook,Harvard University Press,1945,English,14681,data/heb0001/tlg023,data
tlg0010.tlg023.perseus-grc2.xml,urn:cts:greekLit:tlg0010.tlg023.perseus-grc2,τοῖς Ἰάσονος παισίν,Isocrates,Larue Van Hook,Harvard University Press,1945,English,18392,data/heb0001/tlg023,data
tlg0010.tlg022.perseus-eng2.xml,,To Dionysius,Isocrates,Larue Van Hook,Harvard University Press,1945,English,13356,data/heb0001/tlg022,data
tlg0010.tlg022.perseus-grc2.xml,urn:cts:greekLit:tlg0010.tlg022.perseus-grc2,Πρὸς Διονύσιον,Isocrates,Larue Van Hook,Harvard University Press,1945,English,14351,data/heb0001/tlg022,data
tlg0010.tlg025.perseus-grc2.xml,urn:cts:greekLit:tlg0010.tlg025.perseus-grc2,τοῖς Μυτιληναίων ἄρχουσιν,Isocrates,Larue Van Hook,Harvard University Press,1945,English,15530,data/heb0001/tlg025,data
tlg0010.tlg025.perseus-eng2.xml,,To the Rulers of the Mytilenaeans,Isocrates,Larue Van Hook,Harvard University Press,1945,English,13025,data/heb0001/tlg025,data
tlg0010.tlg013.perseus-eng2.xml,,To Nicocles,Isocrates,George Norlin,Harvard University Press,1928,English,43324,data/heb0001/tlg013,data
tlg0010.tlg013.perseus-grc2.xml,urn:cts:greekLit:tlg0010.tlg013.perseus-grc2,Προς Νικοκλεί,Isocrates,George Norlin,Harvard University Press,1928,English,51261,data/heb0001/tlg013,data
tlg0010.tlg014.perseus-grc2.xml,urn:cts:greekLit:tlg0010.tlg014.perseus-grc2,Νικόκλης ἢ Κύπριοι,Isocrates,George Norlin,Harvard University Press,1928,English,62067,data/heb0001/tlg014,data
tlg0010.tlg014.perseus-eng2.xml,,Nicocles or the Cyprians,Isocrates,George Norlin,Harvard University Press,1928,English,50048,data/heb0001/tlg014,data
heb0001.heb010.1st1K-eng1.xml,,Isaiah,,Richard Rusden Ottley,Cambridge University Press,1904,Latin,346883,data/heb0001/heb010,data
tlg0010.tlg003.perseus-eng2.xml,,Against Lochites,Isocrates,Larue Van Hook,Harvard University Press,1945,English,20088,data/heb0001/tlg003,data
tlg0010.tlg003.perseus-grc2.xml,urn:cts:greekLit:tlg0010.tlg003.perseus-grc2,Κατὰ Λοχίτου,Isocrates,Larue Van Hook,Harvard University Press,1945,English,22440,data/heb0001/tlg003,data
tlg0010.tlg004.perseus-grc2.xml,urn:cts:greekLit:tlg0010.tlg004.perseus-grc2,Περὶ ἵππων ζεύγους,Isocrates,Larue Van Hook,Harvard University Press,1945,English,49529,data/heb0001/tlg004,data
tlg0010.tlg004.perseus-eng2.xml,,Concerning the Team of Horses,Isocrates,Larue Van Hook,Harvard University Press,1945,English,45884,data/heb0001/tlg004,data
tlg0010.tlg005.perseus-grc2.xml,urn:cts:greekLit:tlg0010.tlg005.perseus-grc2,Τραπεζιτικός,Isocrates,Larue Van Hook,Harvard University Press,1945,English,57732,data/heb0001/tlg005,data
tlg0010.tlg005.perseus-eng2.xml,,Trapeziticus,Isocrates,Larue Van Hook,Harvard University Press,1945,English,46932,data/heb0001/tlg005,data
tlg0010.tlg002.perseus-eng2.xml,,Against Callimachus,Isocrates,Larue Van Hook,Harvard University Press,1945,English,53223,data/heb0001/tlg002,data
tlg0010.tlg002.perseus-grc2.xml,urn:cts:greekLit:tlg0010.tlg002.perseus-grc2,παράγραφος προς καλλίμαχον,Isocrates,Larue Van Hook,Harvard University Press,1945,English,62121,data/heb0001/tlg002,data
tlg0010.tlg011.perseus-grc2.xml,urn:cts:greekLit:tlg0010.tlg011.perseus-grc2,Πανηγυρικός,Isocrates,George Norlin,Harvard University Press,1928,English,168934,data/heb0001/tlg011,data
tlg0010.tlg011.perseus-eng2.xml,,Panegyricus,Isocrates,George Norlin,Harvard University Press,1928,English,187948,data/heb0001/tlg011,data
tlg0010.tlg016.perseus-eng2.xml,,Archidamus,Isocrates,George Norlin,Harvard University Press,1928,English,95076,data/heb0001/tlg016,data
tlg0010.tlg016.perseus-grc2.xml,urn:cts:greekLit:tlg0010.tlg016.perseus-grc2,Ἀρχίδαμος,Isocrates,George Norlin,Harvard University Press,1928,English,99349,data/heb0001/tlg016,data
tlg0010.tlg029.perseus-eng2.xml,,To Antipater,Isocrates,Larue Van Hook,Harvard University Press,1945,English,14573,data/heb0001/tlg029,data
tlg0010.tlg029.perseus-grc2.xml,urn:cts:greekLit:tlg0010.tlg029.perseus-grc2,Ἀντιπάτρῳ,Isocrates,Larue Van Hook,Harvard University Press,1945,English,17456,data/heb0001/tlg029,data
tlg0010.tlg020.perseus-grc2.xml,urn:cts:greekLit:tlg0010.tlg020.perseus-grc2,Φίλιππος,Isocrates,George Norlin,Harvard University Press,1928,English,135375,data/heb0001/tlg020,data
tlg0010.tlg020.perseus-eng2.xml,,To Philip,Isocrates,George Norlin,Harvard University Press,1928,English,132087,data/heb0001/tlg020,data
tlg0010.tlg027.perseus-eng2.xml,,"To Philip, I",Isocrates,Larue Van Hook,Harvard University Press,1945,English,19842,data/heb0001/tlg027,data
tlg0010.tlg027.perseus-grc2.xml,urn:cts:greekLit:tlg0010.tlg027.perseus-grc2,Φιλίππῳ α΄,Isocrates,Larue Van Hook,Harvard University Press,1945,English,24834,data/heb0001/tlg027,data
tlg0010.tlg018.perseus-eng2.xml,,Areopagiticus,Isocrates,George Norlin,Harvard University Press,1928,English,85685,data/heb0001/tlg018,data
tlg0010.tlg018.perseus-grc2.xml,urn:cts:greekLit:tlg0010.tlg018.perseus-grc2,Ἀρεοπαγιτικός,Isocrates,George Norlin,Harvard University Press,1928,English,75424,data/heb0001/tlg018,data
tlg0010.tlg026.perseus-eng3.xml,,To Timotheus,Isocrates,Larue Van Hook,Harvard University Press,1945,English,13011,data/heb0001/tlg026,data
tlg0010.tlg026.perseus-grc3.xml,urn:cts:greekLit:tlg0010.tlg026.perseus-grc3,Τιμοθέῳ,Isocrates,Larue Van Hook,Harvard University Press,1945,English,16972,data/heb0001/tlg026,data
tlg0010.tlg019.perseus-eng2.xml,,Antidosis,Isocrates,George Norlin,Harvard University Press,1928,English,228588,data/heb0001/tlg019,data
tlg0010.tlg019.perseus-grc2.xml,urn:cts:greekLit:tlg0010.tlg019.perseus-grc2,Περὶ ἀντιδόσεως,Isocrates,George Norlin,Harvard University Press,1928,English,271854,data/heb0001/tlg019,data
tlg0010.tlg021.perseus-grc2.xml,urn:cts:greekLit:tlg0010.tlg021.perseus-grc2,Πανηγητικός,Isocrates,George Norlin,Harvard University Press,1928,English,248012,data/heb0001/tlg021,data
tlg0010.tlg021.perseus-eng2.xml,,Panathenaicus,Isocrates,George Norlin,Harvard University Press,1928,English,226425,data/heb0001/tlg021,data
tlg0010.tlg017.perseus-eng2.xml,,On the Peace,Isocrates,George Norlin,Harvard University Press,1928,English,143573,data/heb0001/tlg017,data
tlg0010.tlg017.perseus-grc2.xml,urn:cts:greekLit:tlg0010.tlg017.perseus-grc2,Περὶ εἰρήνης,Isocrates,George Norlin,Harvard University Press,1928,English,127052,data/heb0001/tlg017,data
tlg0010.tlg028.perseus-eng2.xml,,To Alexander,Isocrates,Larue Van Hook,Harvard University Press,1945,English,9562,data/heb0001/tlg028,data
tlg0010.tlg028.perseus-grc2.xml,urn:cts:greekLit:tlg0010.tlg028.perseus-grc2,Ἀλεξάνδρῳ,Isocrates,Larue Van Hook,Harvard University Press,1945,English,10138,data/heb0001/tlg028,data
tlg0010.tlg010.perseus-grc2.xml,urn:cts:greekLit:tlg0010.tlg010.perseus-grc2,Βούσιρις,Isocrates,Larue Van Hook,Harvard University Press,1945,English,47421,data/heb0001/tlg010,data
tlg0010.tlg010.perseus-eng2.xml,,Busiris,Isocrates,Larue Van Hook,Harvard University Press,1945,English,40750,data/heb0001/tlg010,data
tlg4026.tlg001.1st1K-grc1.xml,urn:cts:greekLit:tlg4026.tlg001.1st1K-grc1,In Aristotelis artem rhetoricam commentarium,Anonymi in Aristotelis Artem Rhetoricam,Hugo Rabe,Typ. et impensis G. Reimeri,1896,Greek,1269327,data/tlg4026/tlg001,data
tlg4026.tlg003.1st1K-grc1.xml,urn:cts:greekLit:tlg4026.tlg003.1st1K-grc1,Fragmentum paraphrasis in Aristotelis rhetorica,Anonymi in Aristotelis Artem Rhetoricam,Hugo Rabe,Typ. et impensis G. Reimeri,1896,Greek,17422,data/tlg4026/tlg003,data
tlg4026.tlg002.1st1K-grc1.xml,urn:cts:greekLit:tlg4026.tlg002.1st1K-grc1,Fragmentum commentarii in Aristotelis rhetorica,Anonymi in Aristotelis Artem Rhetoricam,Hugo Rabe,Typ. et impensis G. Reimeri,1896,Greek,33096,data/tlg4026/tlg002,data
tlg1766.tlg001.perseus-grc1.xml,urn:cts:greekLit:tlg1766.tlg001.perseus-grc1,Oratio ad Graecos,Tatianus,Johann Carl Theodor Otto,Mauke,1851,Greek,150510,data/tlg1766/tlg001,data
tlg0640.tlg001.1st1K-grc1.xml,urn:cts:greekLit:tlg0640.tlg001.1st1K-grc1,Epistulae,Alciphron,M. A. Schepers,Teubner,1905,Greek,480042,data/tlg0640/tlg001,data
tlg0016.tlg001.perseus-eng2.xml,,The Histories,Herodotus,A. D. Godley,Harvard University Press,1920-1925,English,3782695,data/tlg0016/tlg001,data
tlg0016.tlg001.perseus-grc2.xml,urn:cts:greekLit:tlg0016.tlg001.perseus-grc2,Ἱστορίαι,Herodotus,A.D. Godley,Harvard University Press,1920-1925,Greek,2949638,data/tlg0016/tlg001,data
tlg0649.tlg003.1st1K-grc1.xml,urn:cts:greekLit:tlg0649.tlg003.1st1K-grc1,Προτρεπτικὸς Β̄,Lesbonax (Rhetorician),Friedrich Kiehr,Dumont-Schauberg,1906,Greek,16352,data/tlg0649/tlg003,data
tlg0649.tlg002.1st1K-grc1.xml,urn:cts:greekLit:tlg0649.tlg002.1st1K-grc1,Προτρεπτικὸς Ᾱ,Lesbonax (Rhetorician),Friedrich Kiehr,Dumont-Schauberg,1906,Greek,22944,data/tlg0649/tlg002,data
tlg1562.tlg002.1st1K-grc1.xml,urn:cts:greekLit:tlg1562.tlg002.1st1K-grc1,Fragmenta,Parmenides,Hermann Diels,Weidmann,1922,Greek,48158,data/tlg1562/tlg002,data
tlg1750.tlg001.1st1K-grc1.xml,urn:cts:greekLit:tlg1750.tlg001.1st1K-grc1,De prophetarum vita et obitu (Dorothei recensio),Pseudo-Dorotheus (Vitae Prophetarum),Theodorus Schermann,Teubner,1907,Greek,75948,data/tlg1750/tlg001,data
tlg1750.tlg003.1st1K-grc1.xml,urn:cts:greekLit:tlg1750.tlg003.1st1K-grc1,De prophetarum vita et obitu (recensio scholiis Hesychii aliorumque patrum in prophetas adjecta),Vitae Prophetarum (Scholius Hesychius),Theodorus Schermann,Teubner,1907,Greek,20040,data/tlg1750/tlg003,data
tlg1750.tlg004.1st1K-grc1.xml,urn:cts:greekLit:tlg1750.tlg004.1st1K-grc1,Index apostolorum discipulorumque Domini,Pseudo-Dorotheus (Vitae Prophetarum),Theodorus Schermann,Teubner,1907,Greek,64805,data/tlg1750/tlg004,data
tlg1750.tlg002.1st1K-grc1.xml,urn:cts:greekLit:tlg1750.tlg002.1st1K-grc1,De prophetarum vita et obitu (recensio anonyma),Vitae Prophetarum,Theodorus Schermann,Teubner,1907,Greek,59452,data/tlg1750/tlg002,data
tlg0020.tlg001.perseus-eng2.xml,,Theogony,Hesiod,Hugh G. Evelyn-White,William Heinemann Ltd.,1914,English,107445,data/tlg0020/tlg001,data
tlg0020.tlg001.perseus-grc2.xml,urn:cts:greekLit:tlg0020.tlg001.perseus-grc2,Θεογονία,Hesiod,Hugh G. Evelyn-White,William Heinemann Ltd.,1914,Greek,133017,data/tlg0020/tlg001,data
tlg0020.tlg003.perseus-grc2.xml,urn:cts:greekLit:tlg0020.tlg003.perseus-grc2,Ἀσπὶς Ἡρακλέους,Hesiod,Hugh G. Evelyn-White,William Heinemann Ltd.,1914,Greek,52675,data/tlg0020/tlg003,data
tlg0020.tlg003.perseus-eng2.xml,,Shield of Heracles,Hesiod,,William Heinemann Ltd.,1914,English,36120,data/tlg0020/tlg003,data
tlg0020.tlg002.perseus-grc2.xml,urn:cts:greekLit:tlg0020.tlg002.perseus-grc2,Ἔργα καὶ Ἡμέραι,Hesiod,,William Heinemann Ltd.,1914,Greek,91171,data/tlg0020/tlg002,data
tlg0020.tlg002.perseus-eng2.xml,,Works and Days,Hesiod,Hugh G. Evelyn-White,William Heinemann Ltd.,1914,English,63357,data/tlg0020/tlg002,data
tlg1596.tlg002.1st1K-grc1.xml,urn:cts:greekLit:tlg1596.tlg002.1st1K-grc1,Fragmenta,Philolaus of Croton,Hermann Diels,Weidmann,1922,Greek,35034,data/tlg1596/tlg002,data
tlg0676.tlg001.1st1K-grc1.xml,urn:cts:greekLit:tlg0676.tlg001.1st1K-grc1,Πρὸς τὰς ἀρχομένας ὑποχύσεις,"Aglaias, Byzantius",U. C. Bussemaker,Firmin Didot,1862,Greek,6193,data/tlg0676/tlg001,data
tlg0018.tlg009.1st1K-eng1.xml,,On the Tilling of the Earth by Noah,Philo Judaeus,Charles Duke Yonge,Henry G. Bohn,1854,English,118570,data/tlg0018/tlg009,data
tlg0018.tlg009.1st1K-grc1.xml,urn:cts:greekLit:tlg0018.tlg009.1st1K-grc1,De agricultura,Philo Judaeus,Paul Wendland,Reimer,1897,Greek,205836,data/tlg0018/tlg009,data
tlg0018.tlg031.1st1K-grc1.xml,urn:cts:greekLit:tlg0018.tlg031.1st1K-grc1,Legatio Ad Gaium,Philo Judaeus,Leopold Cohn,Reimer,1915,Greek,409573,data/tlg0018/tlg031,data
tlg0018.tlg031.1st1K-eng1.xml,,On the Virtues and on the Office of Ambassadors. Adressed to Caius,Philo Judaeus,Charles Duke Yonge,Henry G. Bohn,1855,English,243092,data/tlg0018/tlg031,data
tlg0018.tlg007.1st1K-eng1.xml,,On the Giants,Philo Judaeus,Charles Duke Yonge,Henry G. Bohn,1854,English,43774,data/tlg0018/tlg007,data
tlg0018.tlg007.1st1K-grc1.xml,urn:cts:greekLit:tlg0018.tlg007.1st1K-grc1,De gigantibus,Philo Judaeus,Paul Wendland,Reimer,1897,Greek,76186,data/tlg0018/tlg007,data
tlg0018.tlg001.1st1K-eng1.xml,,On the Creation of the World,Philo Judaeus,Charles Duke Yonge,Henry G. Bohn,1854,English,153773,data/tlg0018/tlg001,data
tlg0018.tlg001.1st1K-grc1.xml,urn:cts:greekLit:tlg0018.tlg001.1st1K-grc1,De opificio mundi,Philo Judaeus,Leopold Cohn,Reimer,1896,Greek,310028,data/tlg0018/tlg001,data
tlg0018.tlg006.1st1K-eng1.xml,,On the Posterity of Cain,Philo Judaeus,Charles Duke Yonge,Henry G. Bohn,1854,English,140389,data/tlg0018/tlg006,data
tlg0018.tlg006.1st1K-grc1.xml,urn:cts:greekLit:tlg0018.tlg006.1st1K-grc1,De Posteritate Caini,Philo Judaeus,Paul Wendland,Reimer,1897,Greek,219005,data/tlg0018/tlg006,data
tlg0018.tlg030.1st1K-grc1.xml,urn:cts:greekLit:tlg0018.tlg030.1st1K-grc1,In Flaccum,Philo Judaeus,Leopold Cohn,Reimer,1915,Greek,206922,data/tlg0018/tlg030,data
tlg0018.tlg030.1st1K-eng1.xml,,Against Flaccus,Philo Judaeus,Charles Duke Yonge,Henry G. Bohn,1855,English,120372,data/tlg0018/tlg030,data
tlg0018.tlg008.1st1K-eng1.xml,,On the Unchangeableness of God,Philo Judaeus,Charles Duke Yonge,Henry G. Bohn,1854,English,116071,data/tlg0018/tlg008,data
tlg0018.tlg008.1st1K-grc1.xml,urn:cts:greekLit:tlg0018.tlg008.1st1K-grc1,Quod deus sit immutabilis,Philo Judaeus,Paul Wendland,Reimer,1897,Greek,208232,data/tlg0018/tlg008,data
tlg0018.tlg015.1st1K-eng1.xml,,"On the question, Who is the Heir of Divine Things",Philo Judaeus,Charles Duke Yonge,Henry G. Bohn,1854,English,205620,data/tlg0018/tlg015,data
tlg0018.tlg015.1st1K-grc1.xml,urn:cts:greekLit:tlg0018.tlg015.1st1K-grc1,Quis rerum divinarum heres sit,Philo Judaeus,Paul Wendland,Reimer,1898,Greek,372368,data/tlg0018/tlg015,data
tlg0018.tlg012.1st1K-eng1.xml,,On Sobriety,Philo Judaeus,Charles Duke Yonge,Henry G. Bohn,1854,English,47243,data/tlg0018/tlg012,data
tlg0018.tlg012.1st1K-grc1.xml,urn:cts:greekLit:tlg0018.tlg012.1st1K-grc1,De sobrietate,Philo Judaeus,Paul Wendland,Reimer,1897,Greek,76734,data/tlg0018/tlg012,data
tlg0018.tlg024.1st1K-grc1.xml,urn:cts:greekLit:tlg0018.tlg024.1st1K-grc1,De specialibus legibus (lib. i‑iv),Philo Judaeus,Leopold Cohn,Reimer,1906,Greek,1392057,data/tlg0018/tlg024,data
tlg0018.tlg024.1st1K-eng1.xml,,On the Creation of Magistrates,Philo Judaeus,Charles Duke Yonge,Henry G. Bohn,1855,English,699790,data/tlg0018/tlg024,data
tlg0018.tlg023.1st1K-grc1.xml,urn:cts:greekLit:tlg0018.tlg023.1st1K-grc1,De decalogo,Philo Judaeus,Leopold Cohn,Reimer,1902,Greek,209481,data/tlg0018/tlg023,data
tlg0018.tlg023.1st1K-eng1.xml,,"Concerning the Ten Commandments, which are the Heads ofthe Law",Philo Judaeus,Charles Duke Yonge,Henry G. Bohn,1855,English,117176,data/tlg0018/tlg023,data
tlg0018.tlg022.1st1K-grc1.xml,urn:cts:greekLit:tlg0018.tlg022.1st1K-grc1,De vita Mosis (lib. i‑ii),Philo Judaeus,Leopold Cohn,Reimer,1902,Greek,803435,data/tlg0018/tlg022,data
tlg0018.tlg022.1st1K-eng1.xml,,On the Life of Moses: Books 1-3,Philo Judaeus,Charles Duke Yonge,Henry G. Bohn,1855,English,408403,data/tlg0018/tlg022,data
tlg0018.tlg025.1st1K-grc1.xml,urn:cts:greekLit:tlg0018.tlg025.1st1K-grc1,De virtutibus,Philo Judaeus,Leopold Cohn,Reimer,1906,Greek,377366,data/tlg0018/tlg025,data
tlg0018.tlg025.1st1K-eng1.xml,,"On Three Virtues, that is to say, on Courage, Humanity, and Repentance",Philo Judaeus,Charles Duke Yonge,Henry G. Bohn,1855,English,170801,data/tlg0018/tlg025,data
tlg0018.tlg013.1st1K-eng1.xml,,On the Confusion of Languages,Philo Judaeus,Charles Duke Yonge,Henry G. Bohn,1854,English,134655,data/tlg0018/tlg013,data
tlg0018.tlg013.1st1K-grc1.xml,urn:cts:greekLit:tlg0018.tlg013.1st1K-grc1,De confusione linguarum,Philo Judaeus,Paul Wendland,Reimer,1897,Greek,211957,data/tlg0018/tlg013,data
tlg0018.tlg014.1st1K-eng1.xml,,On the Migration of Abraham,Philo Judaeus,Charles Duke Yonge,Henry G. Bohn,1854,English,163613,data/tlg0018/tlg014,data
tlg0018.tlg014.1st1K-grc1.xml,urn:cts:greekLit:tlg0018.tlg014.1st1K-grc1,De migratione Abrahami,Philo Judaeus,Paul Wendland,Reimer,1897,Greek,245944,data/tlg0018/tlg014,data
tlg0018.tlg003.1st1K-eng1.xml,,"On the Cherubim; and on the Flaming Sword; and on the First-Born Child of Man, Cain",Philo Judaeus,Charles Duke Yonge,Henry G. Bohn,1854,English,98177,data/tlg0018/tlg003,data
tlg0018.tlg003.1st1K-grc1.xml,urn:cts:greekLit:tlg0018.tlg003.1st1K-grc1,De Cherubim,Philo Judaeus,Leopold Cohn,Reimer,1896,Greek,169268,data/tlg0018/tlg003,data
tlg0018.tlg004.1st1K-eng1.xml,,On the Sacrifice of Abel and Cain,Philo Judaeus,Charles Duke Yonge,Henry G. Bohn,1854,English,120616,data/tlg0018/tlg004,data
tlg0018.tlg004.1st1K-grc1.xml,urn:cts:greekLit:tlg0018.tlg004.1st1K-grc1,De sacrificiis Abelis et Caini,Philo Judaeus,Leopold Cohn,Reimer,1896,Greek,271202,data/tlg0018/tlg004,data
tlg0018.tlg005.1st1K-eng1.xml,,On the Principle that the Worse is accustomed to be always plotting against the Better,Philo Judaeus,Charles Duke Yonge,Henry G. Bohn,1854,English,141600,data/tlg0018/tlg005,data
tlg0018.tlg005.1st1K-grc1.xml,urn:cts:greekLit:tlg0018.tlg005.1st1K-grc1,Quod deterius potiori insidiari soleat,Philo Judaeus,Leopold Cohn,Reimer,1896,Greek,217438,data/tlg0018/tlg005,data
tlg0018.tlg002.1st1K-eng1.xml,,On the Allegories of the Sacred Laws,Philo Judaeus,Charles Duke Yonge,Henry G. Bohn,1854,English,374523,data/tlg0018/tlg002,data
tlg0018.tlg002.1st1K-grc1.xml,urn:cts:greekLit:tlg0018.tlg002.1st1K-grc1,Legum allegoriarum libri i‑iii,Philo Judaeus,Leopold Cohn,Reimer,1896,Greek,575763,data/tlg0018/tlg002,data
tlg0018.tlg011.1st1K-eng1.xml,,On Drunkenness,Philo Judaeus,Charles Duke Yonge,Henry G. Bohn,1854,English,145608,data/tlg0018/tlg011,data
tlg0018.tlg011.1st1K-grc1.xml,urn:cts:greekLit:tlg0018.tlg011.1st1K-grc1,De ebrietate,Philo Judaeus,Paul Wendland,Reimer,1897,Greek,245064,data/tlg0018/tlg011,data
tlg0018.tlg016.1st1K-eng1.xml,,On the Meeting for the sake of receiving Instructions,Philo Judaeus,Charles Duke Yonge,Henry G. Bohn,1854,English,118122,data/tlg0018/tlg016,data
tlg0018.tlg016.1st1K-grc1.xml,urn:cts:greekLit:tlg0018.tlg016.1st1K-grc1,De congressu eruditionis gratia,Philo Judaeus,Paul Wendland,Reimer,1898,Greek,203629,data/tlg0018/tlg016,data
tlg0018.tlg029.1st1K-grc1.xml,urn:cts:greekLit:tlg0018.tlg029.1st1K-grc1,De aeternitate mundi,Philo Judaeus,Siegfried Reiter,Reimer,1915,Greek,253465,data/tlg0018/tlg029,data
tlg0018.tlg029.1st1K-eng1.xml,,On the Incorruptibility of the World,Philo Judaeus,Charles Duke Yonge,Henry G. Bohn,1855,English,123005,data/tlg0018/tlg029,data
tlg0018.tlg020.1st1K-grc1.xml,urn:cts:greekLit:tlg0018.tlg020.1st1K-grc1,De Abrahamo,Philo Judaeus,Leopold Cohn,Reimer,1902,Greek,326975,data/tlg0018/tlg020,data
tlg0018.tlg020.1st1K-eng1.xml,,"On the Life of the Wise Man made perfect by Instruction; or, on the Unwritten Law, that is to say, on Abraham",Philo Judaeus,Charles Duke Yonge,Henry G. Bohn,1854,English,171395,data/tlg0018/tlg020,data
tlg0018.tlg027.1st1K-grc1.xml,urn:cts:greekLit:tlg0018.tlg027.1st1K-grc1,Quod omnis probus liber sit,Philo Judaeus,Leopold Cohn,Reimer,1915,Greek,233686,data/tlg0018/tlg027,data
tlg0018.tlg027.1st1K-eng1.xml,,To Prove that every Man who is virtuous is also free,Philo Judaeus,Charles Duke Yonge,Henry G. Bohn,1855,English,109683,data/tlg0018/tlg027,data
tlg0018.tlg018.1st1K-eng1.xml,,On the question why certain Names in the Holy Scriptures are changed,Philo Judaeus,Charles Duke Yonge,Henry G. Bohn,1854,English,175638,data/tlg0018/tlg018,data
tlg0018.tlg018.1st1K-grc1.xml,urn:cts:greekLit:tlg0018.tlg018.1st1K-grc1,De mutatione nominum,Philo Judaeus,Paul Wendland,Reimer,1898,Greek,259920,data/tlg0018/tlg018,data
tlg0018.tlg026.1st1K-grc1.xml,urn:cts:greekLit:tlg0018.tlg026.1st1K-grc1,De praemiis et poenis et De exsecrationibus,Philo Judaeus,Leopold Cohn,Reimer,1906,Greek,217894,data/tlg0018/tlg026,data
tlg0018.tlg026.1st1K-eng1.xml,,On Rewards and Punishments,Philo Judaeus,Charles Duke Yonge,Henry G. Bohn,1855,English,122686,data/tlg0018/tlg026,data
tlg0018.tlg019.1st1K-eng1.xml,,"On the doctrine that Dreams are sent from God, Books 1-2",Philo Judaeus,Charles Duke Yonge,Henry G. Bohn,1854,English,335970,data/tlg0018/tlg019,data
tlg0018.tlg019.1st1K-grc1.xml,urn:cts:greekLit:tlg0018.tlg019.1st1K-grc1,De somniis (lib. i‑ii),Philo Judaeus,Paul Wendland,Reimer,1898,Greek,550283,data/tlg0018/tlg019,data
tlg0018.tlg021.1st1K-grc1.xml,urn:cts:greekLit:tlg0018.tlg021.1st1K-grc1,De Josepho,Philo Judaeus,Leopold Cohn,Reimer,1902,Greek,309520,data/tlg0018/tlg021,data
tlg0018.tlg021.1st1K-eng1.xml,,"On the Life of a Man occupied with Affairs of State; or, on Joseph",Philo Judaeus,Charles Duke Yonge,Henry G. Bohn,1854,English,168409,data/tlg0018/tlg021,data
tlg0018.tlg017.1st1K-eng1.xml,,On Fugitives,Philo Judaeus,Charles Duke Yonge,Henry G. Bohn,1854,English,140224,data/tlg0018/tlg017,data
tlg0018.tlg017.1st1K-grc1.xml,urn:cts:greekLit:tlg0018.tlg017.1st1K-grc1,De fuga et inventione,Philo Judaeus,Paul Wendland,Reimer,1898,Greek,234601,data/tlg0018/tlg017,data
tlg0018.tlg028.1st1K-grc1.xml,urn:cts:greekLit:tlg0018.tlg028.1st1K-grc1,De vita contemplativa,Philo Judaeus,Leopold Cohn,Reimer,1915,Greek,138561,data/tlg0018/tlg028,data
tlg0018.tlg028.1st1K-eng1.xml,,"On the Contemplative Life, or on the Virtues of Suppliants",Philo Judaeus,Charles Duke Yonge,Henry G. Bohn,1855,English,63568,data/tlg0018/tlg028,data
tlg0018.tlg010.1st1K-eng1.xml,,About the Planting of Noah,Philo Judaeus,Charles Duke Yonge,Henry G. Bohn,1854,English,114873,data/tlg0018/tlg010,data
tlg0018.tlg010.1st1K-grc1.xml,urn:cts:greekLit:tlg0018.tlg010.1st1K-grc1,De plantatione,Philo Judaeus,Paul Wendland,Reimer,1897,Greek,200151,data/tlg0018/tlg010,data
tlg0671.tlg001.1st1K-grc1.xml,urn:cts:greekLit:tlg0671.tlg001.1st1K-grc1,De venenatis animalibus eorumque remediis,Philumenus,Max Wellmann,Teubner,1908,Greek,194040,data/tlg0671/tlg001,data
tlg0027.tlg001.perseus-eng2.xml,,On the Mysteries,Andocides,Kenneth John Maidment,"William Heinemann, Ltd.",1941,Greek,146111,data/tlg0027/tlg001,data
tlg0027.tlg001.perseus-grc2.xml,urn:cts:greekLit:tlg0027.tlg001.perseus-grc2,Περὶ τῶν μυστηρίων,Andocides,Kenneth John Maidment,"William Heinemann, Ltd.",1941,Greek,184350,data/tlg0027/tlg001,data
tlg0027.tlg003.perseus-grc2.xml,urn:cts:greekLit:tlg0027.tlg003.perseus-grc2,Περὶ τῆς πρὸς Λακεδαιμονίους εἰρήνης,Andocides,Kenneth John Maidment,"William Heinemann, Ltd.",1941,Greek,59131,data/tlg0027/tlg003,data
tlg0027.tlg003.perseus-eng2.xml,,On the Peace with Sparta,Andocides,Kenneth John Maidment,"William Heinemann, Ltd.",1941,English,49391,data/tlg0027/tlg003,data
tlg0027.tlg004.perseus-eng2.xml,,Against Alcibiades,Andocides,Kenneth John Maidment,"William Heinemann, Ltd.",1941,English,42558,data/tlg0027/tlg004,data
tlg0027.tlg004.perseus-grc2.xml,urn:cts:greekLit:tlg0027.tlg004.perseus-grc2,Κατὰ Ἀλκιβιάδου,Andocides,Kenneth John Maidment,"William Heinemann, Ltd.",1941,Greek,61769,data/tlg0027/tlg004,data
tlg0027.tlg002.perseus-grc2.xml,urn:cts:greekLit:tlg0027.tlg002.perseus-grc2,Περὶ τῆς ἑαυτοῦ καθόδου,Andocides,Kenneth John Maidment,"William Heinemann, Ltd.",1941,Greek,36852,data/tlg0027/tlg002,data
tlg0027.tlg002.perseus-eng2.xml,,On His Return,Andocides,Kenneth John Maidment,"William Heinemann, Ltd.",1941,Greek,25128,data/tlg0027/tlg002,data
tlg4017.tlg001.1st1K-grc1.xml,urn:cts:greekLit:tlg4017.tlg001.1st1K-grc1,In Aristotelis Metaphysica Commentaria,Syrianus,Wilhelm Kroll,Reimer,1902,Greek,1067257,data/tlg4017/tlg001,data
tlg1367.tlg001.1st1K-grc1.xml,urn:cts:greekLit:tlg1367.tlg001.1st1K-grc1,Epistulae,Euripides Epistulae,Rudolf Hercher,A. F. Didot,1873,Greek,31644,data/tlg1367/tlg001,data
tlg0087.tlg009.1st1K-grc1.xml,urn:cts:greekLit:tlg0087.tlg009.1st1K-grc1,Περὶ παθῶν,Herodianus,August Lentz,Teubner,1868,Greek,1070072,data/tlg0087/tlg009,data
tlg0087.tlg031.1st1K-grc1.xml,urn:cts:greekLit:tlg0087.tlg031.1st1K-grc1,Προτάσεις,Herodianus,August Lentz,Teubner,1868,Greek,4027,data/tlg0087/tlg031,data
tlg0087.tlg007.1st1K-grc1.xml,urn:cts:greekLit:tlg0087.tlg007.1st1K-grc1,Περὶ Ἰλιακῆς προσῳδίας,Herodianus,August Lentz,Teubner,1868,Greek,556361,data/tlg0087/tlg007,data
tlg0087.tlg001.1st1K-grc1.xml,urn:cts:greekLit:tlg0087.tlg001.1st1K-grc1,Περι Καθολικης Προσῳδιας,Aelius Herodianus,Augustus Lentz,Teubner,1867,Greek,1787166,data/tlg0087/tlg001,data
tlg0087.tlg006.1st1K-grc1.xml,urn:cts:greekLit:tlg0087.tlg006.1st1K-grc1,Περὶ Ἀττικῆς προσῳδίας,Herodianus,August Lentz,Teubner,1868,Greek,5642,data/tlg0087/tlg006,data
tlg0087.tlg030.1st1K-grc1.xml,urn:cts:greekLit:tlg0087.tlg030.1st1K-grc1,Συμπόσιον,Herodianus,August Lentz,Teubner,1868,Greek,14730,data/tlg0087/tlg030,data
tlg0087.tlg008.1st1K-grc1.xml,urn:cts:greekLit:tlg0087.tlg008.1st1K-grc1,Περὶ Ὀδυσσειακῆς προσῳδίας,Herodianus,August Lentz,Teubner,1868,Greek,191374,data/tlg0087/tlg008,data
tlg0087.tlg015.1st1K-grc1.xml,urn:cts:greekLit:tlg0087.tlg015.1st1K-grc1,Μονόβιβλον περὶ τοῦ ὕδωρ,Herodianus,August Lentz,Teubner,1868,Greek,4484,data/tlg0087/tlg015,data
tlg0087.tlg012.1st1K-grc1.xml,urn:cts:greekLit:tlg0087.tlg012.1st1K-grc1,Περὶ ὀνομάτων,Herodianus,August Lentz,Teubner,1868,Greek,107447,data/tlg0087/tlg012,data
tlg0087.tlg024.1st1K-grc1.xml,urn:cts:greekLit:tlg0087.tlg024.1st1K-grc1,Περὶ ἐπιρρημάτων,Herodianus,August Lentz,Teubner,1868,Greek,5256,data/tlg0087/tlg024,data
tlg0087.tlg023.1st1K-grc1.xml,urn:cts:greekLit:tlg0087.tlg023.1st1K-grc1,Περὶ ἀντωνυμιῶν,Herodianus,August Lentz,Teubner,1868,Greek,9145,data/tlg0087/tlg023,data
tlg0087.tlg022.1st1K-grc1.xml,urn:cts:greekLit:tlg0087.tlg022.1st1K-grc1,Περὶ τῶν εἰς μι,Herodianus,August Lentz,Teubner,1868,Greek,130740,data/tlg0087/tlg022,data
tlg0087.tlg025.1st1K-grc1.xml,urn:cts:greekLit:tlg0087.tlg025.1st1K-grc1,Περὶ σχημάτων,Herodianus,August Lentz,Teubner,1868,Greek,14528,data/tlg0087/tlg025,data
tlg0087.tlg013.1st1K-grc1.xml,urn:cts:greekLit:tlg0087.tlg013.1st1K-grc1,Περὶ κλίσεως ὀνομάτων,Herodianus,August Lentz,Teubner,1868,Greek,717682,data/tlg0087/tlg013,data
tlg0087.tlg014.1st1K-grc1.xml,urn:cts:greekLit:tlg0087.tlg014.1st1K-grc1,Εἰς τὸ περὶ γενῶν Ἀπολλωνίου ὑπόμνημα,Herodianus,August Lentz,Teubner,1868,Greek,3654,data/tlg0087/tlg014,data
tlg0087.tlg009a.1st1K-grc1.xml,urn:cts:greekLit:tlg0087.tlg009a.1st1K-grc1,Ἐκ τῶν Ἡρωδιανοῦ ὑπομνημάτων τῶν περὶ παθῶν Διδύμου,Herodianus,August Lentz,Teubner,1868,Greek,8336,data/tlg0087/tlg009a,data
tlg0087.tlg032.1st1K-grc1.xml,urn:cts:greekLit:tlg0087.tlg032.1st1K-grc1,Εἰς τὴν Ἀπολλωνίου εἰσαγωγήν,Herodianus,August Lentz,Teubner,1868,Greek,4095,data/tlg0087/tlg032,data
tlg0087.tlg035.1st1K-grc1.xml,urn:cts:greekLit:tlg0087.tlg035.1st1K-grc1,Περὶ σχημάτων,Aelius Herodianus,Leonhard von Spengel,Teubner,1856,Greek,59761,data/tlg0087/tlg035,data
tlg0087.tlg004.1st1K-grc1.xml,urn:cts:greekLit:tlg0087.tlg004.1st1K-grc1,Περὶ διχρόνων,Herodianus,August Lentz,Teubner,1868,Greek,70833,data/tlg0087/tlg004,data
tlg0087.tlg005.1st1K-grc1.xml,urn:cts:greekLit:tlg0087.tlg005.1st1K-grc1,Περὶ πνευμάτων,Herodianus,August Lentz,Teubner,1868,Greek,3943,data/tlg0087/tlg005,data
tlg0087.tlg002.1st1K-grc1.xml,urn:cts:greekLit:tlg0087.tlg002.1st1K-grc1,Περὶ ἐγκλινομένων,Aelius Herodianus,August Lentz,Teubner,1867,Greek,44014,data/tlg0087/tlg002,data
tlg0087.tlg033.1st1K-grc1.xml,urn:cts:greekLit:tlg0087.tlg033.1st1K-grc1,Περὶ μονήρους λέξεως,Herodianus,August Lentz,Teubner,1868,Greek,227087,data/tlg0087/tlg033,data
tlg0087.tlg011.1st1K-grc1.xml,urn:cts:greekLit:tlg0087.tlg011.1st1K-grc1,Περὶ ὀρθογραφίας,Herodianus,August Lentz,Teubner,1868,Greek,1215365,data/tlg0087/tlg011,data
tlg0087.tlg016.1st1K-grc1.xml,urn:cts:greekLit:tlg0087.tlg016.1st1K-grc1,Περὶ τοῦ ζώς,Herodianus,August Lentz,Teubner,1868,Greek,4213,data/tlg0087/tlg016,data
tlg0087.tlg029.1st1K-grc1.xml,urn:cts:greekLit:tlg0087.tlg029.1st1K-grc1,Περὶ γάμου καὶ συμβιώσεως,Herodianus,August Lentz,Teubner,1868,Greek,3722,data/tlg0087/tlg029,data
tlg0087.tlg020.1st1K-grc1.xml,urn:cts:greekLit:tlg0087.tlg020.1st1K-grc1,Μονόβιβλον περὶ τοῦ ἦν,Herodianus,August Lentz,Teubner,1868,Greek,10020,data/tlg0087/tlg020,data
tlg0087.tlg027.1st1K-grc1.xml,urn:cts:greekLit:tlg0087.tlg027.1st1K-grc1,Περὶ ῥηματικῶν ὀνομάτων,Herodianus,August Lentz,Teubner,1868,Greek,32718,data/tlg0087/tlg027,data
tlg0087.tlg018.1st1K-grc1.xml,urn:cts:greekLit:tlg0087.tlg018.1st1K-grc1,Μονόβιβλον περὶ τοῦ μὴ πάντα τὰ ῥήματα κλίνεσθαι εἰς πάντας τοὺς χρόνους,Herodianus,August Lentz,Teubner,1868,Greek,26779,data/tlg0087/tlg018,data
tlg0087.tlg026.1st1K-grc1.xml,urn:cts:greekLit:tlg0087.tlg026.1st1K-grc1,Περὶ παρωνύμων,Herodianus,August Lentz,Teubner,1868,Greek,244955,data/tlg0087/tlg026,data
tlg0087.tlg019.1st1K-grc1.xml,urn:cts:greekLit:tlg0087.tlg019.1st1K-grc1,Περὶ μετοχῶν,Herodianus,August Lentz,Teubner,1868,Greek,8061,data/tlg0087/tlg019,data
tlg0087.tlg021.1st1K-grc1.xml,urn:cts:greekLit:tlg0087.tlg021.1st1K-grc1,Περὶ ῥημάτων,Herodianus,August Lentz,Teubner,1868,Greek,230755,data/tlg0087/tlg021,data
tlg0087.tlg017.1st1K-grc1.xml,urn:cts:greekLit:tlg0087.tlg017.1st1K-grc1,Περὶ συζυγιῶν,Herodianus,August Lentz,Teubner,1868,Greek,3844,data/tlg0087/tlg017,data
tlg0087.tlg028.1st1K-grc1.xml,urn:cts:greekLit:tlg0087.tlg028.1st1K-grc1,Περὶ μονοσυλλάβων,Herodianus,August Lentz,Teubner,1868,Greek,6196,data/tlg0087/tlg028,data
tlg0087.tlg010.1st1K-grc1.xml,urn:cts:greekLit:tlg0087.tlg010.1st1K-grc1,Περὶ συντάξεως τῶν στοιχείων,Herodianus,August Lentz,Teubner,1868,Greek,88393,data/tlg0087/tlg010,data
tlg0074.tlg001.perseus-grc2.xml,urn:cts:greekLit:tlg0074.tlg001.perseus-grc2,Ἀλεξάνδρου Ἀνάβασις,Arrian,A. G. Roos,Teubner,1907,Greek,1175708,data/tlg0074/tlg001,data
tlg0074.tlg006.perseus-grc2.xml,urn:cts:greekLit:tlg0074.tlg006.perseus-grc2,Acies Contra Alanos,Arrian,Rudolf Hercher,Teubner,1885,Greek,22579,data/tlg0074/tlg006,data
tlg0074.tlg008.1st1K-grc1.xml,urn:cts:greekLit:tlg0074.tlg008.1st1K-grc1,Epistula ad Lucium Gellium,Arrian,A.G. Roos,Teubner,1910,Greek,7431,data/tlg0074/tlg008,data
tlg0074.tlg003.perseus-grc2.xml,urn:cts:greekLit:tlg0074.tlg003.perseus-grc2,Κυνηγετικός,Arrian,Rudolf Hercher,Teubner,1885,Greek,96951,data/tlg0074/tlg003,data
tlg0074.tlg004.perseus-grc2.xml,urn:cts:greekLit:tlg0074.tlg004.perseus-grc2,Περίπλους τοῦ Εὐξείνου Πόντου,Arrian,Rudolf Hercher,Teubner,1885,Greek,75490,data/tlg0074/tlg004,data
tlg0074.tlg005.perseus-grc2.xml,urn:cts:greekLit:tlg0074.tlg005.perseus-grc2,Τέχνη τακτική,Arrian,Rudolf Hercher,Teubner,1885,Greek,154369,data/tlg0074/tlg005,data
tlg0074.tlg002.perseus-grc2.xml,urn:cts:greekLit:tlg0074.tlg002.perseus-grc2,Ἰνδική,Arrian,Rudolf Hercher,Teubner,1885,Greek,231685,data/tlg0074/tlg002,data
tlg2949.tlg001.1st1K-grc1.xml,urn:cts:greekLit:tlg2949.tlg001.1st1K-grc1,Περίοδοι καὶ μαρτύριον τοῦ ἁγίου Βαρνάβα τοῦ ἀποστόλου,Acta Barnabae,Maximilianus Bonnet,Hermannus Mendelssohn,1903,Greek,34056,data/tlg2949/tlg001,data
tlg0284.tlg054.perseus-grc2.xml,urn:cts:greekLit:tlg0284.tlg054.perseus-grc2,Πρὸς Λεπτίνην ὑπὲρ ἀτελείας,Aelius Aristides,Wilhelm Dindorf,Reimer,1829,Greek,149359,data/tlg0284/tlg054,data
tlg0284.tlg053.perseus-grc2.xml,urn:cts:greekLit:tlg0284.tlg053.perseus-grc2,Πρὸς Δημοσθένη περὶ ἀτελείας,Aelius Aristides,Wilhelm Dindorf,Reimer,1829,Greek,116018,data/tlg0284/tlg053,data
tlg0284.tlg009.perseus-grc2.xml,urn:cts:greekLit:tlg0284.tlg009.perseus-grc2,Εἰς βασιλέα [sp.],Aelius Aristides,Wilhelm Dindorf,Reimer,1829,Greek,40782,data/tlg0284/tlg009,data
tlg0284.tlg036.perseus-grc2.xml,urn:cts:greekLit:tlg0284.tlg036.perseus-grc2,Λευκτρικὸς Δ. (ὑπὲρ Θηβαίων δεύτερος),Aelius Aristides,Wilhelm Dindorf,Reimer,1829,Greek,35437,data/tlg0284/tlg036,data
tlg0284.tlg031.perseus-grc2.xml,urn:cts:greekLit:tlg0284.tlg031.perseus-grc2,Ὑπὲρ τῆς πρὸς Λακεδαιμονίους εἰρήνης,Aelius Aristides,Wilhelm Dindorf,Reimer,1829,Greek,33581,data/tlg0284/tlg031,data
tlg0284.tlg038.perseus-grc2.xml,urn:cts:greekLit:tlg0284.tlg038.perseus-grc2,Συμμαχικὸς Α.,Aelius Aristides,Wilhelm Dindorf,Reimer,1829,Greek,54430,data/tlg0284/tlg038,data
tlg0284.tlg007.perseus-grc2.xml,urn:cts:greekLit:tlg0284.tlg007.perseus-grc2,Ἀσκληπιάδαι,Aelius Aristides,Wilhelm Dindorf,Reimer,1829,Greek,22302,data/tlg0284/tlg007,data
tlg0284.tlg052.perseus-grc2.xml,urn:cts:greekLit:tlg0284.tlg052.perseus-grc2,Πρεσβευτικὸς πρὸς Ἀχιλλέα,Aelius Aristides,Wilhelm Dindorf,Reimer,1829,Greek,45495,data/tlg0284/tlg052,data
tlg0284.tlg055.perseus-grc2.xml,urn:cts:greekLit:tlg0284.tlg055.perseus-grc2,Πανηγυρικὸς ἐπὶ τῷ ὕδατι ἐν Περγάμῳ,Aelius Aristides,Wilhelm Dindorf,Reimer,1829,Greek,7494,data/tlg0284/tlg055,data
tlg0284.tlg001.perseus-grc2.xml,urn:cts:greekLit:tlg0284.tlg001.perseus-grc2,Εἰς Δία,Aelius Aristides,Wilhelm Dindorf,Reimer,1829,Greek,27877,data/tlg0284/tlg001,data
tlg0284.tlg039.perseus-grc2.xml,urn:cts:greekLit:tlg0284.tlg039.perseus-grc2,Συμμαχικὸς Β. (πρὸς Θηβαίους περὶ τῆς συμμαχίας),Aelius Aristides,Wilhelm Dindorf,Reimer,1829,Greek,56279,data/tlg0284/tlg039,data
tlg0284.tlg006.perseus-grc2.xml,urn:cts:greekLit:tlg0284.tlg006.perseus-grc2,Λαλιὰ εἰς Ἀσκληπιόν,Aelius Aristides,Wilhelm Dindorf,Reimer,1829,Greek,17958,data/tlg0284/tlg006,data
tlg0284.tlg030.perseus-grc2.xml,urn:cts:greekLit:tlg0284.tlg030.perseus-grc2,Εἰς τὸ ἐναντίον,Aelius Aristides,Wilhelm Dindorf,Reimer,1829,Greek,59997,data/tlg0284/tlg030,data
tlg0284.tlg008.perseus-grc2.xml,urn:cts:greekLit:tlg0284.tlg008.perseus-grc2,Εἰς τὸν Σάραπιν,Aelius Aristides,Wilhelm Dindorf,Reimer,1829,Greek,35976,data/tlg0284/tlg008,data
tlg0284.tlg037.perseus-grc2.xml,urn:cts:greekLit:tlg0284.tlg037.perseus-grc2,Λευκτρικὸς Ε. (ὑπὲρ μηδετέροις βοηθεῖν),Aelius Aristides,Wilhelm Dindorf,Reimer,1829,Greek,45573,data/tlg0284/tlg037,data
tlg0284.tlg015.perseus-grc2.xml,urn:cts:greekLit:tlg0284.tlg015.perseus-grc2,Σμυρναϊκὸς πολιτικός,Aelius Aristides,Wilhelm Dindorf,Reimer,1829,Greek,25992,data/tlg0284/tlg015,data
tlg0284.tlg012.perseus-grc2.xml,urn:cts:greekLit:tlg0284.tlg012.perseus-grc2,Ἐπὶ Ἀλεξάνδρῳ ἐπιτάφιος,Aelius Aristides,Wilhelm Dindorf,Reimer,1829,Greek,38045,data/tlg0284/tlg012,data
tlg0284.tlg024.perseus-grc2.xml,urn:cts:greekLit:tlg0284.tlg024.perseus-grc2,Ἱεροὶ λόγοι δεύτερος,Aelius Aristides,Wilhelm Dindorf,Reimer,1829,Greek,73367,data/tlg0284/tlg024,data
tlg0284.tlg023.perseus-grc2.xml,urn:cts:greekLit:tlg0284.tlg023.perseus-grc2,Ἱεροὶ λόγοι πρῶτος,Aelius Aristides,Wilhelm Dindorf,Reimer,1829,Greek,67157,data/tlg0284/tlg023,data
tlg0284.tlg048.perseus-grc2.xml,urn:cts:greekLit:tlg0284.tlg048.perseus-grc2,Αἰγύπτιος,Aelius Aristides,Wilhelm Dindorf,Reimer,1829,Greek,133829,data/tlg0284/tlg048,data
tlg0284.tlg046.perseus-grc2.xml,urn:cts:greekLit:tlg0284.tlg046.perseus-grc2,Πρὸς Πλάτωνα ὑπὲρ τῶν τεττάρων,Aelius Aristides,Wilhelm Dindorf,Reimer,1829,Greek,671626,data/tlg0284/tlg046,data
tlg0284.tlg041.perseus-grc2.xml,urn:cts:greekLit:tlg0284.tlg041.perseus-grc2,Ἐπιστολὴ περὶ Σμύρνης,Aelius Aristides,Wilhelm Dindorf,Reimer,1829,Greek,18071,data/tlg0284/tlg041,data
tlg0284.tlg022.perseus-grc2.xml,urn:cts:greekLit:tlg0284.tlg022.perseus-grc2,Προσφωνητικός Σμυρναϊκός,Aelius Aristides,Wilhelm Dindorf,Reimer,1829,Greek,16739,data/tlg0284/tlg022,data
tlg0284.tlg025.perseus-grc2.xml,urn:cts:greekLit:tlg0284.tlg025.perseus-grc2,Ἱεροὶ λόγοι τρίτος,Aelius Aristides,Wilhelm Dindorf,Reimer,1829,Greek,45532,data/tlg0284/tlg025,data
tlg0284.tlg013.perseus-grc2.xml,urn:cts:greekLit:tlg0284.tlg013.perseus-grc2,Παναθηναϊκός,Aelius Aristides,Wilhelm Dindorf,Reimer,1829,Greek,370629,data/tlg0284/tlg013,data
tlg0284.tlg014.perseus-grc2.xml,urn:cts:greekLit:tlg0284.tlg014.perseus-grc2,Ῥώμης ἐγκώμιον,Aelius Aristides,Wilhelm Dindorf,Reimer,1829,Greek,111913,data/tlg0284/tlg014,data
tlg0284.tlg040.perseus-grc2.xml,urn:cts:greekLit:tlg0284.tlg040.perseus-grc2,Συμβουλευτικὸς περὶ τοῦ μὴ δεῖν κωμῳδεῖν,Aelius Aristides,Wilhelm Dindorf,Reimer,1829,Greek,30185,data/tlg0284/tlg040,data
tlg0284.tlg047.perseus-grc2.xml,urn:cts:greekLit:tlg0284.tlg047.perseus-grc2,Πρὸς Καπίτωνα,Aelius Aristides,Wilhelm Dindorf,Reimer,1829,Greek,56630,data/tlg0284/tlg047,data
tlg0284.tlg049.perseus-grc2.xml,urn:cts:greekLit:tlg0284.tlg049.perseus-grc2,Περὶ τοῦ παραφθέγματος,Aelius Aristides,Wilhelm Dindorf,Reimer,1829,Greek,144378,data/tlg0284/tlg049,data
tlg0284.tlg032.perseus-grc2.xml,urn:cts:greekLit:tlg0284.tlg032.perseus-grc2,Ὑπὲρ τῆς πρὸς Ἀθηναίους εἰρήνης,Aelius Aristides,Wilhelm Dindorf,Reimer,1829,Greek,29098,data/tlg0284/tlg032,data
tlg0284.tlg035.perseus-grc2.xml,urn:cts:greekLit:tlg0284.tlg035.perseus-grc2,Λευκτρικὸς Γ. (ὑπὲρ Λακεδαιμονίων δεύτερος),Aelius Aristides,Wilhelm Dindorf,Reimer,1829,Greek,37766,data/tlg0284/tlg035,data
tlg0284.tlg003.perseus-grc2.xml,urn:cts:greekLit:tlg0284.tlg003.perseus-grc2,Ἰσθμικὸς εἰς Ποσειδῶνα,Aelius Aristides,Wilhelm Dindorf,Reimer,1829,Greek,43353,data/tlg0284/tlg003,data
tlg0284.tlg004.perseus-grc2.xml,urn:cts:greekLit:tlg0284.tlg004.perseus-grc2,Διόνυσος,Aelius Aristides,Wilhelm Dindorf,Reimer,1829,Greek,12005,data/tlg0284/tlg004,data
tlg0284.tlg050.perseus-grc2.xml,urn:cts:greekLit:tlg0284.tlg050.perseus-grc2,Κατὰ τῶν ἐξορχουμένων,Aelius Aristides,Wilhelm Dindorf,Reimer,1829,Greek,54791,data/tlg0284/tlg050,data
tlg0284.tlg005.perseus-grc2.xml,urn:cts:greekLit:tlg0284.tlg005.perseus-grc2,Ἡρακλῆς,Aelius Aristides,Wilhelm Dindorf,Reimer,1829,Greek,21386,data/tlg0284/tlg005,data
tlg0284.tlg002.perseus-grc2.xml,urn:cts:greekLit:tlg0284.tlg002.perseus-grc2,Ἀθηνᾶ,Aelius Aristides,Wilhelm Dindorf,Reimer,1829,Greek,30854,data/tlg0284/tlg002,data
tlg0284.tlg034.perseus-grc2.xml,urn:cts:greekLit:tlg0284.tlg034.perseus-grc2,Λευκτρικὸς Β. (ὑπὲρ Θηβαίων πρῶτος),Aelius Aristides,Wilhelm Dindorf,Reimer,1829,Greek,81623,data/tlg0284/tlg034,data
tlg0284.tlg033.perseus-grc2.xml,urn:cts:greekLit:tlg0284.tlg033.perseus-grc2,Λευκτρικὸς Α. (ὑπὲρ Λακεδαιμονίων πρῶτος),Aelius Aristides,Wilhelm Dindorf,Reimer,1829,Greek,78333,data/tlg0284/tlg033,data
tlg0284.tlg056.perseus-grc2.xml,urn:cts:greekLit:tlg0284.tlg056.perseus-grc2,Περὶ πολιτικοῦ λόγου,Aelius Aristides,Leonhard von Spengel,Teubner,1854,Greek,335696,data/tlg0284/tlg056,data
tlg0284.tlg051.perseus-grc2.xml,urn:cts:greekLit:tlg0284.tlg051.perseus-grc2,Πρὸς τοὺς αἰτιωμένους ὅτι μὴ μελετῴη,Aelius Aristides,Wilhelm Dindorf,Reimer,1829,Greek,31502,data/tlg0284/tlg051,data
tlg0284.tlg042.perseus-grc2.xml,urn:cts:greekLit:tlg0284.tlg042.perseus-grc2,Περὶ ὁμονοίας ταῖς πόλεσιν,Aelius Aristides,Wilhelm Dindorf,Reimer,1829,Greek,85229,data/tlg0284/tlg042,data
tlg0284.tlg045.perseus-grc2.xml,urn:cts:greekLit:tlg0284.tlg045.perseus-grc2,Πρὸς Πλάτωνα περὶ ῥητορικῆς,Aelius Aristides,Wilhelm Dindorf,Reimer,1829,Greek,381200,data/tlg0284/tlg045,data
tlg0284.tlg011.perseus-grc2.xml,urn:cts:greekLit:tlg0284.tlg011.perseus-grc2,εἰς Ἐτεωνέα ἐπικήδειος,Aelius Aristides,Wilhelm Dindorf,Reimer,1829,Greek,19104,data/tlg0284/tlg011,data
tlg0284.tlg016.perseus-grc2.xml,urn:cts:greekLit:tlg0284.tlg016.perseus-grc2,Πανηγυρικὸς ἐν Κυζίκῳ περὶ τοῦ ναοῦ,Aelius Aristides,Wilhelm Dindorf,Reimer,1829,Greek,43889,data/tlg0284/tlg016,data
tlg0284.tlg029.perseus-grc2.xml,urn:cts:greekLit:tlg0284.tlg029.perseus-grc2,Περὶ τοῦ πέμπειν βοήθειαν τοῖς ἐν Σικελίᾳ,Aelius Aristides,Wilhelm Dindorf,Reimer,1829,Greek,51889,data/tlg0284/tlg029,data
tlg0284.tlg020.perseus-grc2.xml,urn:cts:greekLit:tlg0284.tlg020.perseus-grc2,Μονῳδία ἐπὶ Σμύρνῃ,Aelius Aristides,Wilhelm Dindorf,Reimer,1829,Greek,12335,data/tlg0284/tlg020,data
tlg0284.tlg027.perseus-grc2.xml,urn:cts:greekLit:tlg0284.tlg027.perseus-grc2,Ἱεροὶ λόγοι πέμπτος,Aelius Aristides,Wilhelm Dindorf,Reimer,1829,Greek,58189,data/tlg0284/tlg027,data
tlg0284.tlg018.perseus-grc2.xml,urn:cts:greekLit:tlg0284.tlg018.perseus-grc2,Εἰς τὸ φρέαρ τοῦ Ἀσκληπιοῦ,Aelius Aristides,Wilhelm Dindorf,Reimer,1829,Greek,18537,data/tlg0284/tlg018,data
tlg0284.tlg044.perseus-grc2.xml,urn:cts:greekLit:tlg0284.tlg044.perseus-grc2,Ῥοδίοις περὶ ὁμονοίας,Aelius Aristides,Wilhelm Dindorf,Reimer,1829,Greek,58922,data/tlg0284/tlg044,data
tlg0284.tlg043.perseus-grc2.xml,urn:cts:greekLit:tlg0284.tlg043.perseus-grc2,Ῥοδιακός [sp.],Aelius Aristides,Wilhelm Dindorf,Reimer,1829,Greek,69928,data/tlg0284/tlg043,data
tlg0284.tlg026.perseus-grc2.xml,urn:cts:greekLit:tlg0284.tlg026.perseus-grc2,Ἱεροὶ λόγοι τέταρτος,Aelius Aristides,Wilhelm Dindorf,Reimer,1829,Greek,101464,data/tlg0284/tlg026,data
tlg0284.tlg019.perseus-grc2.xml,urn:cts:greekLit:tlg0284.tlg019.perseus-grc2,Ἐλευσίνιος,Aelius Aristides,Wilhelm Dindorf,Reimer,1829,Greek,15819,data/tlg0284/tlg019,data
tlg0284.tlg021.perseus-grc2.xml,urn:cts:greekLit:tlg0284.tlg021.perseus-grc2,Παλινῳδία ἐπὶ Σμύρνῃ καὶ τῷ ταύτης ἀνοικισμῷ,Aelius Aristides,Wilhelm Dindorf,Reimer,1829,Greek,24619,data/tlg0284/tlg021,data
tlg0284.tlg017.perseus-grc2.xml,urn:cts:greekLit:tlg0284.tlg017.perseus-grc2,Εἰς τὸ Αἰγαῖον πέλαγος,Aelius Aristides,Wilhelm Dindorf,Reimer,1829,Greek,17583,data/tlg0284/tlg017,data
tlg0284.tlg028.perseus-grc2.xml,urn:cts:greekLit:tlg0284.tlg028.perseus-grc2,Ἱεροὶ λόγοι ἕκτος,Aelius Aristides,Wilhelm Dindorf,Reimer,1829,Greek,4480,data/tlg0284/tlg028,data
tlg0284.tlg010.perseus-grc2.xml,urn:cts:greekLit:tlg0284.tlg010.perseus-grc2,Ἀπελλᾶ γενεθλιακός,Aelius Aristides,Wilhelm Dindorf,Reimer,1829,Greek,28652,data/tlg0284/tlg010,data
tlg4072.tlg001.1st1K-grc1.xml,urn:cts:greekLit:tlg4072.tlg001.1st1K-grc1,Commentarii in libros de sphaera et cylindro,Eutocius,Charles Mugler,Les Belles Lettres,1972,Greek,312800,data/tlg4072/tlg001,data
tlg4072.tlg003.1st1K-grc1.xml,urn:cts:greekLit:tlg4072.tlg003.1st1K-grc1,Commentarius in libros de planorum aequilibriis,Eutocius,Charles Mugler,Les Belles Lettres,1972,Greek,79427,data/tlg4072/tlg003,data
tlg4072.tlg002.1st1K-grc1.xml,urn:cts:greekLit:tlg4072.tlg002.1st1K-grc1,Commentarius in dimensionem circuli,Eutocius,Charles Mugler,Les Belles Lettres,1972,Greek,50178,data/tlg4072/tlg002,data
tlg0614.tlg001.1st1K-grc1.xml,urn:cts:greekLit:tlg0614.tlg001.1st1K-grc1,Fabulae Aesopeae,Babrius,Friedrich Schneidewin,B.G. Teubner,1865,Greek,156036,data/tlg0614/tlg001,data
tlg0614.tlg001.1st1K-grc2.xml,urn:cts:greekLit:tlg0614.tlg001.1st1K-grc2,Fabulae Aesopeae,Babrius,Otto Crusius,Teubner,1897,Greek,786737,data/tlg0614/tlg001,data
tlg4086.tlg001.1st1K-grc1.xml,urn:cts:greekLit:tlg4086.tlg001.1st1K-grc1,Fragmentum alchemicum,Agathodaemon,Marcellin Berthelot,Georges Steinheil,1888,Greek,3866,data/tlg4086/tlg001,data
tlg4086.tlg002.1st1K-grc1.xml,urn:cts:greekLit:tlg4086.tlg002.1st1K-grc1,Ἀγαθοδαίμων εἰς τὸν χρησμὸν Ὀρφέως συναγωγὴ καὶ ὑπόμνημα,Agathodaemon,Marcellin Berthelot,Georges Steinheil,1888,Greek,16134,data/tlg4086/tlg002,data
tlg2371.tlg001.1st1K-grc1.xml,urn:cts:greekLit:tlg2371.tlg001.1st1K-grc1,Chronicon Paschale,Chronicon Paschale,Ludwig Dindorf,Weber,1832,Greek,2732929,data/tlg2371/tlg001,data
tlg0045.tlg001.1st1K-grc1.xml,urn:cts:greekLit:tlg0045.tlg001.1st1K-grc1,Epistulae,Artaxerxis Epistulae,Rudolf Hercher,A. F. Didot,1873,Greek,14742,data/tlg0045/tlg001,data
tlg4081.tlg001.perseus-grc2.xml,urn:cts:greekLit:tlg4081.tlg001.perseus-grc2,Ἁρπαγὴ Ἑλένης,Colluthus,A. W. Mair,"William Heinemann, Ltd.",1928,Greek,63916,data/tlg4081/tlg001,data
tlg0613.tlg001.perseus-grc2.xml,urn:cts:greekLit:tlg0613.tlg001.perseus-grc2,Περὶ ἑρμηνείας,Demetrius of Phaleron,William Rhys Roberts,Cambridge University Press,1902,Greek,239730,data/tlg0613/tlg001,data
tlg4075.tlg002.1st1K-grc1.xml,urn:cts:greekLit:tlg4075.tlg002.1st1K-grc1,Commentarium in Euclidis data,Marinus,Heinrich Menge,Teubner,1896,Greek,38556,data/tlg4075/tlg002,data
tlg4029.tlg001.perseus-grc2.xml,urn:cts:greekLit:tlg4029.tlg001.perseus-grc2,Ὑπὲρ τῶν Πολέμων Λόγοι,Procopius,Henry Bronson Dewing,William Heinemann,1914-28,Greek,3784229,data/tlg4029/tlg001,data
tlg4029.tlg002.perseus-grc2.xml,urn:cts:greekLit:tlg4029.tlg002.perseus-grc2,Ἀπόκρυφη Ἱστορία,Procopius,Michael Krascheninnikov,Mattiesen,1899,Greek,554047,data/tlg4029/tlg002,data
tlg0019.tlg009.perseus-grc2.xml,urn:cts:greekLit:tlg0019.tlg009.perseus-grc2,Βάτραχοι,Aristophanes,F. W. Hall,Clarendon Press,1907,Greek,311295,data/tlg0019/tlg009,data
tlg0019.tlg007.perseus-grc2.xml,urn:cts:greekLit:tlg0019.tlg007.perseus-grc2,Λυσιστράτη,Aristophanes,F. W. Hall,Clarendon Press,1907,Greek,249680,data/tlg0019/tlg007,data
tlg0019.tlg001.perseus-grc2.xml,urn:cts:greekLit:tlg0019.tlg001.perseus-grc2,Ἀχαρνῆς,Aristophanes,F. W. Hall,Clarendon Press,1906,Greek,295570,data/tlg0019/tlg001,data
tlg0019.tlg006.perseus-grc2.xml,urn:cts:greekLit:tlg0019.tlg006.perseus-grc2,Ὄρνιθες,Aristophanes,F. W. Hall,Clarendon Press,1906,Greek,334604,data/tlg0019/tlg006,data
tlg0019.tlg006.perseus-eng2.xml,,Birds,Aristophanes,Anonymous,Random House,1938,English,230241,data/tlg0019/tlg006,data
tlg0019.tlg008.perseus-grc2.xml,urn:cts:greekLit:tlg0019.tlg008.perseus-grc2,Θεσμοφοριάζουσαι,Aristophanes,F. W. Hall,Clarendon Press,1907,Greek,236525,data/tlg0019/tlg008,data
tlg0019.tlg003.perseus-grc2.xml,urn:cts:greekLit:tlg0019.tlg003.perseus-grc2,Νεφέλαι,Aristophanes,F. W. Hall,Clarendon Press,1906,Greek,288249,data/tlg0019/tlg003,data
tlg0019.tlg003.perseus-eng2.xml,,Clouds,Aristophanes,William James Hickie,Bohn,1853,English,208799,data/tlg0019/tlg003,data
tlg0019.tlg004.perseus-grc2.xml,urn:cts:greekLit:tlg0019.tlg004.perseus-grc2,Σφῆκες,Aristophanes,F. W. Hall,Clarendon Press,1906,Greek,372790,data/tlg0019/tlg004,data
tlg0019.tlg005.perseus-grc2.xml,urn:cts:greekLit:tlg0019.tlg005.perseus-grc2,Εἰρήνη,Aristophanes,F. W. Hall,Clarendon Press,1906,Greek,251613,data/tlg0019/tlg005,data
tlg0019.tlg002.perseus-grc2.xml,urn:cts:greekLit:tlg0019.tlg002.perseus-grc2,Ἱππῆς,Aristophanes,F. W. Hall,Clarendon Press,1906,Greek,262642,data/tlg0019/tlg002,data
tlg0019.tlg011.perseus-grc2.xml,urn:cts:greekLit:tlg0019.tlg011.perseus-grc2,Πλοῦτος,Aristophanes,F. W. Hall,Clarendon Press,1907,Greek,316521,data/tlg0019/tlg011,data
tlg0019.tlg010.perseus-grc2.xml,urn:cts:greekLit:tlg0019.tlg010.perseus-grc2,Ἐκκλησιάζουσαι,Aristophanes,F. W. Hall,Clarendon Press,1907,Greek,295413,data/tlg0019/tlg010,data
tlg4016.tlg001.1st1K-grc1.xml,urn:cts:greekLit:tlg4016.tlg001.1st1K-grc1,In Porphyrii Isagogen Sive Quinque Voces,Ammonius,Adolf Busse,Reimer,1888,Greek,926240,data/tlg4016/tlg001,data
tlg4016.tlg003.1st1K-grc1.xml,urn:cts:greekLit:tlg4016.tlg003.1st1K-grc1,In Aristotelis Librum De Interpretatione Commentarius,Ammonius,Adolf Busse,Reimer,1888,Greek,1780371,data/tlg4016/tlg003,data
tlg4016.tlg004.1st1K-grc1.xml,urn:cts:greekLit:tlg4016.tlg004.1st1K-grc1,In Aristotelis Analyticorum Priorum Librum I Commentarium,Ammonius,Maximilian Wallies,Reimer,1899,Greek,581021,data/tlg4016/tlg004,data
tlg4016.tlg005.1st1K-grc1.xml,urn:cts:greekLit:tlg4016.tlg005.1st1K-grc1,Εἰς τοὺς ἀναγκαίους συλλογισμούς,Ammonius,Maximilian Wallies,Reimer,1899,Greek,263381,data/tlg4016/tlg005,data
tlg4016.tlg002.1st1K-grc1.xml,urn:cts:greekLit:tlg4016.tlg002.1st1K-grc1,In Aristotelis Categorias Commentarius,Ammonius,Adolf Busse,Reimer,1895,Greek,996557,data/tlg4016/tlg002,data
tlg0026.tlg001.perseus-grc2.xml,urn:cts:greekLit:tlg0026.tlg001.perseus-grc2,Κατὰ Τιμάρχου,Aeschines,Charles Darwin Adams,"William Heinemann, Ltd.",1919,Greek,234153,data/tlg0026/tlg001,data
tlg0026.tlg001.perseus-eng2.xml,,Against Timarchus,Aeschines,Charles Darwin Adams,"William Heinemann, Ltd.",1919,Greek,170780,data/tlg0026/tlg001,data
tlg0026.tlg003.perseus-eng2.xml,,Against Ctesiphon,Aeschines,Charles Darwin Adams,"William Heinemann, Ltd.",1919,Greek,231469,data/tlg0026/tlg003,data
tlg0026.tlg003.perseus-grc2.xml,urn:cts:greekLit:tlg0026.tlg003.perseus-grc2,Κατά Κτησιφώντος,Aeschines,Charles Darwin Adams,"William Heinemann, Ltd.",1919,Greek,321744,data/tlg0026/tlg003,data
tlg0026.tlg004.1st1K-grc1.xml,urn:cts:greekLit:tlg0026.tlg004.1st1K-grc1,Ἐπιστολαί,Aeschines [Sp.],Friedrich Blass,Teubner,1896,Greek,68346,data/tlg0026/tlg004,data
tlg0026.tlg002.perseus-eng2.xml,,On the Embassy,Aeschines,Charles Darwin Adams,"William Heinemann, Ltd.",1919,Greek,164768,data/tlg0026/tlg002,data
tlg0026.tlg002.perseus-grc2.xml,urn:cts:greekLit:tlg0026.tlg002.perseus-grc2,Περὶ τῆς παραπρεσβείας,Aeschines,Charles Darwin Adams,"William Heinemann, Ltd.",1919,Greek,222327,data/tlg0026/tlg002,data
tlg0648.tlg001.perseus-grc2.xml,urn:cts:greekLit:tlg0648.tlg001.perseus-grc2,Στρατηγικός,Onasander,William Abbott Oldfather,William Heinemann,1923,Greek,195215,data/tlg0648/tlg001,data
tlg0028.tlg001.perseus-eng2.xml,,Prosecution Of The Stepmother For Poisoning,Antiphon,Kenneth John Maidment,"William Heinemann, Ltd.",1941,Greek,24915,data/tlg0028/tlg001,data
tlg0028.tlg001.perseus-grc2.xml,urn:cts:greekLit:tlg0028.tlg001.perseus-grc2,Φαρμακείας κατὰ τῆς μητρυιᾶς,Antiphon,Kenneth John Maidment,"William Heinemann, Ltd.",1941,Greek,35356,data/tlg0028/tlg001,data
tlg0028.tlg006.perseus-grc2.xml,urn:cts:greekLit:tlg0028.tlg006.perseus-grc2,Περὶ τοῦ χορευτοῦ,Antiphon,Kenneth John Maidment,"William Heinemann, Ltd.",1941,Greek,72999,data/tlg0028/tlg006,data
tlg0028.tlg006.perseus-eng2.xml,,On the Choreutes,Antiphon,Kenneth John Maidment,"William Heinemann, Ltd.",1941,Greek,49437,data/tlg0028/tlg006,data
tlg0028.tlg003.perseus-grc2.xml,urn:cts:greekLit:tlg0028.tlg003.perseus-grc2,Τετραλογία Β΄,Antiphon,Kenneth John Maidment,"William Heinemann, Ltd.",1941,Greek,45511,data/tlg0028/tlg003,data
tlg0028.tlg003.perseus-eng2.xml,,The Second Tetralogy: Prosecution for Accidental Homicide,Antiphon,Kenneth John Maidment,"William Heinemann, Ltd.",1941,Greek,37343,data/tlg0028/tlg003,data
tlg0028.tlg004.perseus-eng2.xml,,The Third Tetralogy: Prosecution for Murder Of One Who Pleads That He Was Acting in Self-Defence,Antiphon,Kenneth John Maidment,"William Heinemann, Ltd.",1941,Greek,33820,data/tlg0028/tlg004,data
tlg0028.tlg004.perseus-grc2.xml,urn:cts:greekLit:tlg0028.tlg004.perseus-grc2,Τετραλογία Γ΄,Antiphon,Kenneth John Maidment,"William Heinemann, Ltd.",1941,Greek,40500,data/tlg0028/tlg004,data
tlg0028.tlg005.perseus-eng2.xml,,On the Murder of Herodes,Antiphon,Kenneth John Maidment,"William Heinemann, Ltd.",1941,Greek,89376,data/tlg0028/tlg005,data
tlg0028.tlg005.perseus-grc2.xml,urn:cts:greekLit:tlg0028.tlg005.perseus-grc2,Περὶ τοῦ Ἡρῷδου φόνου,Antiphon,Kenneth John Maidment,"William Heinemann, Ltd.",1941,Greek,126114,data/tlg0028/tlg005,data
tlg0028.tlg002.perseus-grc2.xml,urn:cts:greekLit:tlg0028.tlg002.perseus-grc2,Τετραλογία Α΄,Antiphon,Kenneth John Maidment,"William Heinemann, Ltd.",1941,Greek,50318,data/tlg0028/tlg002,data
tlg0028.tlg002.perseus-eng2.xml,,The First Tetralogy: Anonymous Prosecution for Murder,Antiphon,Kenneth John Maidment,"William Heinemann, Ltd.",1941,Greek,47392,data/tlg0028/tlg002,data
tlg4018.tlg001.1st1K-grc1.xml,urn:cts:greekLit:tlg4018.tlg001.1st1K-grc1,In Aristotelis Metaphysicorum Libros A-Z Commentaria,Asclepius,Michael Hayduck,Reimer,1888,Greek,2431637,data/tlg4018/tlg001,data
tlg0641.tlg001.perseus-grc2.xml,urn:cts:greekLit:tlg0641.tlg001.perseus-grc2,Τὰ κατὰ Ἀνθίαν καὶ Ἁβροκόμην,Xenophon of Ephesus,Rudolf Hercher,Teubner,1858,Greek,270693,data/tlg0641/tlg001,data
tlg0017.tlg009.perseus-eng2.xml,,On the Estate of Astyphilus,Isaeus,,Harvard University Press,1962,English,28915,data/tlg0017/tlg009,data
tlg0017.tlg009.perseus-grc2.xml,urn:cts:greekLit:tlg0017.tlg009.perseus-grc2,Περὶ τοῦ Ἀστυφίλου κλήρου,Isaeus,Edward Seymour Forster,Harvard University Press,1962,Greek,44383,data/tlg0017/tlg009,data
tlg0017.tlg007.perseus-eng2.xml,,On The Estate of Apollodorus,Isaeus,Edward Seymour Forster,Harvard University Press,1962,English,35196,data/tlg0017/tlg007,data
tlg0017.tlg007.perseus-grc2.xml,urn:cts:greekLit:tlg0017.tlg007.perseus-grc2,Περὶ τοῦ Απολλοδώρου κλήρου,Isaeus,Edward Seymour Forster,Harvard University Press,1962,Greek,51113,data/tlg0017/tlg007,data
tlg0017.tlg001.perseus-grc2.xml,urn:cts:greekLit:tlg0017.tlg001.perseus-grc2,Περὶ τοῦ Κλεωνύμου κλήρου,Isaeus,Edward Seymour Forster,Harvard University Press,1962,Greek,52562,data/tlg0017/tlg001,data
tlg0017.tlg001.perseus-eng2.xml,,On The Estate of Cleonymus,Isaeus,Edward Seymour Forster,Harvard University Press,1962,English,32241,data/tlg0017/tlg001,data
tlg0017.tlg006.perseus-eng2.xml,,On the Estate of Philoctemon,Isaeus,Edward Seymour Forster,Harvard University Press,1962,English,48660,data/tlg0017/tlg006,data
tlg0017.tlg006.perseus-grc2.xml,urn:cts:greekLit:tlg0017.tlg006.perseus-grc2,Περὶ τοῦ Φιλοκτήμονος κλήρου,Isaeus,Edward Seymour Forster,Harvard University Press,1962,Greek,68654,data/tlg0017/tlg006,data
tlg0017.tlg008.perseus-eng2.xml,,On The Estate of Ciron,Isaeus,Edward Seymour Forster,Harvard University Press,1962,English,40883,data/tlg0017/tlg008,data
tlg0017.tlg008.perseus-grc2.xml,urn:cts:greekLit:tlg0017.tlg008.perseus-grc2,Περὶ τοῦ Κίρωνος κλήρου,Isaeus,Edward Seymour Forster,Harvard University Press,1962,Greek,57784,data/tlg0017/tlg008,data
tlg0017.tlg012.perseus-eng2.xml,,On Behalf of Euphiletus,Isaeus,Edward Seymour Forster,Harvard University Press,1962,English,12249,data/tlg0017/tlg012,data
tlg0017.tlg012.perseus-grc2.xml,urn:cts:greekLit:tlg0017.tlg012.perseus-grc2,Υπὲρ Εὐφιλήτου,Isaeus,Edward Seymour Forster,Harvard University Press,1962,Greek,21407,data/tlg0017/tlg012,data
tlg0017.tlg003.perseus-eng2.xml,,On The Estate Of Pyrrhus,Isaeus,Edward Seymour Forster,Harvard University Press,1962,English,55855,data/tlg0017/tlg003,data
tlg0017.tlg003.perseus-grc2.xml,urn:cts:greekLit:tlg0017.tlg003.perseus-grc2,Περὶ τοῦ Πύρρου κλήρου,Isaeus,Edward Seymour Forster,Harvard University Press,1962,Greek,81945,data/tlg0017/tlg003,data
tlg0017.tlg004.perseus-grc2.xml,urn:cts:greekLit:tlg0017.tlg004.perseus-grc2,Περὶ τοῦ Νικοστράτου κλήρου (ἐπίλογος),Isaeus,Edward Seymour Forster,Harvard University Press,1962,Greek,34236,data/tlg0017/tlg004,data
tlg0017.tlg004.perseus-eng2.xml,,On the Estate of Nicostratus,Isaeus,Edward Seymour Forster,Harvard University Press,1962,English,23757,data/tlg0017/tlg004,data
tlg0017.tlg005.perseus-grc2.xml,urn:cts:greekLit:tlg0017.tlg005.perseus-grc2,Περὶ τοῦ Δικαιογένους κλήρου,Isaeus,Edward Seymour Forster,Harvard University Press,1962,Greek,61376,data/tlg0017/tlg005,data
tlg0017.tlg005.perseus-eng2.xml,,On the Estate of Dicaeogenes,Isaeus,Edward Seymour Forster,Harvard University Press,1962,English,44174,data/tlg0017/tlg005,data
tlg0017.tlg002.perseus-eng2.xml,,On the Estate of Menecles,Isaeus,Edward Seymour Forster,Harvard University Press,1962,English,31665,data/tlg0017/tlg002,data
tlg0017.tlg002.perseus-grc2.xml,urn:cts:greekLit:tlg0017.tlg002.perseus-grc2,Περὶ τοῦ Μενεκλέους κλήρου,Isaeus,Edward Seymour Forster,Harvard University Press,1962,Greek,50143,data/tlg0017/tlg002,data
tlg0017.tlg011.perseus-grc2.xml,urn:cts:greekLit:tlg0017.tlg011.perseus-grc2,Περὶ τοῦ Ἁγνίου κλήρου,Isaeus,Edward Seymour Forster,Harvard University Press,1962,Greek,62389,data/tlg0017/tlg011,data
tlg0017.tlg011.perseus-eng2.xml,,On the Estate of Hagnias,Isaeus,Edward Seymour Forster,Harvard University Press,1962,English,42473,data/tlg0017/tlg011,data
tlg0017.tlg010.perseus-grc2.xml,urn:cts:greekLit:tlg0017.tlg010.perseus-grc2,Πρὸς Ξεναίνετον περὶ τοῦ Ἀριστάρχου κλήρου,Isaeus,Edward Seymour Forster,Harvard University Press,1962,Greek,36631,data/tlg0017/tlg010,data
tlg0017.tlg010.perseus-eng2.xml,,On The Estate of Aristarchus,Isaeus,Edward Seymour Forster,Harvard University Press,1962,English,23869,data/tlg0017/tlg010,data
tlg7000.tlg001.perseus-grc7.xml,urn:cts:greekLit:tlg7000.tlg001.perseus-grc7,"Ἀνθολογία, Volume II",,William Roger Paton,William Heinemann Ltd.,1917,Greek,745282,data/tlg7000/tlg001,data
tlg7000.tlg001.perseus-grc6.xml,urn:cts:greekLit:tlg7000.tlg001.perseus-grc6,"Ἀνθολογία, Volume I",,William Roger Paton,William Heinemann Ltd.,1917,Greek,705901,data/tlg7000/tlg001,data
tlg7000.tlg001.perseus-grc8.xml,urn:cts:greekLit:tlg7000.tlg001.perseus-grc8,"Ἀνθολογία, Volume III",,William Roger Paton,William Heinemann Ltd.,1917,Greek,628670,data/tlg7000/tlg001,data
tlg7000.tlg001.perseus-grc9.xml,urn:cts:greekLit:tlg7000.tlg001.perseus-grc9,"Ἀνθολογία, Volume IV",,William Roger Paton,William Heinemann Ltd.,1918,Greek,581774,data/tlg7000/tlg001,data
tlg7000.tlg001.perseus-grc10.xml,urn:cts:greekLit:tlg7000.tlg001.perseus-grc10,"Ἀνθολογία, Volume V",,William Roger Paton,William Heinemann Ltd.,1918,Greek,495847,data/tlg7000/tlg001,data
tlg1131.tlg001.1st1K-grc1.xml,urn:cts:greekLit:tlg1131.tlg001.1st1K-grc1,Ad Avircium Marcellum contra Cataphrygas,Anonymus Ad Aviricium Marcellum Contra Cataphrygas,Martin Joseph Routh,Oxford University Press,1846,Greek,24946,data/tlg1131/tlg001,data
tlg2586.tlg001.1st1K-grc1.xml,urn:cts:greekLit:tlg2586.tlg001.1st1K-grc1,Διαίρεσις τῶν ἐπιδεικτικῶν (olim sub auctore Genethlio),Menander,Leonhard von Spengel,Teubner,1856,Greek,151999,data/tlg2586/tlg001,data
tlg2586.tlg002.1st1K-grc1.xml,urn:cts:greekLit:tlg2586.tlg002.1st1K-grc1,Περὶ ἐπιδεικτικῶν,Menander,Leonhard von Spengel,Teubner,1856,Greek,318864,data/tlg2586/tlg002,data
tlg4027.tlg001.1st1K-grc1.xml,urn:cts:greekLit:tlg4027.tlg001.1st1K-grc1,Paraphrasis categoriarum,Anonymi in Aristotelis Categorias,Michael Hayduck,Reimer,1883,Greek,620268,data/tlg4027/tlg001,data
tlg4020.tlg001.1st1K-grc1.xml,urn:cts:greekLit:tlg4020.tlg001.1st1K-grc1,In Porphyrii isagogen,Elias Neoplatonicus,Adolf Busse,Reimer,1900,Greek,562292,data/tlg4020/tlg001,data
tlg4020.tlg002.1st1K-grc1.xml,urn:cts:greekLit:tlg4020.tlg002.1st1K-grc1,Eliae (olim Davidis) in Aristotelis categorias commentarium,Elias Neoplatonicus,Adolf Busse,Reimer,1900,Greek,823960,data/tlg4020/tlg002,data
tlg1304.tlg002.1st1K-grc1.xml,urn:cts:greekLit:tlg1304.tlg002.1st1K-grc1,Fragmenta,Democritus,Hermann Diels,Weidmann,1922,Greek,312988,data/tlg1304/tlg002,data
tlg0646.tlg004.1st1K-grc1.xml,urn:cts:greekLit:tlg0646.tlg004.1st1K-grc1,Epistula ad Diognetum,Pseudo-Justinus Martyr,Kirsopp Lake,William Heinemann; G.P. Putnam's Sons,1917,Latin,50857,data/tlg0646/tlg004,data
tlg0646.tlg004.perseus-eng1.xml,,The Epistle to Diogentus,,Kirsopp Lake,"Cambridge, MA, Harvard University Press; London, William Heinemann
                        Ltd.",1913,English,33553,data/tlg0646/tlg004,data
tlg0044.tlg001.1st1K-grc1.xml,urn:cts:greekLit:tlg0044.tlg001.1st1K-grc1,Epistulae,Antiochus Epistolographus,Rudolf Hercher,A. F. Didot,1873,Greek,12457,data/tlg0044/tlg001,data
tlg0612.tlg001.perseus-grc2.xml,urn:cts:greekLit:tlg0612.tlg001.perseus-grc2,Orationes,Dio Chrysostom,Hans Friedrich August von Arnim,Weidmann,1893,Greek,2606025,data/tlg0612/tlg001,data
tlg0615.tlg001.1st1K-grc1.xml,urn:cts:greekLit:tlg0615.tlg001.1st1K-grc1,In Ethica Nicomachea paraphrasis,Aspasius,Gustav Heylbut,Reimer,1889,Greek,1198834,data/tlg0615/tlg001,data
tlg2189.tlg003.1st1K-grc1.xml,urn:cts:greekLit:tlg2189.tlg003.1st1K-grc1,Fragmenta,Callinicus,Hugo Hinck,Teubner,1873,Greek,5905,data/tlg2189/tlg003,data
tlg0088.tlg001.1st1K-grc1.xml,urn:cts:greekLit:tlg0088.tlg001.1st1K-grc1,Elementa Harmonica,Aristoxenus,Henry Stewart Macran,Clarendon Press,1902,Greek,262520,data/tlg0088/tlg001,data
tlg0075.tlg001.1st1K-grc1.xml,urn:cts:greekLit:tlg0075.tlg001.1st1K-grc1,"Anonymi (Arriani, ut fertur) periplus ponti Euxini",Pseudo-Arrianus,Karl Müller,Ambroise-Firmin Didot,1855,Greek,96617,data/tlg0075/tlg001,data
tlg0623.tlg001.1st1K-grc1.xml,urn:cts:greekLit:tlg0623.tlg001.1st1K-grc1,Epistulae,Cratetis Epistulae,Rudolf Hercher,A. F. Didot,1873,Greek,57085,data/tlg0623/tlg001,data
tlg2948.tlg001.1st1K-eng1.xml,,Acts of Philip,Anonymous,Montague Rhodes James,Clarendon Press,1924,Greek,64137,data/tlg2948/tlg001,data
tlg2948.tlg001.1st1K-grc1.xml,urn:cts:greekLit:tlg2948.tlg001.1st1K-grc1,Πράξεις τοῦ ἁγίου καὶ πανευφήμου ἀποστόλου Φιλίππου,Acta Philippi,MaximilianBonnet,Hermannus Mendelssohn,1903,Greek,223671,data/tlg2948/tlg001,data
tlg1705.tlg001.1st1K-grc1.xml,urn:cts:greekLit:tlg1705.tlg001.1st1K-grc1,Epistulae,Thales,Rudolf Hercher,A. F. Didot,1873,Greek,9032,data/tlg1705/tlg001,data
tlg0081.tlg009.perseus-grc2.xml,urn:cts:greekLit:tlg0081.tlg009.perseus-grc2,Περὶ Δεινάρχου,Dionysius of Halicarnassus,Hermann Usener,Teubner,1899,Greek,62492,data/tlg0081/tlg009,data
tlg0081.tlg007.perseus-grc2.xml,urn:cts:greekLit:tlg0081.tlg007.perseus-grc2,Libri secundi de antiquis oratoribus reliquiae,Dionysius of Halicarnassus,Hermann Usener,Teubner,1899,Greek,7100,data/tlg0081/tlg007,data
tlg0081.tlg007.1st1K-grc1.xml,urn:cts:greekLit:tlg0081.tlg007.1st1K-grc1,Libri secundi de antiquis oratoribus reliquiae,Dionysius of Halicarnassus,Hermann Usener,Teubner,1899,Greek,6213,data/tlg0081/tlg007,data
tlg0081.tlg001.perseus-grc2.xml,urn:cts:greekLit:tlg0081.tlg001.perseus-grc2,Ῥωμαϊκὴ Ἀρχαιολογία,Dionysius of Halicarnassus,Karl Jacoby,Teubner,1885-1905,Greek,4424290,data/tlg0081/tlg001,data
tlg0081.tlg006.perseus-grc2.xml,urn:cts:greekLit:tlg0081.tlg006.perseus-grc2,Περί της Δημοσθένους λέξεως,Dionysius of Halicarnassus,Hermann Usener,Teubner,1899,Greek,296410,data/tlg0081/tlg006,data
tlg0081.tlg006.1st1K-grc1.xml,urn:cts:greekLit:tlg0081.tlg006.1st1K-grc1,De Demosthenis dictione,Dionysius of Halicarnassus,Hermann Usener,Teubner,1899,Greek,409120,data/tlg0081/tlg006,data
tlg0081.tlg008.perseus-grc2.xml,urn:cts:greekLit:tlg0081.tlg008.perseus-grc2,Ἐπιστολὴ πρὸς Ἀμμαῖον,Dionysius of Halicarnassus,Hermann Usener,Teubner,1899,Greek,51412,data/tlg0081/tlg008,data
tlg0081.tlg015.perseus-grc2.xml,urn:cts:greekLit:tlg0081.tlg015.perseus-grc2,Ἐπιστολὴ πρὸς Πομπήιον,Dionysius of Halicarnassus,Hermann Usener,Teubner,1904,Greek,69288,data/tlg0081/tlg015,data
tlg0081.tlg012.perseus-grc2.xml,urn:cts:greekLit:tlg0081.tlg012.perseus-grc2,Περὶ συνθέσεως ὀνομάτων,Dionysius of Halicarnassus,Hermann Usener,Teubner,1904,Greek,271147,data/tlg0081/tlg012,data
tlg0081.tlg013.1st1K-grc1.xml,urn:cts:greekLit:tlg0081.tlg013.1st1K-grc1,De compositione verborum (epitome),Dionysius of Halicarnassus,Hermann Usener,Teubner,1904,Greek,143198,data/tlg0081/tlg013,data
tlg0081.tlg014.1st1K-grc1.xml,urn:cts:greekLit:tlg0081.tlg014.1st1K-grc1,De imitatione (fragmenta),Dionysius of Halicarnasus,Hermann Usener,Teubner,1904,Greek,44717,data/tlg0081/tlg014,data
tlg0081.tlg003.perseus-grc2.xml,urn:cts:greekLit:tlg0081.tlg003.perseus-grc2,Λυσίας συρακούσιος πατρόθεν,Dionysius of Halicarnassus,Hermann Usener,Teubner,1899,Greek,110041,data/tlg0081/tlg003,data
tlg0081.tlg004.perseus-grc2.xml,urn:cts:greekLit:tlg0081.tlg004.perseus-grc2,Ἰσοκρατης Ἀθηναῖος,Dionysius of Halicarnassus,Hermann Usener,Teubner,1899,Greek,90506,data/tlg0081/tlg004,data
tlg0081.tlg005.perseus-grc2.xml,urn:cts:greekLit:tlg0081.tlg005.perseus-grc2,Ἰσαῖος Ἀθηναῖος,Dionysius of Halicarnassus,Hermann Usener,Teubner,1899,Greek,75650,data/tlg0081/tlg005,data
tlg0081.tlg002.perseus-grc2.xml,urn:cts:greekLit:tlg0081.tlg002.perseus-grc2,Περὶ τῶν ἀρχαίων ῥητόρων,Dionysius of Halicarnassus,Hermann Usener,Teubner,1899,Greek,14971,data/tlg0081/tlg002,data
tlg0081.tlg011.perseus-grc2.xml,urn:cts:greekLit:tlg0081.tlg011.perseus-grc2,Περὶ τῶν Θουκιδίδου ἰδιωμάτων πρὸς Ἀμμαῖον,Dionysius of Halicarnassus,Hermann Usener,Teubner,1899,Greek,40569,data/tlg0081/tlg011,data
tlg0081.tlg016.1st1K-grc1.xml,urn:cts:greekLit:tlg0081.tlg016.1st1K-grc1,Ars Rhetorica,Dionysius of Halicarnasus,Hermann Usener,Teubner,1904,Greek,341559,data/tlg0081/tlg016,data
tlg0081.tlg010.perseus-grc2.xml,urn:cts:greekLit:tlg0081.tlg010.perseus-grc2,Περὶ Θουκιδίδου,Dionysius of Halicarnassus,Hermann Usener,Teubner,1899,Greek,235318,data/tlg0081/tlg010,data
tlg0086.tlg054.1st1K-grc1.xml,urn:cts:greekLit:tlg0086.tlg054.1st1K-grc1,Physica (textus alter),Aristotle,W. D. Ross,Clarendon,1960,Greek,38825,data/tlg0086/tlg054,data
tlg0086.tlg009.perseus-grc2.xml,urn:cts:greekLit:tlg0086.tlg009.perseus-grc2,Ἠθικὰ Εὐδήμεια,Aristotle,Franz Susemihl,Teubner,1884,Greek,347008,data/tlg0086/tlg009,data
tlg0086.tlg009.perseus-eng2.xml,,Eudemian Ethics,Aristotle,Harris Rackham,William Heinemann Ltd.,1935,Greek,357918,data/tlg0086/tlg009,data
tlg0086.tlg036.1st1K-grc1.xml,urn:cts:greekLit:tlg0086.tlg036.1st1K-grc1,᾿Αριστοτέλους φυσικά προβλήματα κατ᾿ εἶδος συναγώγης,Aristotle,Charles Ruelle,Teubner,1922,Greek,1003000,data/tlg0086/tlg036,data
tlg0086.tlg031.1st1K-grc1.xml,urn:cts:greekLit:tlg0086.tlg031.1st1K-grc1,Physica,Aristotle,W. D. Ross,Clarendon,1960,Greek,791683,data/tlg0086/tlg031,data
tlg0086.tlg038.perseus-grc2.xml,urn:cts:greekLit:tlg0086.tlg038.perseus-grc2,Ῥητορική,Aristotle,William David Ross,Clarendon Press,1959,Greek,712347,data/tlg0086/tlg038,data
tlg0086.tlg038.perseus-eng2.xml,,"The ""Art"" of Rhetoric",Aristotle,John Henry Freese,"William Heinemann, Ltd.",1926,English,672115,data/tlg0086/tlg038,data
tlg0086.tlg007.1st1K-grc1.xml,urn:cts:greekLit:tlg0086.tlg007.1st1K-grc1,Περί χρωμάτων,Aristotle,Immanuel Bekker,Oxford University Press,1837,Greek,82214,data/tlg0086/tlg007,data
tlg0086.tlg052.1st1K-grc1.xml,urn:cts:greekLit:tlg0086.tlg052.1st1K-grc1,De anima (codicis E fragmenta recensionis a vulgata diversae),Aristotle,W. D. Ross,Oxford,1956,Greek,38422,data/tlg0086/tlg052,data
tlg0086.tlg001.1st1K-grc2.xml,urn:cts:greekLit:tlg0086.tlg001.1st1K-grc2,Aristotelis Analytica Priora et Posteriora,Aristotle,W.D. Ross,Oxonii,1964,Greek,673363,data/tlg0086/tlg001,data
tlg0086.tlg001.1st1K-grc1.xml,urn:cts:greekLit:tlg0086.tlg001.1st1K-grc1,Analytica priora,Aristotle,Immanuel Bekker,Oxford University Press,1837,Greek,735642,data/tlg0086/tlg001,data
tlg0086.tlg039.1st1K-grc1.xml,urn:cts:greekLit:tlg0086.tlg039.1st1K-grc1,Περὶ φυτῶν,Aristotle,Immanuel Bekker,Oxford University Press,1837,Greek,181290,data/tlg0086/tlg039,data
tlg0086.tlg006.1st1K-grc1.xml,urn:cts:greekLit:tlg0086.tlg006.1st1K-grc1,Categoriae,Aristotle,Immanuel Bekker,Oxford University Press,1837,Greek,138192,data/tlg0086/tlg006,data
tlg0086.tlg030.1st1K-grc1.xml,urn:cts:greekLit:tlg0086.tlg030.1st1K-grc1,De partibus animalium,Aristotle,Bernhard Langkavel,Leipzig,1868,Greek,515515,data/tlg0086/tlg030,data
tlg0086.tlg008.1st1K-grc1.xml,urn:cts:greekLit:tlg0086.tlg008.1st1K-grc1,De divinatione per somnum,Aristotle,Immanuel Bekker,Oxford University Press,1837,greek,18811,data/tlg0086/tlg008,data
tlg0086.tlg037.1st1K-grc1.xml,urn:cts:greekLit:tlg0086.tlg037.1st1K-grc1,De respiratione,Aristotle,Immanuel Bekker,Oxford University Press,1837,greek,84155,data/tlg0086/tlg037,data
tlg0086.tlg015.1st1K-grc1.xml,urn:cts:greekLit:tlg0086.tlg015.1st1K-grc1,De animalium incessu,Aristotle,Werner Jaeger,Teubner,1913,Greek,123294,data/tlg0086/tlg015,data
tlg0086.tlg012.1st1K-grc1.xml,urn:cts:greekLit:tlg0086.tlg012.1st1K-grc1,De Generatione Animalium,Aristotle,Immanuel Bekker,"Typis Academicis, G. Reimer",1829,Greek,595889,data/tlg0086/tlg012,data
tlg0086.tlg024.1st1K-grc1.xml,urn:cts:greekLit:tlg0086.tlg024.1st1K-grc1,De memoria et reminiscentia,Aristotle,Immanuel Bekker,Oxford University Press,1837,greek,34091,data/tlg0086/tlg024,data
tlg0086.tlg023.1st1K-grc1.xml,urn:cts:greekLit:tlg0086.tlg023.1st1K-grc1,Μηχανικά,Aristotle,Immanuel Bekker,Oxford University Press,1837,Greek,123975,data/tlg0086/tlg023,data
tlg0086.tlg048.1st1K-grc1.xml,urn:cts:greekLit:tlg0086.tlg048.1st1K-grc1,Divisiones Aristoteleae,Aristotle,Hermann Mutschmann,B. G. Teubner,1906,Greek,148653,data/tlg0086/tlg048,data
tlg0086.tlg046.1st1K-grc1.xml,urn:cts:greekLit:tlg0086.tlg046.1st1K-grc1,Ἀνέμων θέσεις καὶ προσηγορίαι,Aristotle,Immanuel Bekker,Oxford University Press,1837,Greek,13912,data/tlg0086/tlg046,data
tlg0086.tlg041.1st1K-grc1.xml,urn:cts:greekLit:tlg0086.tlg041.1st1K-grc1,De sensu et sensibilibus,Aristotle,Immanuel Bekker,Oxford University Press,1837,Latin,108431,data/tlg0086/tlg041,data
tlg0086.tlg022.1st1K-grc1.xml,urn:cts:greekLit:tlg0086.tlg022.1st1K-grc1,Magna Moralia,Aristotle,Franz Susemihl,Teubner,1883,Greek,390883,data/tlg0086/tlg022,data
tlg0086.tlg025.perseus-eng2.xml,,Metaphysics,Aristotle,Hugh Tredennick,William Heinemann Ltd.,1933-1935,English,1052567,data/tlg0086/tlg025,data
tlg0086.tlg025.perseus-grc2.xml,urn:cts:greekLit:tlg0086.tlg025.perseus-grc2,τὰ Μετὰ τὰ Φυσικά,Aristotle,William David Ross,Clarendon Press,1924,Greek,981359,data/tlg0086/tlg025,data
tlg0086.tlg013.1st1K-grc1.xml,urn:cts:greekLit:tlg0086.tlg013.1st1K-grc1,De generatione et corruptione,Aristotle,E. S. Forster,William Heinemann,1955,Greek,266711,data/tlg0086/tlg013,data
tlg0086.tlg013.1st1K-grc2.xml,urn:cts:greekLit:tlg0086.tlg013.1st1K-grc2,De generatione et corruptione,Aristotle,Carl Prantl,Teubner,1881,Greek,246037,data/tlg0086/tlg013,data
tlg0086.tlg014.1st1K-grc1.xml,urn:cts:greekLit:tlg0086.tlg014.1st1K-grc1,Historia animalium,Aristotle,Immanuel Bekker,Oxford University Press,1837,greek,1241379,data/tlg0086/tlg014,data
tlg0086.tlg040.1st1K-grc1.xml,urn:cts:greekLit:tlg0086.tlg040.1st1K-grc1,De sophisticis elenchis,Aristotle,Immanuel Bekker,Oxford University Press,1837,greek,186629,data/tlg0086/tlg040,data
tlg0086.tlg047.1st1K-grc1.xml,urn:cts:greekLit:tlg0086.tlg047.1st1K-grc1,"Περὶ Ξενοφάνους, περὶ Ζήνωνος, περὶ Γοργίου",Aristotle,Immanuel Bekker,Oxford University Press,1837,Greek,74297,data/tlg0086/tlg047,data
tlg0086.tlg032.1st1K-grc1.xml,urn:cts:greekLit:tlg0086.tlg032.1st1K-grc1,Φυσιογνωμονικά,Aristotle,Immanuel Bekker,Oxford University Press,1837,Greek,97379,data/tlg0086/tlg032,data
tlg0086.tlg035.perseus-eng2.xml,,Politics,Aristotle,Harris Rackham,William Heinemann Ltd.,1944,Greek,774883,data/tlg0086/tlg035,data
tlg0086.tlg035.perseus-grc2.xml,urn:cts:greekLit:tlg0086.tlg035.perseus-grc2,Πολιτικά,Aristotle,William David Ross,Clarendon Press,1957,Greek,918449,data/tlg0086/tlg035,data
tlg0086.tlg003.perseus-grc2.xml,urn:cts:greekLit:tlg0086.tlg003.perseus-grc2,Ἀθηναίων πολιτεία,Aristotle,Frederic G Kenyon,Clarendon Press,1920,Greek,263712,data/tlg0086/tlg003,data
tlg0086.tlg003.1st1K-grc1.xml,urn:cts:greekLit:tlg0086.tlg003.1st1K-grc1,Res Publica Atheniensium,Aristotle,Frederic G. Kenyon,Reimer,1903,Greek,486936,data/tlg0086/tlg003,data
tlg0086.tlg003.1st1K-grc2.xml,urn:cts:greekLit:tlg0086.tlg003.1st1K-grc2,Fragmenta Deperditae Partis Primae,Aristotle,Frederic G. Kenyon,Reimer,1903,Greek,19382,data/tlg0086/tlg003,data
tlg0086.tlg004.1st1K-grc1.xml,urn:cts:greekLit:tlg0086.tlg004.1st1K-grc1,Ἐκ τοῦ περὶ ἀκουστῶν,Aristotle,Immanuel Bekker,Oxford University Press,1837,Greek,57582,data/tlg0086/tlg004,data
tlg0086.tlg005.1st1K-grc1.xml,urn:cts:greekLit:tlg0086.tlg005.1st1K-grc1,De caelo,Aristotle,Carl Prantl,Teubner,1881,Greek,447444,data/tlg0086/tlg005,data
tlg0086.tlg002.1st1K-grc2.xml,urn:cts:greekLit:tlg0086.tlg002.1st1K-grc2,De anima,Aristotle,W. D. Ross,Oxonii,1956,Greek,301064,data/tlg0086/tlg002,data
tlg0086.tlg002.1st1K-grc1.xml,urn:cts:greekLit:tlg0086.tlg002.1st1K-grc1,De anima,Aristotle,Immanuel Bekker,Oxford University Press,1837,Greek,265419,data/tlg0086/tlg002,data
tlg0086.tlg034.perseus-eng2.xml,,Poetics,Aristotle,William Hamilton Fyfe,William Heinemann Ltd.,1939,English,201645,data/tlg0086/tlg034,data
tlg0086.tlg034.digicorpus-ara1.xml,,Ars Poetica,Aristotle,ʿAbd al-Raḥmān Badawī,Maktabat al-nahḍah al-miṣrīyah,1953,ara,139695,data/tlg0086/tlg034,data
tlg0086.tlg034.perseus-grc2.xml,urn:cts:greekLit:tlg0086.tlg034.perseus-grc2,Περὶ ποιητικῆς,Aristotle,Rudolf Kassel,Clarendon Press,1965,Latin,187277,data/tlg0086/tlg034,data
tlg0086.tlg034.digicorpus-grc2.xml,urn:cts:greekLit:tlg0086.tlg034.digicorpus-grc2,Περὶ ποιητικῆς,Aristotle,Immanuel Bekker,Oxford University Press,1837,Latin,174116,data/tlg0086/tlg034,data
tlg0086.tlg042.1st1K-grc1.xml,urn:cts:greekLit:tlg0086.tlg042.1st1K-grc1,De somno et vigilia,Aristotle,Immanuel Bekker,Oxford University Press,1837,greek,41724,data/tlg0086/tlg042,data
tlg0086.tlg045.perseus-grc2.xml,urn:cts:greekLit:tlg0086.tlg045.perseus-grc2,περὶ Ἀρετῶν καὶ Κακιῶν,Aristotle,Immanuel Bekker,Reimer,1831,Greek,24652,data/tlg0086/tlg045,data
tlg0086.tlg011.1st1K-grc1.xml,urn:cts:greekLit:tlg0086.tlg011.1st1K-grc1,Epistulae,Aristotle,Rudolf Hercher,A. F. Didot,1873,Greek,17595,data/tlg0086/tlg011,data
tlg0086.tlg016.1st1K-grc1.xml,urn:cts:greekLit:tlg0086.tlg016.1st1K-grc1,De insomniis,Aristotle,Immanuel Bekker,Oxford University Press,1837,greek,36075,data/tlg0086/tlg016,data
tlg0086.tlg029.perseus-grc2.xml,urn:cts:greekLit:tlg0086.tlg029.perseus-grc2,Οἰκονομικά,Aristotle,George Cyril Armstrong,William Heinemann Ltd.,1935,Greek,103187,data/tlg0086/tlg029,data
tlg0086.tlg029.perseus-eng2.xml,, Economics,Aristotle,George Cyril Armstrong,William Heinemann Ltd.,1935,English,84833,data/tlg0086/tlg029,data
tlg0086.tlg020.1st1K-grc1.xml,urn:cts:greekLit:tlg0086.tlg020.1st1K-grc1,De longitudine et brevitate vitae,Aristotle,Immanuel Bekker,Oxford University Press,1837,greek,26048,data/tlg0086/tlg020,data
tlg0086.tlg027.1st1K-grc1.xml,urn:cts:greekLit:tlg0086.tlg027.1st1K-grc1,Περὶ θαυμασίων ἀκουσμάτων,Aristotle,Immanuel Bekker,Oxford University Press,1837,Greek,174086,data/tlg0086/tlg027,data
tlg0086.tlg018.1st1K-grc1.xml,urn:cts:greekLit:tlg0086.tlg018.1st1K-grc1,"De iuventute et senectute, De vita et morte",Aristotle,Immanuel Bekker,Oxford University Press,1837,greek,25934,data/tlg0086/tlg018,data
tlg0086.tlg044.1st1K-grc1.xml,urn:cts:greekLit:tlg0086.tlg044.1st1K-grc1,Topica,Aristotle,Immanuel Bekker,Oxford University Press,1837,greek,581142,data/tlg0086/tlg044,data
tlg0086.tlg043.1st1K-grc1.xml,urn:cts:greekLit:tlg0086.tlg043.1st1K-grc1,De spiritu,Aristotle,Werner Jaeger,Teubner,1913,Greek,67389,data/tlg0086/tlg043,data
tlg0086.tlg026.1st1K-grc1.xml,urn:cts:greekLit:tlg0086.tlg026.1st1K-grc1,Meteorologica,Aristotle,Immanuel Bekker,Oxford University Press,1837,greek,438669,data/tlg0086/tlg026,data
tlg0086.tlg026.1st1K-grc2.xml,urn:cts:greekLit:tlg0086.tlg026.1st1K-grc2,Meteorologica,Aristotle,Francis H. Fobes,Harvard University Press,1919,Greek,865649,data/tlg0086/tlg026,data
tlg0086.tlg019.1st1K-grc1.xml,urn:cts:greekLit:tlg0086.tlg019.1st1K-grc1,Περὶ ἀτόμων γραμμῶν,Aristotle,Immanuel Bekker,Oxford University Press,1837,Greek,48449,data/tlg0086/tlg019,data
tlg0086.tlg021.1st1K-grc1.xml,urn:cts:greekLit:tlg0086.tlg021.1st1K-grc1,De animalium motione,Aristotle,Werner Jaeger,Teubner,1913,Greek,77433,data/tlg0086/tlg021,data
tlg0086.tlg017.1st1K-grc1.xml,urn:cts:greekLit:tlg0086.tlg017.1st1K-grc1,De interpretatione,Aristotle,Immanuel Bekker,Oxford University Press,1837,Greek,83391,data/tlg0086/tlg017,data
tlg0086.tlg010.perseus-eng2.xml,,Nicomachean Ethics,Aristotle,Harris Rackham,William Heinemann Ltd.,1926,Greek,855802,data/tlg0086/tlg010,data
tlg0086.tlg010.perseus-grc2.xml,urn:cts:greekLit:tlg0086.tlg010.perseus-grc2,Ἠθικὰ Νικομάχεια,Aristotle,Ingram Bywater,Clarendon Press,1894,Greek,747748,data/tlg0086/tlg010,data
tlg4089.tlg003.1st1K-grc1.xml,urn:cts:greekLit:tlg4089.tlg003.1st1K-grc1,Historia Ecclesiastica,"Theodoret, Bishop of Cyrus",Johann Ludwig Schulze,J.P. Migne,1864,Greek,1134135,data/tlg4089/tlg003,data
tlg4089.tlg003.opp-grc1.xml,urn:cts:greekLit:tlg4089.tlg003.opp-grc1,Historia ecclesiastica ,Theodoretus,Léon Parmentier,Hinrichs,1911,Greek,1598585,data/tlg4089/tlg003,data
tlg4089.tlg004.1st1K-grc1.xml,urn:cts:greekLit:tlg4089.tlg004.1st1K-grc1,Historia Religiosa,"Theodoret, Bishop of Cyrus",Johann Ludwig Schulze,J.P. Migne,1864,Greek,716432,data/tlg4089/tlg004,data
tlg2970.tlg001.1st1K-grc1.xml,urn:cts:greekLit:tlg2970.tlg001.1st1K-grc1,Περὶ ψυχῆς (fragmentum),Severus Philosophus,Friedrich Wilhelm August Mullach,Firmin-Didot,1881,Greek,8295,data/tlg2970/tlg001,data
tlg0036.tlg001.perseus-grc2.xml,urn:cts:greekLit:tlg0036.tlg001.perseus-grc2,Αδώνιδος επιτάφιος,Bion of Phlossa,J. M. Edmonds,"William Heinemann, Ltd.",1916,Greek,19017,data/tlg0036/tlg001,data
tlg0036.tlg003.perseus-grc2.xml,urn:cts:greekLit:tlg0036.tlg003.perseus-grc2,Fragmenta,Bion of Phlossa,J. M. Edmonds,"William Heinemann, Ltd.",1916,Greek,25351,data/tlg0036/tlg003,data
tlg0036.tlg002.perseus-grc2.xml,urn:cts:greekLit:tlg0036.tlg002.perseus-grc2,Μύρσων καὶ Λυκίδας,Bion of Phlossa,J. M. Edmonds,"William Heinemann, Ltd.",1916,Greek,8428,data/tlg0036/tlg002,data
tlg2137.tlg001.1st1K-grc1.xml,urn:cts:greekLit:tlg2137.tlg001.1st1K-grc1,Harmonica introductio,Gaudentius,Karl von Jan,Teubner,1895,Greek,83224,data/tlg2137/tlg001,data
tlg2934.tlg066.perseus-grc2.xml,urn:cts:greekLit:tlg2934.tlg066.perseus-grc2,Βαρλαάμ καί Ἰωάσαφ,John of Damascus,George Ratcliffe Woodward,William Heinemann,1914,Greek,934357,data/tlg2934/tlg066,data
tlg1325.tlg001.1st1K-grc1.xml,urn:cts:greekLit:tlg1325.tlg001.1st1K-grc1,Epistulae,Diogenes Sinopensis Epistulae,Rudolf Hercher,A. F. Didot,1873,Greek,142671,data/tlg1325/tlg001,data
tlg0693.tlg001.1st1K-grc1.xml,urn:cts:greekLit:tlg0693.tlg001.1st1K-grc1,Διδασκαλικὸς τῶν Πλάτωνος δογμάτων,Albinus,Karl Friedrich Hermann,Teubner,1884,Greek,177767,data/tlg0693/tlg001,data
tlg0693.tlg002.1st1K-grc1.xml,urn:cts:greekLit:tlg0693.tlg002.1st1K-grc1,Εἰσαγογὴ εἰς τοὺς Πλάτωνος διαλόγους,Albinus,Karl Friedrich Hermann,Teubner,1884,Greek,22509,data/tlg0693/tlg002,data
tlg0031.tlg009.perseus-eng2.xml,,World English Bible - Galatians,,"Rainbow Missions, Inc.",,,English,37161,data/tlg0031/tlg009,data
tlg0031.tlg009.perseus-grc2.xml,urn:cts:greekLit:tlg0031.tlg009.perseus-grc2,New Testament - Galatians,,Brooke Foss Westcott,"Harper and Brothers, Franklin Square",1882,Greek,49926,data/tlg0031/tlg009,data
tlg0031.tlg007.perseus-eng2.xml,,World English Bible - 1 Corinthians,,"Rainbow Missions, Inc.",,,English,101868,data/tlg0031/tlg007,data
tlg0031.tlg007.perseus-grc2.xml,urn:cts:greekLit:tlg0031.tlg007.perseus-grc2,New Testament - 1 Corinthians,,Brooke Foss Westcott,"Harper and Brothers, Franklin Square",1882,Greek,135949,data/tlg0031/tlg007,data
tlg0031.tlg001.perseus-grc2.xml,urn:cts:greekLit:tlg0031.tlg001.perseus-grc2,New Testament - Matthew,,Brooke Foss Westcott,"Harper and Brothers, Franklin Square",1882-1892,Greek,298014,data/tlg0031/tlg001,data
tlg0031.tlg001.perseus-eng2.xml,,World English Bible - Matthew,,"Rainbow Missions, Inc.",,,English,244608,data/tlg0031/tlg001,data
tlg0031.tlg006.perseus-eng2.xml,,World English Bible - Romans,,"Rainbow Missions, Inc.",,,English,103139,data/tlg0031/tlg006,data
tlg0031.tlg006.perseus-grc2.xml,urn:cts:greekLit:tlg0031.tlg006.perseus-grc2,New Testament - Romans,,Brooke Foss Westcott,"Harper and Brothers, Franklin Square",1882,Greek,146288,data/tlg0031/tlg006,data
tlg0031.tlg008.perseus-eng2.xml,,World English Bible - 2 Corinthians,,"Rainbow Missions, Inc.",,,English,65369,data/tlg0031/tlg008,data
tlg0031.tlg008.perseus-grc2.xml,urn:cts:greekLit:tlg0031.tlg008.perseus-grc2,New Testament - 2 Corinthians,,Brooke Foss Westcott,"Harper and Brothers, Franklin Square",1882,Greek,91285,data/tlg0031/tlg008,data
tlg0031.tlg015.perseus-grc2.xml,urn:cts:greekLit:tlg0031.tlg015.perseus-grc2,New Testament - 1 Timothy,,Brooke Foss Westcott,"Harper and Brothers, Franklin Square",1882,Greek,39540,data/tlg0031/tlg015,data
tlg0031.tlg015.perseus-eng2.xml,,World English Bible - 1 Timothy,,"Rainbow Missions, Inc.",,,English,30049,data/tlg0031/tlg015,data
tlg0031.tlg012.perseus-eng2.xml,,World English Bible - Colossians,,"Rainbow Missions, Inc.",,,English,25898,data/tlg0031/tlg012,data
tlg0031.tlg012.perseus-grc2.xml,urn:cts:greekLit:tlg0031.tlg012.perseus-grc2,New Testament - Colossians,,Brooke Foss Westcott,"Harper and Brothers, Franklin Square",1882,Greek,35400,data/tlg0031/tlg012,data
tlg0031.tlg024.perseus-grc2.xml,urn:cts:greekLit:tlg0031.tlg024.perseus-grc2,New Testament - 2 John,,Brooke Foss Westcott,"Harper and Brothers, Franklin Square",1882,Greek,9631,data/tlg0031/tlg024,data
tlg0031.tlg024.perseus-eng2.xml,,World English Bible - 2 John,,"Rainbow Missions, Inc.",,,English,7426,data/tlg0031/tlg024,data
tlg0031.tlg023.perseus-eng2.xml,,World English Bible - 1 John,,"Rainbow Missions, Inc.",,,English,28777,data/tlg0031/tlg023,data
tlg0031.tlg023.perseus-grc2.xml,urn:cts:greekLit:tlg0031.tlg023.perseus-grc2,New Testament - 1 John,,Brooke Foss Westcott,"Harper and Brothers, Franklin Square",1882,Greek,40873,data/tlg0031/tlg023,data
tlg0031.tlg022.perseus-eng2.xml,,World English Bible - 2 Peter,,"Rainbow Missions, Inc.",,,English,19775,data/tlg0031/tlg022,data
tlg0031.tlg022.perseus-grc2.xml,urn:cts:greekLit:tlg0031.tlg022.perseus-grc2,New Testament - 2 Peter,,Brooke Foss Westcott,"Harper and Brothers, Franklin Square",1882,Greek,26938,data/tlg0031/tlg022,data
tlg0031.tlg025.perseus-grc2.xml,urn:cts:greekLit:tlg0031.tlg025.perseus-grc2,New Testament - 3 John,,Brooke Foss Westcott,"Harper and Brothers, Franklin Square",1882,Greek,9800,data/tlg0031/tlg025,data
tlg0031.tlg025.perseus-eng2.xml,,World English Bible - 3 John,,"Rainbow Missions, Inc.",,,English,7506,data/tlg0031/tlg025,data
tlg0031.tlg013.perseus-eng2.xml,,World English Bible - I Thessalonians,,"Rainbow Missions, Inc.",,,English,24206,data/tlg0031/tlg013,data
tlg0031.tlg013.perseus-grc2.xml,urn:cts:greekLit:tlg0031.tlg013.perseus-grc2,New Testament - 1 Thessalonians,,Brooke Foss Westcott,"Harper and Brothers, Franklin Square",1882,Greek,34089,data/tlg0031/tlg013,data
tlg0031.tlg014.perseus-grc2.xml,urn:cts:greekLit:tlg0031.tlg014.perseus-grc2,New Testament - 2 Thessalonians,,Brooke Foss Westcott,"Harper and Brothers, Franklin Square",1882,Greek,21492,data/tlg0031/tlg014,data
tlg0031.tlg014.perseus-eng2.xml,,World English Bible - II Thessalonians,,"Rainbow Missions, Inc.",,,English,15268,data/tlg0031/tlg014,data
tlg0031.tlg003.perseus-eng2.xml,,World English Bible - Luke,,"Rainbow Missions, Inc.",,,English,261130,data/tlg0031/tlg003,data
tlg0031.tlg003.perseus-grc2.xml,urn:cts:greekLit:tlg0031.tlg003.perseus-grc2,New Testament - Luke,,Brooke Foss Westcott,"Harper and Brothers, Franklin Square",1882,Greek,361418,data/tlg0031/tlg003,data
tlg0031.tlg004.perseus-grc2.xml,urn:cts:greekLit:tlg0031.tlg004.perseus-grc2,New Testament - John,,Brooke Foss Westcott,"Harper and Brothers, Franklin Square",1882,Greek,262343,data/tlg0031/tlg004,data
tlg0031.tlg004.perseus-eng2.xml,,World English Bible - John,,"Rainbow Missions, Inc.",,,English,198551,data/tlg0031/tlg004,data
tlg0031.tlg005.perseus-grc2.xml,urn:cts:greekLit:tlg0031.tlg005.perseus-grc2,New Testament - Acts,,Brooke Foss Westcott,"Harper and Brothers, Franklin Square",1882,Greek,357495,data/tlg0031/tlg005,data
tlg0031.tlg005.perseus-eng2.xml,,World English Bible - Acts,,"Rainbow Missions, Inc.",,,English,242378,data/tlg0031/tlg005,data
tlg0031.tlg002.perseus-eng2.xml,,World English Bible - Mark,,"Rainbow Missions, Inc.",,,English,155428,data/tlg0031/tlg002,data
tlg0031.tlg002.1st1K-cop1.xml,,Mark Chapter 1,,,,,cop,55689,data/tlg0031/tlg002,data
tlg0031.tlg002.perseus-grc2.xml,urn:cts:greekLit:tlg0031.tlg002.perseus-grc2,New Testament - Mark,,Brooke Foss Westcott,"Harper and Brothers, Franklin Square",1882,Greek,209684,data/tlg0031/tlg002,data
tlg0031.tlg002.INTF-grc1.xml,urn:cts:greekLit:tlg0031.tlg002.INTF-grc1,1,,,,,Greek,22961,data/tlg0031/tlg002,data
tlg0031.tlg011.perseus-grc2.xml,urn:cts:greekLit:tlg0031.tlg011.perseus-grc2,New Testament - Philippians,,Brooke Foss Westcott,"Harper and Brothers, Franklin Square",1882,Greek,36881,data/tlg0031/tlg011,data
tlg0031.tlg011.perseus-eng2.xml,,World English Bible - Philippians,,"Rainbow Missions, Inc.",,,English,27719,data/tlg0031/tlg011,data
tlg0031.tlg016.perseus-eng2.xml,,World English Bible - 2 Timothy,,"Rainbow Missions, Inc.",,,English,22699,data/tlg0031/tlg016,data
tlg0031.tlg016.perseus-grc2.xml,urn:cts:greekLit:tlg0031.tlg016.perseus-grc2,New Testament - 2 Timothy,,Brooke Foss Westcott,"Harper and Brothers, Franklin Square",1882,Greek,30486,data/tlg0031/tlg016,data
tlg0031.tlg020.perseus-grc2.xml,urn:cts:greekLit:tlg0031.tlg020.perseus-grc2,New Testament - James,,Brooke Foss Westcott,"Harper and Brothers, Franklin Square",1882,Greek,39740,data/tlg0031/tlg020,data
tlg0031.tlg020.perseus-eng2.xml,,World English Bible - James,,"Rainbow Missions, Inc.",,,English,28567,data/tlg0031/tlg020,data
tlg0031.tlg027.perseus-eng2.xml,,World English Bible - Apocalypse,,"Rainbow Missions, Inc.",,,English,99437,data/tlg0031/tlg027,data
tlg0031.tlg027.perseus-grc2.xml,urn:cts:greekLit:tlg0031.tlg027.perseus-grc2,New Testament - Revelation,,Brooke Foss Westcott,"Harper and Brothers, Franklin Square",1882,Greek,197586,data/tlg0031/tlg027,data
tlg0031.tlg018.perseus-eng2.xml,,World English Bible - Philemon,,"Rainbow Missions, Inc.",,,English,9447,data/tlg0031/tlg018,data
tlg0031.tlg018.perseus-grc2.xml,urn:cts:greekLit:tlg0031.tlg018.perseus-grc2,New Testament - Philemon,,Brooke Foss Westcott,"Harper and Brothers, Franklin Square",1882,Greek,12046,data/tlg0031/tlg018,data
tlg0031.tlg026.perseus-eng2.xml,,World English Bible - Jude,,"Rainbow Missions, Inc.",,,English,10752,data/tlg0031/tlg026,data
tlg0031.tlg026.perseus-grc2.xml,urn:cts:greekLit:tlg0031.tlg026.perseus-grc2,New Testament - Jude,,Brooke Foss Westcott,"Harper and Brothers, Franklin Square",1882,Greek,14561,data/tlg0031/tlg026,data
tlg0031.tlg019.perseus-eng2.xml,,World English Bible - Hebrews,,"Rainbow Missions, Inc.",,,English,76504,data/tlg0031/tlg019,data
tlg0031.tlg019.perseus-grc2.xml,urn:cts:greekLit:tlg0031.tlg019.perseus-grc2,New Testament - Hebrews,,Brooke Foss Westcott,"Harper and Brothers, Franklin Square",1882,Greek,118931,data/tlg0031/tlg019,data
tlg0031.tlg021.perseus-grc2.xml,urn:cts:greekLit:tlg0031.tlg021.perseus-grc2,New Testament - 1 Peter,,Brooke Foss Westcott,"Harper and Brothers, Franklin Square",1882,Greek,43306,data/tlg0031/tlg021,data
tlg0031.tlg021.perseus-eng2.xml,,World English Bible - 1 Peter,,"Rainbow Missions, Inc.",,,English,29551,data/tlg0031/tlg021,data
tlg0031.tlg017.perseus-eng2.xml,,World English Bible - Titus,,"Rainbow Missions, Inc.",,,English,14815,data/tlg0031/tlg017,data
tlg0031.tlg017.perseus-grc2.xml,urn:cts:greekLit:tlg0031.tlg017.perseus-grc2,New Testament - Titus,,Brooke Foss Westcott,"Harper and Brothers, Franklin Square",1882,Greek,19492,data/tlg0031/tlg017,data
tlg0031.tlg010.perseus-grc2.xml,urn:cts:greekLit:tlg0031.tlg010.perseus-grc2,New Testament - Ephesians,,Brooke Foss Westcott,"Harper and Brothers, Franklin Square",1882,Greek,53290,data/tlg0031/tlg010,data
tlg0031.tlg010.perseus-eng2.xml,,World English Bible - Ephesians,,"Rainbow Missions, Inc.",,,English,38200,data/tlg0031/tlg010,data
tlg0658.tlg001.perseus-grc1.xml,urn:cts:greekLit:tlg0658.tlg001.perseus-grc1,Aethiopica,Heliodorus of Emesa,Immanuel Bekker,Teubner,1855,Greek,999469,data/tlg0658/tlg001,data
tlg4037.tlg001.1st1K-grc1.xml,urn:cts:greekLit:tlg4037.tlg001.1st1K-grc1,Peri Apiston,Anonymi Paradoxographi,Nicola Festa,Teubner,1902,Greek,31081,data/tlg4037/tlg001,data
tlg4037.tlg001.1st1K-eng1.xml,,Excerpta Vaticana,Anonymous,Greta Hawes,Oxford University Press,2014,Greek,27353,data/tlg4037/tlg001,data
tlg0007.tlg118.perseus-grc2.xml,urn:cts:greekLit:tlg0007.tlg118.perseus-grc2,Πολιτικὰ παραγγέλματα,Plutarch,Grēgorios N. Vernardakēs,Teubner,1893,Greek,234412,data/tlg0007/tlg118,data
tlg0007.tlg118.perseus-eng3.xml,,Precepts of Statecraft,Plutarch,William Clark Helmbold,Harvard University Press,1936,English,149482,data/tlg0007/tlg118,data
tlg0007.tlg118.perseus-eng4.xml,,Political Precepts,Plutarch,William W. Goodwin,"Little, Brown, and Company",1874,English,125155,data/tlg0007/tlg118,data
tlg0007.tlg127.perseus-grc3.xml,urn:cts:greekLit:tlg0007.tlg127.perseus-grc3,Περὶ τοῦ πρώτως ψυχροῦ,Plutarch,Grēgorios N. Vernardakēs,Teubner,1893,Greek,74660,data/tlg0007/tlg127,data
tlg0007.tlg127.perseus-eng3.xml,,On the Principle of Cold,Plutarch,Harold Cherniss and William C. Helmbold,Harvard University Press,1957,English,72660,data/tlg0007/tlg127,data
tlg0007.tlg127.perseus-eng4.xml,,Concering the First Principles of Cold,Plutarch,William W. Goodwin,"Little, Brown, and Company",1874,English,48147,data/tlg0007/tlg127,data
tlg0007.tlg120.perseus-eng4.xml,,"Against Running in Debt, or Taking up Money Upon Usury",Plutarch,William W. Goodwin,"Little, Brown, and Company",1874,English,28286,data/tlg0007/tlg120,data
tlg0007.tlg120.perseus-eng3.xml,,That we Ought not to Borrow,Plutarch,Harold North Fowler,Harvard University Press,1936,English,26826,data/tlg0007/tlg120,data
tlg0007.tlg120.perseus-grc2.xml,urn:cts:greekLit:tlg0007.tlg120.perseus-grc2,Περὶ τοῦ μὴ δεῖν δανείζεσθαι,Plutarch,Grēgorios N. Vernardakēs,Teubner,1893,Greek,46281,data/tlg0007/tlg120,data
tlg0007.tlg129.perseus-grc2.xml,urn:cts:greekLit:tlg0007.tlg129.perseus-grc2,Πότερα τῶν ζῴων φρονιμώτερα τὰ χερσαῖα ἢ τὰ ἔνυδρα,Plutarch,Grēgorios N. Vernardakēs,Teubner,1895,Greek,185948,data/tlg0007/tlg129,data
tlg0007.tlg129.perseus-eng4.xml,,"Which are the most crafty, water-animals or those creatures that breed upon the land?",Plutarch,William W. Goodwin,"Little, Brown, and Company",1874,English,132070,data/tlg0007/tlg129,data
tlg0007.tlg129.perseus-eng3.xml,,Whether land or sea animals are cleverer,Plutarch,Harold Cherniss,Harvard University Press,1957,English,272135,data/tlg0007/tlg129,data
tlg0007.tlg116.perseus-grc2.xml,urn:cts:greekLit:tlg0007.tlg116.perseus-grc2,Πρὸς ἡγεμόνα ἀπαίδευτον,Plutarch,Grēgorios N. Vernardakēs,Teubner,1893,Greek,36672,data/tlg0007/tlg116,data
tlg0007.tlg116.perseus-eng4.xml,,A discourse to an unlearned prince,Plutarch,William W. Goodwin,"Little, Brown, and Company",1874,English,18616,data/tlg0007/tlg116,data
tlg0007.tlg116.perseus-eng3.xml,,To an Uneducated Ruler,Plutarch,William Clark Helmbold,Harvard University Press,1936,English,22177,data/tlg0007/tlg116,data
tlg0007.tlg111.perseus-eng2.xml,,Plutarch's Consolatory Letter to His Wife,Plutarch,William W. Goodwin,"Little, Brown, and Company",1874,English,21135,data/tlg0007/tlg111,data
tlg0007.tlg111.perseus-grc2.xml,urn:cts:greekLit:tlg0007.tlg111.perseus-grc2,Παραμυθητικός εἰς τὴν γυναῖκα τὴν αὑτου,Plutarch,Grēgorios N. Vernardakēs,Teubner,1891,Greek,42280,data/tlg0007/tlg111,data
tlg0007.tlg110.perseus-eng2.xml,,"Of Banishment, or Flying One's Country.",Plutarch,William W. Goodwin,"Little, Brown, and Company",1874,English,46127,data/tlg0007/tlg110,data
tlg0007.tlg110.perseus-grc2.xml,urn:cts:greekLit:tlg0007.tlg110.perseus-grc2,Περὶ φυγῆς,Plutarch,Grēgorios N. Vernardakēs,Teubner,1891,Greek,90735,data/tlg0007/tlg110,data
tlg0007.tlg128.perseus-grc2.xml,urn:cts:greekLit:tlg0007.tlg128.perseus-grc2,Περὶ τοῦ πότερον ὕδωρ ἢ πῦρ χρησιμώτερον,Plutarch,Grēgorios N. Vernardakēs,Teubner,1895,Greek,26138,data/tlg0007/tlg128,data
tlg0007.tlg128.perseus-eng4.xml,,Whether water or fire be most useful,Plutarch,William W. Goodwin,"Little, Brown, and Company",1874,English,18135,data/tlg0007/tlg128,data
tlg0007.tlg128.perseus-eng3.xml,,Whether fire or water is most useful,Plutarch,Harold Cherniss,Harvard University Press,1957,English,27350,data/tlg0007/tlg128,data
tlg0007.tlg117.perseus-grc2.xml,urn:cts:greekLit:tlg0007.tlg117.perseus-grc2,Εἰ πρεσβυτέρῳ πολιτευτέον,Plutarch,Grēgorios N. Vernardakēs,Teubner,1893,Greek,142215,data/tlg0007/tlg117,data
tlg0007.tlg117.perseus-eng4.xml,,Whether an Aged Man Ought to Meddle in State Affairs,Plutarch,William W. Goodwin,"Little, Brown, and Company",1874,English,72435,data/tlg0007/tlg117,data
tlg0007.tlg117.perseus-eng3.xml,,Whether an Old Man Should Engage in Public Affairs,Plutarch,Harold North Fowler,Harvard University Press,1936,English,80695,data/tlg0007/tlg117,data
tlg0007.tlg121.perseus-eng4.xml,,Lives of the Ten Orators,Plutarch,William W. Goodwin,"Little, Brown, and Company",1874,English,95183,data/tlg0007/tlg121,data
tlg0007.tlg121.perseus-eng3.xml,,The Lives of the Ten Orators,Plutarch,William Clark Helmbold,Harvard University Press,1936,English,135213,data/tlg0007/tlg121,data
tlg0007.tlg121.perseus-grc2.xml,urn:cts:greekLit:tlg0007.tlg121.perseus-grc2,Vitae decem oratorum,Plutarch,Grēgorios N. Vernardakēs,Teubner,1893,Greek,142207,data/tlg0007/tlg121,data
tlg0007.tlg119.perseus-grc2.xml,urn:cts:greekLit:tlg0007.tlg119.perseus-grc2,Περὶ μοναρχίας καὶ δημοκρατίας καὶ ὀλιγαρχίας,Plutarch,Grēgorios N. Vernardakēs,Teubner,1893,Greek,16272,data/tlg0007/tlg119,data
tlg0007.tlg119.perseus-eng3.xml,,"On Monarchy, Democracy, and Oligrachy",Plutarch,Harold North Fowler,Harvard University Press,1936,English,11130,data/tlg0007/tlg119,data
tlg0007.tlg119.perseus-eng4.xml,,"Of the Three Sorts of Government, Monarchy, Democracy, and Oligarchy.",Plutarch,William W. Goodwin,"Little, Brown, and Company",1874,English,11471,data/tlg0007/tlg119,data
tlg0007.tlg126.perseus-grc2.xml,urn:cts:greekLit:tlg0007.tlg126.perseus-grc2,Περὶ τοῦ ἐμφαινομένου προσώπου τῷ κύκλῳ τῆς σελήνης,Plutarch,Grēgorios N. Vernardakēs,Teubner,1893,Greek,185648,data/tlg0007/tlg126,data
tlg0007.tlg126.perseus-eng3.xml,,Concerning the Face which Appears in the Orb Of the Moon,Plutarch,Harold Cherniss,Harvard University Press,1957,English,406791,data/tlg0007/tlg126,data
tlg0007.tlg126.perseus-eng4.xml,,Of the Face Appearing Within the Orb Of the Moon,Plutarch,William W. Goodwin,"Little, Brown, and Company",1874,English,124215,data/tlg0007/tlg126,data
tlg0007.tlg054.perseus-grc2.xml,urn:cts:greekLit:tlg0007.tlg054.perseus-grc2,Demosthenes,Plutarch,Bernadotte Perrin,Harvard University Press,1919,Greek,105896,data/tlg0007/tlg054,data
tlg0007.tlg054.perseus-eng2.xml,,Demosthenes,Plutarch,Bernadotte Perrin,Harvard University Press,1919,English,84772,data/tlg0007/tlg054,data
tlg0007.tlg053.perseus-eng2.xml,,Comparison of Agis and Cleomenes and the Gracchi,Plutarch,Bernadotte Perrin,Harvard University Press,1921,English,14714,data/tlg0007/tlg053,data
tlg0007.tlg053.perseus-grc2.xml,urn:cts:greekLit:tlg0007.tlg053.perseus-grc2,Comparison of Agis and Cleomenes and the Gracchi,Plutarch,Bernadotte Perrin,Harvard University Press,1921,Greek,17546,data/tlg0007/tlg053,data
tlg0007.tlg098.perseus-grc2.xml,urn:cts:greekLit:tlg0007.tlg098.perseus-grc2,Περὶ τῆς εἰς τὰ ἔκγονα φιλοστοργίας,Plutarch,Grēgorios N. Vernardakēs,Teubner,1891,Greek,54779,data/tlg0007/tlg098,data
tlg0007.tlg098.perseus-eng4.xml,,Of Natural Affection Towards One's Offspring,Plutarch,William W. Goodwin,"Little, Brown, and Company",1874,English,21659,data/tlg0007/tlg098,data
tlg0007.tlg098.perseus-eng3.xml,,On Affection for Offspring,Plutarch,William Clark Helmbold,Harvard University Press,1939,English,39525,data/tlg0007/tlg098,data
tlg0007.tlg091.perseus-eng4.xml,,Wherefore the Pythian Priestess Now Ceases to Deliver her Oracles in Verse,Plutarch,William W. Goodwin,"Little, Brown, and Company",1874,English,76497,data/tlg0007/tlg091,data
tlg0007.tlg091.perseus-eng3.xml,,The Oracle at Delphie no Longer Given in Verse,Plutarch,Frank Cole Babbitt,Harvard University Press,1936,English,100281,data/tlg0007/tlg091,data
tlg0007.tlg091.perseus-grc2.xml,urn:cts:greekLit:tlg0007.tlg091.perseus-grc2,Περὶ τοῦ μὴ χρᾶν ἔμμετρα νῦν τὴν Πυθίαν,Plutarch,Grēgorios N. Vernardakēs,Teubner,1891,Greek,166899,data/tlg0007/tlg091,data
tlg0007.tlg065.perseus-grc2.xml,urn:cts:greekLit:tlg0007.tlg065.perseus-grc2,Galba,Plutarch,Bernadotte Perrin,Harvard University Press,1926,Greek,98200,data/tlg0007/tlg065,data
tlg0007.tlg065.perseus-eng2.xml,,Galba,Plutarch,Bernadotte Perrin,Harvard University Press,1926,English,69815,data/tlg0007/tlg065,data
tlg0007.tlg062.perseus-eng2.xml,,Comparison of Dion and Brutus,Plutarch,Bernadotte Perrin,Harvard University Press,1918,English,14940,data/tlg0007/tlg062,data
tlg0007.tlg062.perseus-grc2.xml,urn:cts:greekLit:tlg0007.tlg062.perseus-grc2,Comparison of Dion and Brutus,Plutarch,Bernadotte Perrin,Harvard University Press,1918,English,17921,data/tlg0007/tlg062,data
tlg0007.tlg096.perseus-grc2.xml,urn:cts:greekLit:tlg0007.tlg096.perseus-grc2,Περὶ εὐθυμίας,Plutarch,Grēgorios N.Vernardakēs,Teubner,1891,Greek,117991,data/tlg0007/tlg096,data
tlg0007.tlg096.perseus-eng3.xml,,On Tranquillity of Mind,Plutarch,William Clark Helmbold,Harvard University Press,1939,English,97358,data/tlg0007/tlg096,data
tlg0007.tlg096.perseus-eng4.xml,,Of the Tranquillity of the Mind.,Plutarch,William W. Goodwin,"Little, Brown, and Company",1874,English,69227,data/tlg0007/tlg096,data
tlg0007.tlg009.perseus-eng2.xml,,Comparison of Solon and Publicola,Plutarch,Bernadotte Perrin,Harvard University Press,1914,English,15470,data/tlg0007/tlg009,data
tlg0007.tlg009.perseus-grc2.xml,urn:cts:greekLit:tlg0007.tlg009.perseus-grc2,Σόλωνος καὶ Ποπλικόλα σύγκρισις,Plutarch,Bernadotte Perrin,Harvard University Press,1914,Greek,18358,data/tlg0007/tlg009,data
tlg0007.tlg036.perseus-eng2.xml,,Lucullus,Plutarch,Bernadotte Perrin,Harvard University Press,1914,English,156318,data/tlg0007/tlg036,data
tlg0007.tlg036.perseus-grc2.xml,urn:cts:greekLit:tlg0007.tlg036.perseus-grc2,Λούκουλλος,Plutarch,Bernadotte Perrin,Harvard University Press,1914,Greek,220786,data/tlg0007/tlg036,data
tlg0007.tlg031.perseus-grc2.xml,urn:cts:greekLit:tlg0007.tlg031.perseus-grc2,Caius Marius,Plutarch,"Bernadotte
            Perrin",Harvard University Press,1920,Greek,191241,data/tlg0007/tlg031,data
tlg0007.tlg031.perseus-eng2.xml,,Caius Marius,Plutarch,Bernadotte Perrin,Harvard University Press,1920,English,137340,data/tlg0007/tlg031,data
tlg0007.tlg038.perseus-eng2.xml,,Nicias,Plutarch,Bernadotte Perrin,Harvard University Press,1916,English,119167,data/tlg0007/tlg038,data
tlg0007.tlg038.perseus-grc2.xml,urn:cts:greekLit:tlg0007.tlg038.perseus-grc2,Νικίας,Plutarch,Bernadotte Perrin,Harvard University Press,1916,Greek,148383,data/tlg0007/tlg038,data
tlg0007.tlg007.perseus-eng2.xml,,Solon,Plutarch,Bernadotte Perrin,Harvard University Press,1914,English,111257,data/tlg0007/tlg007,data
tlg0007.tlg007.perseus-grc2.xml,urn:cts:greekLit:tlg0007.tlg007.perseus-grc2,Σόλων,Plutarch,Bernadotte Perrin,Harvard University Press,1914,Greek,142358,data/tlg0007/tlg007,data
tlg0007.tlg097.perseus-grc2.xml,urn:cts:greekLit:tlg0007.tlg097.perseus-grc2,Περὶ φιλαδελφίας,Plutarch,Grēgorios N. Vernardakēs,Teubner,1891,Greek,132473,data/tlg0007/tlg097,data
tlg0007.tlg097.perseus-eng3.xml,,On Brotherly Love,Plutarch,W. C. Helmbold,Harvard University Press,1939,English,105310,data/tlg0007/tlg097,data
tlg0007.tlg097.perseus-eng4.xml,,Of Brotherly Love,Plutarch,William W. Goodwin,"Little, Brown, and Company",1874,English,78121,data/tlg0007/tlg097,data
tlg0007.tlg063.perseus-eng2.xml,,Aratus,Plutarch,Bernadotte Perrin,Harvard University Press,1926,English,127097,data/tlg0007/tlg063,data
tlg0007.tlg063.perseus-grc2.xml,urn:cts:greekLit:tlg0007.tlg063.perseus-grc2,Aratus,Plutarch,Bernadotte Perrin,Harvard University Press,1926,Greek,180062,data/tlg0007/tlg063,data
tlg0007.tlg064.perseus-grc2.xml,urn:cts:greekLit:tlg0007.tlg064.perseus-grc2,Artaxerxes,Plutarch,"Bernadotte
            Perrin",Harvard University Press,1926,Greek,109446,data/tlg0007/tlg064,data
tlg0007.tlg064.perseus-eng2.xml,,Artaxerxes,Plutarch,Bernadotte Perrin,Harvard University Press,1926,English,79961,data/tlg0007/tlg064,data
tlg0007.tlg090.perseus-eng4.xml,,Of the word ,Plutarch,William W. Goodwin,"Little, Brown, and Company",1874,English,47204,data/tlg0007/tlg090,data
tlg0007.tlg090.perseus-eng3.xml,,The ,Plutarch,Frank Cole Babbitt,Harvard University Press,1936,English,72224,data/tlg0007/tlg090,data
tlg0007.tlg090.perseus-grc2.xml,urn:cts:greekLit:tlg0007.tlg090.perseus-grc2,Περὶ τοῦ Ε τοῦ ἐν Δελφοῖς,Plutarch,Grēgorios N. Vernardakēs,Teubner,1891,Greek,101127,data/tlg0007/tlg090,data
tlg0007.tlg052.perseus-eng1.xml,,Tiberius Gracchus,Plutarch,Bernadotte Perrin,Harvard University Press,1921,English,102832,data/tlg0007/tlg052,data
tlg0007.tlg052.perseus-grc1.xml,urn:cts:greekLit:tlg0007.tlg052.perseus-grc1,Tiberius and Caius Gracchus,Plutarch,Bernadotte Perrin,Harvard University Press,1921,Greek,139337,data/tlg0007/tlg052,data
tlg0007.tlg099.perseus-grc2.xml,urn:cts:greekLit:tlg0007.tlg099.perseus-grc2,Εἰ αὐτάρκης ἡ κακία πρὸς κακοδαιμονίαν,Plutarch,Grēgorios N. Vernardakēs,Teubner,1891,Greek,21783,data/tlg0007/tlg099,data
tlg0007.tlg099.perseus-eng4.xml,,Whether Vice is Sufficient to Render a Man Unhappy,Plutarch,William W. Goodwin,"Little, Brown, and Company",1874,English,13512,data/tlg0007/tlg099,data
tlg0007.tlg099.perseus-eng3.xml,,Whether vice be sufficient to cause unhappiness,Plutarch,William Clark Helmbold,Harvard University Press,1939,English,19865,data/tlg0007/tlg099,data
tlg0007.tlg055.perseus-grc2.xml,urn:cts:greekLit:tlg0007.tlg055.perseus-grc2,Cicero,Plutarch,"Bernadotte
            Perrin",Harvard University Press,1919,Greek,181275,data/tlg0007/tlg055,data
tlg0007.tlg055.perseus-eng2.xml,,Cicero,Plutarch,Bernadotte Perrin,Harvard University Press,1919,English,138724,data/tlg0007/tlg055,data
tlg0007.tlg001.perseus-grc2.xml,urn:cts:greekLit:tlg0007.tlg001.perseus-grc2,Θησεύς,Plutarch,Bernadotte Perrin,Harvard University Press,1914,Greek,126388,data/tlg0007/tlg001,data
tlg0007.tlg001.perseus-eng3.xml,,Theseus,Plutarch,Bernadotte Perrin,Harvard University Press,1914,English,100610,data/tlg0007/tlg001,data
tlg0007.tlg039.perseus-eng2.xml,,Crassus,Plutarch,Bernadotte Perrin,Harvard University Press,1916,English,124638,data/tlg0007/tlg039,data
tlg0007.tlg039.perseus-grc2.xml,urn:cts:greekLit:tlg0007.tlg039.perseus-grc2,Κράσσος,Plutarch,Bernadotte Perrin,Harvard University Press,1916,Greek,170440,data/tlg0007/tlg039,data
tlg0007.tlg006.perseus-eng2.xml,,Comparison of Lycurgus and Numa,Plutarch,Bernadotte Perrin,Harvard University Press,1914,English,22719,data/tlg0007/tlg006,data
tlg0007.tlg006.perseus-grc2.xml,urn:cts:greekLit:tlg0007.tlg006.perseus-grc2,Λυκούργου καὶ Νομᾶ σύγκρισις,Plutarch,Bernadotte Perrin,Harvard University Press,1914,Greek,28930,data/tlg0007/tlg006,data
tlg0007.tlg030.perseus-grc2.xml,urn:cts:greekLit:tlg0007.tlg030.perseus-grc2,Pyrrhus,Plutarch,Bernadotte Perrin,Harvard University Press,1920,Greek,164381,data/tlg0007/tlg030,data
tlg0007.tlg030.perseus-eng2.xml,,Pyrrhus,Plutarch,Bernadotte Perrin,Harvard University Press,1920,English,117990,data/tlg0007/tlg030,data
tlg0007.tlg008.perseus-eng2.xml,,Publicola,Plutarch,Bernadotte Perrin,Harvard University Press,1914,English,74998,data/tlg0007/tlg008,data
tlg0007.tlg008.perseus-grc2.xml,urn:cts:greekLit:tlg0007.tlg008.perseus-grc2,Ποπλικόλας,Plutarch,Bernadotte Perrin,Harvard University Press,1914,Greek,96673,data/tlg0007/tlg008,data
tlg0007.tlg037.perseus-eng2.xml,,Comparison of Lucullus and Cimon,Plutarch,Bernadotte Perrin,Harvard University Press,1914,English,15145,data/tlg0007/tlg037,data
tlg0007.tlg037.perseus-grc2.xml,urn:cts:greekLit:tlg0007.tlg037.perseus-grc2,Κίμωνος καὶ Λουκούλλος σύγκρισις,Plutarch,Bernadotte Perrin,Harvard University Press,1914,Greek,18845,data/tlg0007/tlg037,data
tlg0007.tlg015.perseus-grc2.xml,urn:cts:greekLit:tlg0007.tlg015.perseus-grc2,Ἀλκιβιάδης,Plutarch,Bernadotte Perrin,Harvard University Press,1916,Greek,169166,data/tlg0007/tlg015,data
tlg0007.tlg015.perseus-eng2.xml,,Alcibiades,Plutarch,Bernadotte Perrin,Harvard University Press,1916,English,133238,data/tlg0007/tlg015,data
tlg0007.tlg012.perseus-eng2.xml,,Pericles,Plutarch,Bernadotte Perrin,Harvard University Press,1916,English,131317,data/tlg0007/tlg012,data
tlg0007.tlg012.perseus-grc2.xml,urn:cts:greekLit:tlg0007.tlg012.perseus-grc2,Περικλῆς,Plutarch,Bernadotte Perrin,Harvard University Press,1916,Greek,174191,data/tlg0007/tlg012,data
tlg0007.tlg024.perseus-grc2.xml,urn:cts:greekLit:tlg0007.tlg024.perseus-grc2,Ἀριστείδης,Plutarch,Bernadotte Perrin,Harvard University Press,1914,Greek,138207,data/tlg0007/tlg024,data
tlg0007.tlg024.perseus-eng2.xml,,Aristides,Plutarch,Bernadotte Perrin,Harvard University Press,1914,English,100626,data/tlg0007/tlg024,data
tlg0007.tlg023.perseus-eng2.xml,,Comparison of Pelopidas and Marcellus,Plutarch,Bernadotte Perrin,Harvard University Press,1917,English,13225,data/tlg0007/tlg023,data
tlg0007.tlg023.perseus-grc2.xml,urn:cts:greekLit:tlg0007.tlg023.perseus-grc2,Πελοπίδου καὶ Μαρκέλλου σύγκρισις,Plutarch,Bernadotte Perrin,Harvard University Press,1917,Greek,16659,data/tlg0007/tlg023,data
tlg0007.tlg048.perseus-eng2.xml,,Caesar,Plutarch,Bernadotte Perrin,Harvard University Press,1919,English,178461,data/tlg0007/tlg048,data
tlg0007.tlg048.perseus-grc2.xml,urn:cts:greekLit:tlg0007.tlg048.perseus-grc2,Caesar,Plutarch,"Bernadotte
            Perrin",Harvard University Press,1919,Greek,239766,data/tlg0007/tlg048,data
tlg0007.tlg083.perseus-grc3.xml,urn:cts:greekLit:tlg0007.tlg083.perseus-grc3,Γυναικῶν ἀρεταί,Plutarch,Frank Cole Babbitt,Harvard University Press,1931,Greek,165088,data/tlg0007/tlg083,data
tlg0007.tlg083.perseus-grc4.xml,urn:cts:greekLit:tlg0007.tlg083.perseus-grc4,Γυναικῶν ἀρεταί,Plutarch,Grēgorios N. Vernardakēs,Teubner,1889,Greek,170182,data/tlg0007/tlg083,data
tlg0007.tlg083.perseus-eng3.xml,,Bravery of Women,Plutarch,Frank Cole Babbitt,Harvard University Press,1931,English,110697,data/tlg0007/tlg083,data
tlg0007.tlg083.perseus-eng4.xml,,Concerning the Virtues of Women,Plutarch,William W. Goodwin,"Little, Brown, and Company",1874,English,90671,data/tlg0007/tlg083,data
tlg0007.tlg077.perseus-eng4.xml,,Plutarch's Rules for the Preservation of Health,Plutarch,William W. Goodwin,"Little, Brown, and Company",1874,English,64900,data/tlg0007/tlg077,data
tlg0007.tlg077.perseus-eng3.xml,,Advice About Keeping Well,Plutarch,Frank Cole Babbitt,Harvard University Press,1928,English,90550,data/tlg0007/tlg077,data
tlg0007.tlg077.perseus-grc2.xml,urn:cts:greekLit:tlg0007.tlg077.perseus-grc2,Ὑγιεινὰ παραγγέλματα,Plutarch,Grēgorios N. Vernardakēs,Teubner,1888,grec,132872,data/tlg0007/tlg077,data
tlg0007.tlg070.perseus-grc2.xml,urn:cts:greekLit:tlg0007.tlg070.perseus-grc2,Πῶς ἄν τις διακρίνειε τὸν κόλακα τοῦ φίλου,Plutarch,Grēgorios N. Vernardakēs,Teubner,1888,Greek,207042,data/tlg0007/tlg070,data
tlg0007.tlg070.perseus-eng3.xml,,How to Tell a Flatterer from a Friend,Plutarch,Frank Cole Babbitt,Harvard University Press,1927,English,139427,data/tlg0007/tlg070,data
tlg0007.tlg070.perseus-eng4.xml,,How to Know a Flatterer from a Friend,Plutarch,William W. Goodwin,"Little, Brown, and Company",1874,English,122052,data/tlg0007/tlg070,data
tlg0007.tlg079.perseus-eng3.xml,,The Dinner of the Seven Wise Men,Plutarch,Frank Cole Babbitt,Harvard University Press,1928,English,111826,data/tlg0007/tlg079,data
tlg0007.tlg079.perseus-eng4.xml,,The Banquet of the Seven Wise Men,Plutarch,William W. Goodwin,"Little, Brown, and Company",1874,English,82728,data/tlg0007/tlg079,data
tlg0007.tlg079.perseus-grc2.xml,urn:cts:greekLit:tlg0007.tlg079.perseus-grc2,Τῶν ἑπτὰ σοφῶν συμπόσιον,Plutarch,Grēgorios N. Vernardakēs,Teubner,1888,Greek,157419,data/tlg0007/tlg079,data
tlg0007.tlg046.perseus-eng2.xml,,Comparison of Agesilaus and Pompey,Plutarch,Bernadotte Perrin,Harvard University Press,1917,English,17296,data/tlg0007/tlg046,data
tlg0007.tlg046.perseus-grc2.xml,urn:cts:greekLit:tlg0007.tlg046.perseus-grc2,Ἀγησιλάου καὶ Πομπηΐου σύγκρισις,Plutarch,Bernadotte Perrin,Harvard University Press,1917,Greek,20649,data/tlg0007/tlg046,data
tlg0007.tlg041.perseus-grc2.xml,urn:cts:greekLit:tlg0007.tlg041.perseus-grc2,Eumenes,Plutarch,Bernadotte Perrin,Harvard University Press,1919,Greek,84807,data/tlg0007/tlg041,data
tlg0007.tlg041.perseus-eng2.xml,,Eumenes,Plutarch,Bernadotte Perrin,Harvard University Press,1919,English,64928,data/tlg0007/tlg041,data
tlg0007.tlg022.perseus-eng2.xml,,Marcellus,Plutarch,Bernadotte Perrin,Harvard University Press,1917,English,105125,data/tlg0007/tlg022,data
tlg0007.tlg022.perseus-grc2.xml,urn:cts:greekLit:tlg0007.tlg022.perseus-grc2,Μάρκελλος,Plutarch,Bernadotte Perrin,Harvard University Press,1917,Greek,141955,data/tlg0007/tlg022,data
tlg0007.tlg025.perseus-grc2.xml,urn:cts:greekLit:tlg0007.tlg025.perseus-grc2,Μάρκος Κάτων,Plutarch,Bernadotte Perrin,Harvard University Press,1914,Greek,134106,data/tlg0007/tlg025,data
tlg0007.tlg025.perseus-eng2.xml,,Marcus Cato,Plutarch,Bernadotte Perrin,Harvard University Press,1914,English,93611,data/tlg0007/tlg025,data
tlg0007.tlg013.perseus-eng2.xml,,Fabius Maximus,Plutarch,Bernadotte Perrin,Harvard University Press,1916,English,92501,data/tlg0007/tlg013,data
tlg0007.tlg013.perseus-grc2.xml,urn:cts:greekLit:tlg0007.tlg013.perseus-grc2,Φάβιος Μάξιμος,Plutarch,Bernadotte Perrin,Harvard University Press,1916,Greek,127916,data/tlg0007/tlg013,data
tlg0007.tlg014.perseus-grc2.xml,urn:cts:greekLit:tlg0007.tlg014.perseus-grc2,Περικλέους καὶ Φαβίου σύγκρισις,Plutarch,Bernadotte Perrin,Harvard University Press,1916,Greek,15173,data/tlg0007/tlg014,data
tlg0007.tlg014.perseus-eng2.xml,,Comparison of Pericles and Fabius Maximus,Plutarch,Bernadotte Perrin,Harvard University Press,1916,English,12687,data/tlg0007/tlg014,data
tlg0007.tlg040.perseus-grc2.xml,urn:cts:greekLit:tlg0007.tlg040.perseus-grc2,Νικίου καὶ Κράσσου σύγκρισις,Plutarch,Bernadotte Perrin,Harvard University Press,1916,Greek,23959,data/tlg0007/tlg040,data
tlg0007.tlg040.perseus-eng2.xml,,Comparison of Nicias and Crassus,Plutarch,Bernadotte Perrin,Harvard University Press,1916,English,18761,data/tlg0007/tlg040,data
tlg0007.tlg078.perseus-eng3.xml,,Advice to Bride and Groom,Plutarch,Frank Cole Babbitt,Harvard University Press,1928,English,56666,data/tlg0007/tlg078,data
tlg0007.tlg078.perseus-eng4.xml,,Conjugal Precepts,Plutarch,William W. Goodwin,"Little, Brown, and Company",1874,English,47882,data/tlg0007/tlg078,data
tlg0007.tlg078.perseus-grc2.xml,urn:cts:greekLit:tlg0007.tlg078.perseus-grc2,Γαμικὰ παραγγέλματα,Plutarch,Grēgorios N. Vernardakēs,Teubner,1888,Greek,69670,data/tlg0007/tlg078,data
tlg0007.tlg047.perseus-eng2.xml,,Alexander,Plutarch,Bernadotte Perrin,Harvard University Press,1919,English,326296,data/tlg0007/tlg047,data
tlg0007.tlg047.perseus-grc2.xml,urn:cts:greekLit:tlg0007.tlg047.perseus-grc2,Alexander,Plutarch,Bernadotte Perrin,Harvard University Press,1919,Greek,364998,data/tlg0007/tlg047,data
tlg0007.tlg085.perseus-eng4.xml,,"Parallels, or a comparison between the Greek and Roman Histories.",Plutarch,William W. Goodwin,"Little, Brown, and Company",1874,English,57885,data/tlg0007/tlg085,data
tlg0007.tlg085.perseus-eng3.xml,,Greek and Roman Parallel Stories,Plutarch,Frank Cole Babbitt,Harvard University Press,1936,English,72381,data/tlg0007/tlg085,data
tlg0007.tlg085.perseus-grc4.xml,urn:cts:greekLit:tlg0007.tlg085.perseus-grc4,Συναγωγὴ ἱστοριῶν παραλλήλων Ἑλληνικῶν καὶ Ῥωμαϊκῶν,Plutarch,Grēgorios N. Vernardakēs,Teubner,1889,Greek,109002,data/tlg0007/tlg085,data
tlg0007.tlg085.perseus-grc3.xml,urn:cts:greekLit:tlg0007.tlg085.perseus-grc3,Συναγωγὴ ἱστοριῶν παραλλήλων Ἑλληνικῶν καὶ Ῥωμαϊκῶν,Plutarch,Frank Cole Babbitt,Harvard University Press,1936,Greek,77800,data/tlg0007/tlg085,data
tlg0007.tlg071.perseus-grc2.xml,urn:cts:greekLit:tlg0007.tlg071.perseus-grc2,Πῶς ἄν τις αἴσθοιτο ἑαυτοῦ προκόπτοντος ἐπʼ ἀρετή,Plutarch,Grēgorios N. Vernardakēs,Teubner,1888,Greek,90836,data/tlg0007/tlg071,data
tlg0007.tlg071.perseus-eng3.xml,,How a Man May Become Aware of His Progress in Virtue,Plutarch,Frank Cole Babbitt,Harvard University Press,1927,English,66319,data/tlg0007/tlg071,data
tlg0007.tlg071.perseus-eng4.xml,,How a Man May Be Sensible of His Progress in Virtue,Plutarch,William W. Goodwin,"Little, Brown, and Company",1874,English,62650,data/tlg0007/tlg071,data
tlg0007.tlg049.perseus-eng2.xml,,Phocion,Plutarch,Bernadotte Perrin,Harvard University Press,1919,English,96809,data/tlg0007/tlg049,data
tlg0007.tlg049.perseus-grc2.xml,urn:cts:greekLit:tlg0007.tlg049.perseus-grc2,Phocion,Plutarch,Bernadotte Perrin,Harvard University Press,1919,English,127617,data/tlg0007/tlg049,data
tlg0007.tlg076.perseus-eng4.xml,,Consolation to Apollonius,Plutarch,William W. Goodwin,"Little, Brown, and Company",1874,English,91649,data/tlg0007/tlg076,data
tlg0007.tlg076.perseus-eng3.xml,,A letter of Condolence to Apollonius,Plutarch,Frank Cole Babbitt,Harvard University Press,1928,English,111956,data/tlg0007/tlg076,data
tlg0007.tlg076.perseus-grc2.xml,urn:cts:greekLit:tlg0007.tlg076.perseus-grc2,Πραμυθητικὸς πρὸς Ἀπολλώνιον,Plutarch,Grēgorios N. Vernardakēs,Teubner,1888,Greek,175841,data/tlg0007/tlg076,data
tlg0007.tlg082.perseus-grc3.xml,urn:cts:greekLit:tlg0007.tlg082.perseus-grc3,Ἀποφθέγματα Λακωνικά,Plutarch,Frank Cole Babbitt,Harvard University Press,1931,Greek,280040,data/tlg0007/tlg082,data
tlg0007.tlg082.perseus-grc4.xml,urn:cts:greekLit:tlg0007.tlg082.perseus-grc4,Ἀποφθέγματα Λακωνικά,Plutarch,Grēgorios N. Vernardakēs,Teubner,1889,Greek,294380,data/tlg0007/tlg082,data
tlg0007.tlg082.perseus-eng3.xml,,Sayings of Spartans,Plutarch,Frank Cole Babbitt,Harvard University Press,1931,English,246276,data/tlg0007/tlg082,data
tlg0007.tlg082.perseus-eng4.xml,,Laconic Apophthegms; or Remarkable Sayings of the Spartans.,Plutarch,William W. Goodwin,"Little, Brown, and Company",1874,English,114816,data/tlg0007/tlg082,data
tlg0007.tlg104.perseus-eng2.xml,,Of Bashfulness,Plutarch,William W. Goodwin,"Little, Brown, and Company",1874,Greek,41735,data/tlg0007/tlg104,data
tlg0007.tlg104.perseus-grc2.xml,urn:cts:greekLit:tlg0007.tlg104.perseus-grc2,Περὶ δυσωπίας,Plutarch,Grēgorios N. Vernardakēs,Teubner,1891,Greek,68267,data/tlg0007/tlg104,data
tlg0007.tlg103.perseus-grc2.xml,urn:cts:greekLit:tlg0007.tlg103.perseus-grc2,Περὶ φιλοπλουτίας,Plutarch,Grēgorios N. Vernardakēs,Teubner,1891,Greek,47353,data/tlg0007/tlg103,data
tlg0007.tlg103.perseus-eng2.xml,,Of the Love of Wealth,Plutarch,William W. Goodwin,"Little, Brown, and Company",1874,Greek,27584,data/tlg0007/tlg103,data
tlg0007.tlg135.perseus-grc2.xml,urn:cts:greekLit:tlg0007.tlg135.perseus-grc2,Ἐπιτομὴ τοῦ περὶ τῆς ἐν τῷ Τιμαίῳ ψυχογονίας,Plutarch,Grēgorios N. Vernardakēs,Teubner,1895,Greek,19618,data/tlg0007/tlg135,data
tlg0007.tlg084a.perseus-grc4.xml,urn:cts:greekLit:tlg0007.tlg084a.perseus-grc4,Κεφαλαίων καταγραφή Ῥωμαϊκά,Plutarch,Grēgorios N. Vernardakēs,Teubner,1889,Greek,245932,data/tlg0007/tlg084a,data
tlg0007.tlg084a.perseus-grc3.xml,urn:cts:greekLit:tlg0007.tlg084a.perseus-grc3,Ἀίτια Ῥωμαϊκά,Plutarch,Frank Cole Babbitt,Harvard University Press,1936,Greek,248103,data/tlg0007/tlg084a,data
tlg0007.tlg084a.perseus-eng4.xml,,Roman Questions,Plutarch,William W. Goodwin,"Little, Brown, and Company",1874,English,136998,data/tlg0007/tlg084a,data
tlg0007.tlg084a.perseus-eng3.xml,,The Roman Questions,Plutarch,Frank Cole Babbitt,Harvard University Press,1936,English,202871,data/tlg0007/tlg084a,data
tlg0007.tlg132.perseus-grc2.xml,urn:cts:greekLit:tlg0007.tlg132.perseus-grc2,Περὶ σαρκοφαγίας λόγος β′,Plutarch,Grēgorios N. Vernardakēs,Teubner,1895,Greek,21860,data/tlg0007/tlg132,data
tlg0007.tlg132.perseus-eng3.xml,,On the eating of flesh II,Plutarch,Harold Cherniss,Harvard University Press,1957,English,23735,data/tlg0007/tlg132,data
tlg0007.tlg132.perseus-eng4.xml,,Of eating of flesh: Tract II,Plutarch,William W. Goodwin,"Little, Brown, and Company",1874,English,16042,data/tlg0007/tlg132,data
tlg0007.tlg133.perseus-grc2.xml,urn:cts:greekLit:tlg0007.tlg133.perseus-grc2,Πλατωνικὰ ζητήματα,Plutarch,Grēgorios N. Vernardakēs,Teubner,1895,Greek,94827,data/tlg0007/tlg133,data
tlg0007.tlg133.perseus-eng2.xml,,Plutarch's Platonic questions,Plutarch,William W. Goodwin,"Little, Brown, and Company",1874,English,57877,data/tlg0007/tlg133,data
tlg0007.tlg134.perseus-eng2.xml,,Concerning the procreation of the soul as discoursed in Timaeus,Plutarch,William W. Goodwin,"Little, Brown, and Company",1874,English,88653,data/tlg0007/tlg134,data
tlg0007.tlg134.perseus-grc2.xml,urn:cts:greekLit:tlg0007.tlg134.perseus-grc2,Περὶ τῆς ἐν Τιμαίῳ ψυχογονίας,Plutarch,Grēgorios N. Vernardakēs,Teubner,1895,Greek,135269,data/tlg0007/tlg134,data
tlg0007.tlg102.perseus-grc2.xml,urn:cts:greekLit:tlg0007.tlg102.perseus-grc2,Περὶ πολυπραγμοσύνης,Plutarch,Grēgorios N. Vernardakēs,Teubner,1891,Greek,72124,data/tlg0007/tlg102,data
tlg0007.tlg102.perseus-eng4.xml,,"Of Curiosity, or an Over-Busy Inquisitiveness into Things
					Impertinent.",Plutarch,William W. Goodwin,"Little, Brown, and Company",1874,English,46959,data/tlg0007/tlg102,data
tlg0007.tlg102.perseus-eng3.xml,,On Being a Busybody,Plutarch,William Clark Helmbold,Harvard University Press,1939,English,54730,data/tlg0007/tlg102,data
tlg0007.tlg105.perseus-eng2.xml,,Of Envy and Hatred,Plutarch,William W. Goodwin,"Little, Brown, and Company",1874,English,13055,data/tlg0007/tlg105,data
tlg0007.tlg105.perseus-grc2.xml,urn:cts:greekLit:tlg0007.tlg105.perseus-grc2,Περὶ φθόνου καὶ μίσους,Plutarch,Grēgorios N. Vernardakēs,Teubner,1891,Greek,24871,data/tlg0007/tlg105,data
tlg0007.tlg082b.perseus-eng2.xml,,Sayings of Spartan Women,Plutarch,Frank Cole Babbitt,Harvard University Press,1931,Greek,24141,data/tlg0007/tlg082b,data
tlg0007.tlg082b.perseus-grc3.xml,urn:cts:greekLit:tlg0007.tlg082b.perseus-grc3,Λακαινῶν ἀποφθάγματα,Plutarch,Frank Cole Babbitt,Harvard University Press,1931,Greek,26444,data/tlg0007/tlg082b,data
tlg0007.tlg082b.perseus-grc4.xml,urn:cts:greekLit:tlg0007.tlg082b.perseus-grc4,Λακαινῶν ἀποφθέγματα,Plutarch,Grēgorios N. Vernardakēs,Teubner,1889,Greek,25888,data/tlg0007/tlg082b,data
tlg0007.tlg123.perseus-grc2.xml,urn:cts:greekLit:tlg0007.tlg123.perseus-grc2,Περὶ τῆς Ἡροδότου κακοηθείας,Plutarch,Grēgorios N. Vernardakēs,Teubner,1893,Greek,143567,data/tlg0007/tlg123,data
tlg0007.tlg123.perseus-eng2.xml,,Of Herodotus’s Malice.,Plutarch,William W. Goodwin,"Little, Brown, and Company",1874,English,89540,data/tlg0007/tlg123,data
tlg0007.tlg112.perseus-grc2.xml,urn:cts:greekLit:tlg0007.tlg112.perseus-grc2,Συμποσιακῶν προβλημάτων βιβλία,Plutarch,Grēgorios N. Vernardakēs,Teubner,1892,Greek,1452610,data/tlg0007/tlg112,data
tlg0007.tlg112.perseus-eng2.xml,,Symposiacs,Plutarch,William W. Goodwin,"Little, Brown, and Company",1874,English,553209,data/tlg0007/tlg112,data
tlg0007.tlg115.perseus-eng4.xml,,That a Philosopher Ought Chiefly to Converse with Great Men,Plutarch,William W. Goodwin,"Little, Brown, and Company",1874,Greek,23253,data/tlg0007/tlg115,data
tlg0007.tlg115.perseus-eng3.xml,,That a Philosopher Ought to Converse Especially with Men in Power,Plutarch,Harold North Fowler,Harvard University Press,1936,Greek,25047,data/tlg0007/tlg115,data
tlg0007.tlg115.perseus-grc2.xml,urn:cts:greekLit:tlg0007.tlg115.perseus-grc2,Περὶ τοῦ ὅτι μάλιστα τοῖς ἡγεμόσι δεῖ τὸν φιλοσοφόν διαλέγεσθαι,Plutarch,Grēgorios N. Vernardakēs,Teubner,1893,Greek,42533,data/tlg0007/tlg115,data
tlg0007.tlg141.perseus-eng2.xml,,"Whether 'Twere Rightly Said, Live Concealed",Plutarch,William W. Goodwin,"Little, Brown, and Company",1874,English,18662,data/tlg0007/tlg141,data
tlg0007.tlg141.perseus-grc2.xml,urn:cts:greekLit:tlg0007.tlg141.perseus-grc2,Εἰ καλῶς εἴρηται τὸ λάθε βιώτας,Plutarch,Grēgorios N. Vernardakēs,Teubner,1895,Greek,21732,data/tlg0007/tlg141,data
tlg0007.tlg146.1st1K-grc1.xml,urn:cts:greekLit:tlg0007.tlg146.1st1K-grc1,Παροιμίαι αἷς Ἀλεξανδρεῖς ἐχρῶντο,Plutarch,Ernst von Leutsch,Vandenhoeck and Ruprecht,1839,Latin,59256,data/tlg0007/tlg146,data
tlg0007.tlg114.perseus-eng4.xml,,Five Tragical Histories of Love,Plutarch,William W. Goodwin,"Little, Brown, and Company",1874,Greek,23021,data/tlg0007/tlg114,data
tlg0007.tlg114.perseus-eng3.xml,,Love Stories,Plutarch,Harold North Fowler,Harvard University Press,1936,Greek,21548,data/tlg0007/tlg114,data
tlg0007.tlg114.perseus-grc2.xml,urn:cts:greekLit:tlg0007.tlg114.perseus-grc2,Ἐρωτικαὶ διηγήσεις,Plutarch,Grēgorios N. Vernardakēs,Teubner,1892,Greek,35166,data/tlg0007/tlg114,data
tlg0007.tlg113.perseus-grc2.xml,urn:cts:greekLit:tlg0007.tlg113.perseus-grc2,Ἐρωτικός,Plutarch,Grēgorios N. Vernardakēs,Teubner,1892,Greek,264150,data/tlg0007/tlg113,data
tlg0007.tlg113.perseus-eng2.xml,,Of Love,Plutarch,William W. Goodwin,"Little, Brown, and Company",1874,English,131657,data/tlg0007/tlg113,data
tlg0007.tlg125.perseus-eng2.xml,,Plutarch's Natural Questions,Plutarch,William W. Goodwin,"Little, Brown, and Company",1874,Greek,44690,data/tlg0007/tlg125,data
tlg0007.tlg125.perseus-grc2.xml,urn:cts:greekLit:tlg0007.tlg125.perseus-grc2,Αἴτια φυσικά,Plutarch,Grēgorios N. Vernardakēs,Teubner,1893,Greek,70314,data/tlg0007/tlg125,data
tlg0007.tlg122.perseus-grc2.xml,urn:cts:greekLit:tlg0007.tlg122.perseus-grc2,Συγκρίσεως Ἀριστοφάνους καὶ Μενάνδρου ἐπιτομή,Plutarch,Grēgorios N. Vernardakēs,Teubner,1893,Greek,14062,data/tlg0007/tlg122,data
tlg0007.tlg122.perseus-eng4.xml,,An abstract of a comparison betwixt Aristophanes and Menander,Plutarch,William W. Goodwin,"Little, Brown, and Company",1874,English,10332,data/tlg0007/tlg122,data
tlg0007.tlg122.perseus-eng3.xml,,Summary of a Comparison Between Aristophanes and Menander,Plutarch,Harold North Fowler,Harvard University Press,1936,English,15691,data/tlg0007/tlg122,data
tlg0007.tlg147.1st1K-grc1.xml,urn:cts:greekLit:tlg0007.tlg147.1st1K-grc1,Ἐκλογὴ περὶ τῶν ἀδυνάτων,Plutarch,Ernst von Leutsch,Vandenhoeck and Ruprecht,1839,Latin,13337,data/tlg0007/tlg147,data
tlg0007.tlg140.perseus-eng2.xml,,"Against Colotes, the Disciple and Favorite of Epicurus.",Plutarch,William W. Goodwin,"Little, Brown, and Company",1874,English,101689,data/tlg0007/tlg140,data
tlg0007.tlg140.perseus-grc2.xml,urn:cts:greekLit:tlg0007.tlg140.perseus-grc2,Πρὸς Κωλώτην,Plutarch,Grēgorios N. Vernardakēs,Teubner,1895,Greek,148282,data/tlg0007/tlg140,data
tlg0007.tlg032.perseus-eng2.xml,,Lysander,Plutarch,Bernadotte Perrin,Harvard University Press,1916,English,107405,data/tlg0007/tlg032,data
tlg0007.tlg032.perseus-grc2.xml,urn:cts:greekLit:tlg0007.tlg032.perseus-grc2,Λύσανδρος,Plutarch,Bernadotte Perrin,Harvard University Press,1916,Greek,135172,data/tlg0007/tlg032,data
tlg0007.tlg035.perseus-grc2.xml,urn:cts:greekLit:tlg0007.tlg035.perseus-grc2,Κίμων,Plutarch,Bernadotte Perrin,Harvard University Press,1914,Greek,98160,data/tlg0007/tlg035,data
tlg0007.tlg035.perseus-eng2.xml,,Cimon,Plutarch,Bernadotte Perrin,Harvard University Press,1914,English,72509,data/tlg0007/tlg035,data
tlg0007.tlg003.perseus-eng2.xml,,Comparison of Theseus and Romulus,Plutarch,Bernadotte Perrin,Harvard University Press,1914,English,17412,data/tlg0007/tlg003,data
tlg0007.tlg003.perseus-grc2.xml,urn:cts:greekLit:tlg0007.tlg003.perseus-grc2,Θησέως καὶ Ῥωμύλου σύγκρισις,Plutarch,Bernadotte Perrin,Harvard University Press,1914,Greek,23941,data/tlg0007/tlg003,data
tlg0007.tlg004.perseus-grc2.xml,urn:cts:greekLit:tlg0007.tlg004.perseus-grc2,Λυκοῦργος,Plutarch,Bernadotte Perrin,Harvard University Press,1914,Greek,155884,data/tlg0007/tlg004,data
tlg0007.tlg004.perseus-eng2.xml,,Lycurgus,Plutarch,Bernadotte Perrin,Harvard University Press,1914,English,112029,data/tlg0007/tlg004,data
tlg0007.tlg050.perseus-grc2.xml,urn:cts:greekLit:tlg0007.tlg050.perseus-grc2,Cato the Younger,Plutarch,Bernadotte Perrin,Harvard University Press,1919,Greek,250452,data/tlg0007/tlg050,data
tlg0007.tlg050.perseus-eng2.xml,,Cato the Younger,Plutarch,Bernadotte Perrin,Harvard University Press,1919,English,182550,data/tlg0007/tlg050,data
tlg0007.tlg057.perseus-eng2.xml,,Demetrius,Plutarch,Bernadotte Perrin,Harvard University Press,1920,English,137164,data/tlg0007/tlg057,data
tlg0007.tlg057.perseus-grc2.xml,urn:cts:greekLit:tlg0007.tlg057.perseus-grc2,Demetrius,Plutarch,Bernadotte Perrin,Harvard University Press,1920,Greek,189973,data/tlg0007/tlg057,data
tlg0007.tlg068.perseus-eng4.xml,,How a Young Man Ought to Hear Poems,Plutarch,William W. Goodwin,"Little, Brown, and Company",1874,English,122580,data/tlg0007/tlg068,data
tlg0007.tlg068.perseus-eng3.xml,,How the Young Man Should Study Poetry,Plutarch,Frank Cole Babbitt,Harvard University Press,1927,English,140360,data/tlg0007/tlg068,data
tlg0007.tlg068.perseus-grc2.xml,urn:cts:greekLit:tlg0007.tlg068.perseus-grc2,Πῶς δεῖ τὸν νέον ποιημάτων ἀκούειν.,Plutarch,Grēgorios N. Vernardakēs,Teubner,1888,Greek,188095,data/tlg0007/tlg068,data
tlg0007.tlg061.perseus-grc2.xml,urn:cts:greekLit:tlg0007.tlg061.perseus-grc2,Brutus,Plutarch,Bernadotte Perrin,Harvard University Press,1918,English,190377,data/tlg0007/tlg061,data
tlg0007.tlg061.perseus-eng2.xml,,Brutus,Plutarch,Bernadotte Perrin,Harvard University Press,1918,English,141160,data/tlg0007/tlg061,data
tlg0007.tlg095.perseus-eng3.xml,,On the Control of Anger,Plutarch,William Clark Helmbold,Harvard University Press,1939,English,89118,data/tlg0007/tlg095,data
tlg0007.tlg095.perseus-eng4.xml,,Concerning the cure of anger: a dialogue,Plutarch,William W. Goodwin,"Little, Brown, and Company",1874,English,60412,data/tlg0007/tlg095,data
tlg0007.tlg095.perseus-grc2.xml,urn:cts:greekLit:tlg0007.tlg095.perseus-grc2,Περὶ ἀοπγησίας,Plutarch,Grēgorios N. Vernardakēs,Teubner,1891,Greek,103982,data/tlg0007/tlg095,data
tlg0007.tlg092.perseus-grc2.xml,urn:cts:greekLit:tlg0007.tlg092.perseus-grc2,Περὶ τῶν ἐκλελοιπότων,Plutarch,Grēgorios N. Vernardakēs,Teubner,1891,Greek,282578,data/tlg0007/tlg092,data
tlg0007.tlg092.perseus-eng4.xml,,Why the Oracles Cease to Give Answers,Plutarch,William W. Goodwin,"Little, Brown, and Company",1874,English,129671,data/tlg0007/tlg092,data
tlg0007.tlg092.perseus-eng3.xml,,The Obsolesence of Oracles,Plutarch,Frank Cole Babbitt,Harvard University Press,1936,English,163271,data/tlg0007/tlg092,data
tlg0007.tlg066.perseus-eng2.xml,,Otho,Plutarch,Bernadotte Perrin,Harvard University Press,1926,English,46488,data/tlg0007/tlg066,data
tlg0007.tlg066.perseus-grc2.xml,urn:cts:greekLit:tlg0007.tlg066.perseus-grc2,Otho,Plutarch,Bernadotte Perrin,Harvard University Press,1926,Greek,65886,data/tlg0007/tlg066,data
tlg0007.tlg059.perseus-eng2.xml,,Comparison of Demetrius and Antony,Plutarch,Bernadotte Perrin,Harvard University Press,1920,English,12808,data/tlg0007/tlg059,data
tlg0007.tlg059.perseus-grc2.xml,urn:cts:greekLit:tlg0007.tlg059.perseus-grc2,Comparison of Demetrius and Antony,Plutarch,Bernadotte Perrin,Harvard University Press,1920,Greek,18199,data/tlg0007/tlg059,data
tlg0007.tlg005.perseus-grc2.xml,urn:cts:greekLit:tlg0007.tlg005.perseus-grc2,Νομᾶς,Plutarch,Bernadotte Perrin,Harvard University Press,1914,Greek,123388,data/tlg0007/tlg005,data
tlg0007.tlg005.perseus-eng2.xml,,Numa,Plutarch,Bernadotte Perrin,Harvard University Press,1914,English,90284,data/tlg0007/tlg005,data
tlg0007.tlg002.perseus-eng2.xml,,Romulus,Plutarch,Bernadotte Perrin,Harvard University Press,1914,English,115427,data/tlg0007/tlg002,data
tlg0007.tlg002.perseus-grc2.xml,urn:cts:greekLit:tlg0007.tlg002.perseus-grc2,Ῥωμύλος,Plutarch,Bernadotte Perrin,Harvard University Press,1914,Greek,150547,data/tlg0007/tlg002,data
tlg0007.tlg034.perseus-grc2.xml,urn:cts:greekLit:tlg0007.tlg034.perseus-grc2,Σύγκρισις Λυσάνδρου καὶ Σύλλα,Plutarch,Bernadotte Perrin,Harvard University Press,1916,Greek,22463,data/tlg0007/tlg034,data
tlg0007.tlg034.perseus-eng2.xml,,Comparison of Lysander and Sulla,Plutarch,Bernadotte Perrin,Harvard University Press,1916,English,18389,data/tlg0007/tlg034,data
tlg0007.tlg033.perseus-eng2.xml,,Sulla,Plutarch,Bernadotte Perrin,Harvard University Press,1916,English,141093,data/tlg0007/tlg033,data
tlg0007.tlg033.perseus-grc2.xml,urn:cts:greekLit:tlg0007.tlg033.perseus-grc2,Σύλλας,Plutarch,Bernadotte Perrin,Harvard University Press,1916,Greek,187891,data/tlg0007/tlg033,data
tlg0007.tlg067.perseus-eng3.xml,,De liberis educandis,Plutarch,Frank Cole Babbitt,Harvard University Press,1927,English,65738,data/tlg0007/tlg067,data
tlg0007.tlg067.perseus-eng4.xml,,De liberis educandis,Plutarch,William W. Goodwin,"Little, Brown, and Company",1874,English,65359,data/tlg0007/tlg067,data
tlg0007.tlg067.perseus-grc2.xml,urn:cts:greekLit:tlg0007.tlg067.perseus-grc2,Περὶ παίδων ἀγωγῆς,Plutarch,Grēgorios N. Vernardakēs,Teubner,1888,Greek,108161,data/tlg0007/tlg067,data
tlg0007.tlg093.perseus-grc2.xml,urn:cts:greekLit:tlg0007.tlg093.perseus-grc2,Εἰ διδακτὸν ἡ ἀρετή,Plutarch,Grēgorios N. Vernardakēs,Teubner,1891,Greek,16607,data/tlg0007/tlg093,data
tlg0007.tlg093.perseus-eng4.xml,,That Virtue May Be Taught,Plutarch,William W. Goodwin,"Little, Brown, and Company",1874,English,10571,data/tlg0007/tlg093,data
tlg0007.tlg093.perseus-eng3.xml,,Can Virtue Be Taught?,Plutarch,William Clark Helmbold,Harvard University Press,1939,English,16814,data/tlg0007/tlg093,data
tlg0007.tlg058.perseus-eng2.xml,,Antony,Plutarch,Bernadotte Perrin,Harvard University Press,1920,English,200179,data/tlg0007/tlg058,data
tlg0007.tlg058.perseus-grc2.xml,urn:cts:greekLit:tlg0007.tlg058.perseus-grc2,Antony,Plutarch,Bernadotte Perrin,Harvard University Press,1920,Greek,279063,data/tlg0007/tlg058,data
tlg0007.tlg094.perseus-eng3.xml,,On Moral Virtue,Plutarch,William Clark Helmbold,Harvard University Press,1939,English,84858,data/tlg0007/tlg094,data
tlg0007.tlg094.perseus-eng4.xml,,Of Moral Virtue,Plutarch,William W. Goodwin,"Little, Brown, and Company",1874,English,72640,data/tlg0007/tlg094,data
tlg0007.tlg094.perseus-grc2.xml,urn:cts:greekLit:tlg0007.tlg094.perseus-grc2,Περὶ τῆς ἠθικῆς ἀρετῆς,Plutarch,Grēgorios N. Vernardakēs,Teubner,1891,Greek,107756,data/tlg0007/tlg094,data
tlg0007.tlg060.perseus-grc2.xml,urn:cts:greekLit:tlg0007.tlg060.perseus-grc2,Dion,Plutarch,Bernadotte Perrin,Harvard University Press,1918,English,190488,data/tlg0007/tlg060,data
tlg0007.tlg060.perseus-eng2.xml,,Dion,Plutarch,Bernadotte Perrin,Harvard University Press,1918,English,135198,data/tlg0007/tlg060,data
tlg0007.tlg056.perseus-eng2.xml,,Comparison of Demosthenes with Cicero,Plutarch,Bernadotte Perrin,Harvard University Press,1919,English,15674,data/tlg0007/tlg056,data
tlg0007.tlg056.perseus-grc2.xml,urn:cts:greekLit:tlg0007.tlg056.perseus-grc2,Comparison of Demosthenes with Cicero,Plutarch,Bernadotte Perrin,Harvard University Press,1919,Greek,18245,data/tlg0007/tlg056,data
tlg0007.tlg069.perseus-eng4.xml,,Of Hearing,Plutarch,William W. Goodwin,"Little, Brown, and Company",1874,English,49843,data/tlg0007/tlg069,data
tlg0007.tlg069.perseus-eng3.xml,,On Listening to Lectures,Plutarch,Frank Cole Babbitt,Harvard University Press,1927,English,61948,data/tlg0007/tlg069,data
tlg0007.tlg069.perseus-grc2.xml,urn:cts:greekLit:tlg0007.tlg069.perseus-grc2,Περὶ τοῦ ἀκούειν,Plutarch,Grēgorios N. Vernardakēs,Teubner,1888,Greek,87425,data/tlg0007/tlg069,data
tlg0007.tlg051.perseus-grc1.xml,urn:cts:greekLit:tlg0007.tlg051.perseus-grc1,Agis and Cleomenes,Plutarch,Bernadotte Perrin,Harvard University Press,1921,Greek,206441,data/tlg0007/tlg051,data
tlg0007.tlg051.perseus-eng1.xml,,Agis,Plutarch,Bernadotte Perrin,Harvard University Press,1921,English,143985,data/tlg0007/tlg051,data
tlg0007.tlg073.perseus-eng3.xml,,On Having Many Friends,Plutarch,Frank Cole Babbitt,Harvard University Press,1928,English,30236,data/tlg0007/tlg073,data
tlg0007.tlg073.perseus-eng4.xml,,"Of Large Acquaintance: or, an Essay to Prove the Folly of Seeking Many Friends",Plutarch,William W. Goodwin,"Little, Brown, and Company",1874,English,25171,data/tlg0007/tlg073,data
tlg0007.tlg073.perseus-grc2.xml,urn:cts:greekLit:tlg0007.tlg073.perseus-grc2,Περί πολυφιλίας,Plutarch,Grēgorios N. Vernardakēs,Teubner,1888,Greek,39812,data/tlg0007/tlg073,data
tlg0007.tlg087.perseus-grc4.xml,urn:cts:greekLit:tlg0007.tlg087.perseus-grc4,"Περὶ τῆς Ἀλεξάνδρου τύχης ἢ ἀρετῆς λόγος Α, λόγος Β",Plutarch,Grēgorios N. Vernardakēs,Teubner,1889,Greek,157792,data/tlg0007/tlg087,data
tlg0007.tlg087.perseus-grc3.xml,urn:cts:greekLit:tlg0007.tlg087.perseus-grc3,"Περὶ τῆς Ἀλεξάνδρου τύχης ἢ ἀρετῆς λόγος Α, λόγος Β",Plutarch,Frank Cole Babbitt,Harvard University Press,1936,Greek,124526,data/tlg0007/tlg087,data
tlg0007.tlg087.perseus-eng4.xml,,Concerning the fortune or virtue of Alexander the Great.,Plutarch,William W. Goodwin,"Little, Brown, and Company",1874,English,87955,data/tlg0007/tlg087,data
tlg0007.tlg087.perseus-eng3.xml,,On the Fortune or the Virtue of Alexander I and II,Plutarch,Frank Cole Babbitt,Harvard University Press,1936,English,130119,data/tlg0007/tlg087,data
tlg0007.tlg080.perseus-eng3.xml,,Superstition,Plutarch,Frank Cole Babbitt,Harvard University Press,1928,English,51165,data/tlg0007/tlg080,data
tlg0007.tlg080.perseus-eng4.xml,,"Of Superstition, or Indiscreet Devotion",Plutarch,William W. Goodwin,"Little, Brown, and Company",1874,English,37237,data/tlg0007/tlg080,data
tlg0007.tlg080.perseus-grc2.xml,urn:cts:greekLit:tlg0007.tlg080.perseus-grc2,Περὶ δεισιδαιμονίας,Plutarch,Grēgorios N. Vernardakēs,Teubner,1888,Greek,67828,data/tlg0007/tlg080,data
tlg0007.tlg074.perseus-grc2.xml,urn:cts:greekLit:tlg0007.tlg074.perseus-grc2,Περὶ τύχης,Plutarch,Grēgorios N. Vernardakēs,Teubner,1888,Greek,27285,data/tlg0007/tlg074,data
tlg0007.tlg074.perseus-eng4.xml,,Of Fortune,Plutarch,William W. Goodwin,"Little, Brown, and Company",1874,English,15957,data/tlg0007/tlg074,data
tlg0007.tlg074.perseus-eng3.xml,,Chance,Plutarch,Frank Cole Babbitt,Harvard University Press,1928,English,21637,data/tlg0007/tlg074,data
tlg0007.tlg089.perseus-grc2.xml,urn:cts:greekLit:tlg0007.tlg089.perseus-grc2,Περὶ Ἴσιδος και Ὀσίριδος,Plutarch,Grēgorios N. Vernardakēs,Teubner,1889,Greek,347317,data/tlg0007/tlg089,data
tlg0007.tlg089.perseus-eng3.xml,,Isis and Osiris,Plutarch,Frank Cole Babbitt,Harvard University Press,1936,English,234904,data/tlg0007/tlg089,data
tlg0007.tlg089.perseus-eng4.xml,,"Of Isis and Osiris, or of the Ancient Religion and Philosophy of Egypt",Plutarch,William W. Goodwin,"Little, Brown, and Company",1874,English,161443,data/tlg0007/tlg089,data
tlg0007.tlg042.perseus-eng2.xml,,Sertorius,Plutarch,Bernadotte Perrin,Harvard University Press,1919,English,77072,data/tlg0007/tlg042,data
tlg0007.tlg042.perseus-grc2.xml,urn:cts:greekLit:tlg0007.tlg042.perseus-grc2,Sertorius,Plutarch,Bernadotte Perrin,Harvard University Press,1919,Greek,103188,data/tlg0007/tlg042,data
tlg0007.tlg045.perseus-grc2.xml,urn:cts:greekLit:tlg0007.tlg045.perseus-grc2,Πομπήϊος,Plutarch,Bernadotte Perrin,Harvard University Press,1917,Greek,329106,data/tlg0007/tlg045,data
tlg0007.tlg045.perseus-eng2.xml,,Pompey,Plutarch,Bernadotte Perrin,Harvard University Press,1917,English,249562,data/tlg0007/tlg045,data
tlg0007.tlg011.perseus-grc2.xml,urn:cts:greekLit:tlg0007.tlg011.perseus-grc2,Κάμιλλος,Plutarch,Bernadotte Perrin,Harvard University Press,1914,Greek,181890,data/tlg0007/tlg011,data
tlg0007.tlg011.perseus-eng2.xml,,Camillus,Plutarch,Bernadotte Perrin,Harvard University Press,1914,English,124317,data/tlg0007/tlg011,data
tlg0007.tlg016.perseus-eng2.xml,,Caius Marcius Coriolanus,Plutarch,Bernadotte Perrin,Harvard University Press,1916,English,120142,data/tlg0007/tlg016,data
tlg0007.tlg016.perseus-grc2.xml,urn:cts:greekLit:tlg0007.tlg016.perseus-grc2,Γάϊος Μάρκιος,Plutarch,Bernadotte Perrin,Harvard University Press,1916,Greek,151532,data/tlg0007/tlg016,data
tlg0007.tlg029.perseus-eng2.xml,,Comparison of Philopoemen and Titus,Plutarch,Bernadotte Perrin,Harvard University Press,1921,English,9601,data/tlg0007/tlg029,data
tlg0007.tlg029.perseus-grc2.xml,urn:cts:greekLit:tlg0007.tlg029.perseus-grc2,Comparison of Philopoemen and Titus,Plutarch,Bernadotte Perrin,Harvard University Press,1921,Greek,10596,data/tlg0007/tlg029,data
tlg0007.tlg020.perseus-grc2.xml,urn:cts:greekLit:tlg0007.tlg020.perseus-grc2,Comparison of Timoleon and Aemilius,Plutarch,Bernadotte Perrin,Harvard University Press,1918,Greek,10680,data/tlg0007/tlg020,data
tlg0007.tlg020.perseus-eng2.xml,,Comparison of Timoleon and Aemilius,Plutarch,Bernadotte Perrin,Harvard University Press,1918,English,9697,data/tlg0007/tlg020,data
tlg0007.tlg027.perseus-eng2.xml,,Philopoemen,Plutarch,Bernadotte Perrin,Harvard University Press,1921,English,67164,data/tlg0007/tlg027,data
tlg0007.tlg027.perseus-grc2.xml,urn:cts:greekLit:tlg0007.tlg027.perseus-grc2,Philopoemen,Plutarch,Bernadotte Perrin,Harvard University Press,1921,Greek,88248,data/tlg0007/tlg027,data
tlg0007.tlg018.perseus-eng2.xml,,Timoleon,Plutarch,Bernadotte Perrin,Harvard University Press,1918,English,106051,data/tlg0007/tlg018,data
tlg0007.tlg018.perseus-grc2.xml,urn:cts:greekLit:tlg0007.tlg018.perseus-grc2,Timoleon,Plutarch,Bernadotte Perrin,Harvard University Press,1918,Greek,148882,data/tlg0007/tlg018,data
tlg0007.tlg044.perseus-grc2.xml,urn:cts:greekLit:tlg0007.tlg044.perseus-grc2,Ἀγησίλαος,Plutarch,Bernadotte Perrin,Harvard University Press,1917,Greek,178964,data/tlg0007/tlg044,data
tlg0007.tlg044.perseus-eng2.xml,,Agesilaus,Plutarch,Bernadotte Perrin,Harvard University Press,1917,English,140682,data/tlg0007/tlg044,data
tlg0007.tlg088.perseus-grc3.xml,urn:cts:greekLit:tlg0007.tlg088.perseus-grc3,Πότερον Ἀθηναῖοι κατὰ πόλεμον ἢ κατὰ σοφίαν ἐνδοξότεροι,Plutarch,Frank Cole Babbitt,Harvard University Press,1936,Greek,66986,data/tlg0007/tlg088,data
tlg0007.tlg088.perseus-grc4.xml,urn:cts:greekLit:tlg0007.tlg088.perseus-grc4,Πότερον Ἀθηναῖοι κατὰ πόλεμον ἢ κατὰ σοφίαν ἐνδοξότεροι,Plutarch,Grēgorios N. Vernardakēs,Teubner,1889,greek,67695,data/tlg0007/tlg088,data
tlg0007.tlg088.perseus-eng3.xml,,Were the Athenians More Famous in War or in Wisdom?,Plutarch,Frank Cole Babbitt,Harvard University Press,1936,English,45441,data/tlg0007/tlg088,data
tlg0007.tlg088.perseus-eng4.xml,,Whether the Athenians Were More Renowned For Their Warlike Achievements or For Their Learning,Plutarch,William W. Goodwin,"Little, Brown, and Company",1874,English,29164,data/tlg0007/tlg088,data
tlg0007.tlg043.perseus-eng2.xml,,Comparison of Sertorius and Eumenes,Plutarch,Bernadotte Perrin,Harvard University Press,1919,English,7733,data/tlg0007/tlg043,data
tlg0007.tlg043.perseus-grc2.xml,urn:cts:greekLit:tlg0007.tlg043.perseus-grc2,Comparison of Sertorius and Eumenes,Plutarch,Bernadotte Perrin,Harvard University Press,1919,Greek,8642,data/tlg0007/tlg043,data
tlg0007.tlg075.perseus-grc2.xml,urn:cts:greekLit:tlg0007.tlg075.perseus-grc2,Περὶ ἀρετῆς καὶ κακιάς,Plutarch,Grēgorios N. Vernardakēs,Teubner,1888,Greek,14875,data/tlg0007/tlg075,data
tlg0007.tlg075.perseus-eng4.xml,,Of Virtue and Vice,Plutarch,William W. Goodwin,"Little, Brown, and Company",1874,English,10064,data/tlg0007/tlg075,data
tlg0007.tlg075.perseus-eng3.xml,,Virtue and Vice,Plutarch,Frank Cole Babbitt,Harvard University Press,1928,English,12484,data/tlg0007/tlg075,data
tlg0007.tlg081.perseus-eng3.xml,,Sayings of Kings and Commanders,Plutarch,Frank Cole Babbitt,Harvard University Press,1931,English,326504,data/tlg0007/tlg081,data
tlg0007.tlg081.perseus-eng4.xml,,The Apopthegms or Remarkable Sayings of Kings and Great Commanders,Plutarch,William W. Goodwin,"Little, Brown, and Company",1874,English,138984,data/tlg0007/tlg081,data
tlg0007.tlg081.perseus-grc3.xml,urn:cts:greekLit:tlg0007.tlg081.perseus-grc3,Ἀποφθέγματα βασιλέων καὶ στρατηγῶν,Plutarch,Frank Cole Babbitt,Harvard University Press,1931,Greek,316729,data/tlg0007/tlg081,data
tlg0007.tlg081.perseus-grc4.xml,urn:cts:greekLit:tlg0007.tlg081.perseus-grc4,Ἀποφθέγματα βασιλέων καὶ στρατηγῶν,Plutarch,Grēgorios N. Vernardakēs,Teubner,1889,Greek,316002,data/tlg0007/tlg081,data
tlg0007.tlg086.perseus-grc4.xml,urn:cts:greekLit:tlg0007.tlg086.perseus-grc4,Περὶ τῆς Ῥωμαίων τύχης,Plutarch,Grēgorios N. Vernardakēs,Teubner,1889,Greek,97765,data/tlg0007/tlg086,data
tlg0007.tlg086.perseus-grc3.xml,urn:cts:greekLit:tlg0007.tlg086.perseus-grc3,Περὶ τῆς Ῥωμαίων τύχης,Plutarch,Frank Cole Babbitt,Harvard University Press,1936,Greek,68743,data/tlg0007/tlg086,data
tlg0007.tlg086.perseus-eng4.xml,,Concerning the Fortune of the Romans,Plutarch,William W. Goodwin,"Little, Brown, and Company",1874,English,48313,data/tlg0007/tlg086,data
tlg0007.tlg086.perseus-eng3.xml,,On the Fortune of the Romans,Plutarch,Frank Cole Babbitt,Harvard University Press,1936,English,68863,data/tlg0007/tlg086,data
tlg0007.tlg072.perseus-eng3.xml,,How to Profit By One's Enemies,Plutarch,Frank Cole Babbitt,Harvard University Press,1928,English,49085,data/tlg0007/tlg072,data
tlg0007.tlg072.perseus-eng4.xml,,"How a Man May Recieve Advantage and Profit From His
					Enemies",Plutarch,William W. Goodwin,"Little, Brown, and Company",1874,English,40960,data/tlg0007/tlg072,data
tlg0007.tlg072.perseus-grc2.xml,urn:cts:greekLit:tlg0007.tlg072.perseus-grc2,Πῶς ἄν τις ἀπ’ ἐχθρῶν ὠφελοῖτο,Plutarch,Grēgorios N. Vernardakēs,Teubner,1888,Greek,57697,data/tlg0007/tlg072,data
tlg0007.tlg026.perseus-eng2.xml,,Comparison of Aristides and Marcus Cato,Plutarch,Bernadotte Perrin,Harvard University Press,1914,English,21184,data/tlg0007/tlg026,data
tlg0007.tlg026.perseus-grc2.xml,urn:cts:greekLit:tlg0007.tlg026.perseus-grc2,Ἀριστείδου καὶ Κάτωνος σύγκρισις,Plutarch,Bernadotte Perrin,Harvard University Press,1914,Greek,26398,data/tlg0007/tlg026,data
tlg0007.tlg019.perseus-eng2.xml,,Aemilius Paulus,Plutarch,Bernadotte Perrin,Harvard University Press,1918,English,112560,data/tlg0007/tlg019,data
tlg0007.tlg019.perseus-grc2.xml,urn:cts:greekLit:tlg0007.tlg019.perseus-grc2,Aemilius Paulus,Plutarch,Bernadotte Perrin,Harvard University Press,1918,Greek,156245,data/tlg0007/tlg019,data
tlg0007.tlg021.perseus-grc2.xml,urn:cts:greekLit:tlg0007.tlg021.perseus-grc2,Πελοπίδας,Plutarch,Bernadotte Perrin,Harvard University Press,1917,Greek,155288,data/tlg0007/tlg021,data
tlg0007.tlg021.perseus-eng2.xml,,Pelopidas,Plutarch,Bernadotte Perrin,Harvard University Press,1917,English,111756,data/tlg0007/tlg021,data
tlg0007.tlg017.perseus-eng2.xml,,Comparison of Alcibiades and Coriolanus,Plutarch,Bernadotte Perrin,Harvard University Press,1916,English,17980,data/tlg0007/tlg017,data
tlg0007.tlg017.perseus-grc2.xml,urn:cts:greekLit:tlg0007.tlg017.perseus-grc2,Ἀλκιβιάδου καὶ Κοριολὰνου σύγκρισις,Plutarch,Bernadotte Perrin,Harvard University Press,1916,Greek,21515,data/tlg0007/tlg017,data
tlg0007.tlg028.perseus-eng2.xml,,Titus Flamininus,Plutarch,Bernadotte Perrin,Harvard University Press,1921,English,69789,data/tlg0007/tlg028,data
tlg0007.tlg028.perseus-grc2.xml,urn:cts:greekLit:tlg0007.tlg028.perseus-grc2,Titus Flamininus,Plutarch,Bernadotte Perrin,Harvard University Press,1921,Greek,89808,data/tlg0007/tlg028,data
tlg0007.tlg010.perseus-grc2.xml,urn:cts:greekLit:tlg0007.tlg010.perseus-grc2,Θεμιστοκλῆς,Plutarch,Bernadotte Perrin,Harvard University Press,1914,Greek,134588,data/tlg0007/tlg010,data
tlg0007.tlg010.perseus-eng2.xml,,Themistocles,Plutarch,Bernadotte Perrin,Harvard University Press,1914,English,100232,data/tlg0007/tlg010,data
tlg0007.tlg100.perseus-eng4.xml,,Whether the passions of the soul or diseases of the body are worse,Plutarch,William W. Goodwin,"Little, Brown, and Company",1874,English,12390,data/tlg0007/tlg100,data
tlg0007.tlg100.perseus-eng3.xml,,Whether the Affections of the Soul are Worse Than Those of the Body,Plutarch,William Clark Helmbold,Harvard University Press,1939,English,19438,data/tlg0007/tlg100,data
tlg0007.tlg100.perseus-grc2.xml,urn:cts:greekLit:tlg0007.tlg100.perseus-grc2,Ποτερον τὰ τῆς ψυχῆς ἢ τὰ τοῦ σώματος πάθη χείρονα,Plutarch,Grēgorios N. Vernardakēs,Teubner,1891,Greek,19426,data/tlg0007/tlg100,data
tlg0007.tlg107.perseus-grc2.xml,urn:cts:greekLit:tlg0007.tlg107.perseus-grc2,Περὶ τῶν ὑπὸ τοῦ θείου βραδέως τιμωρουμένων,Plutarch,Grēgorios N. Vernardakēs,Teubner,1891,Greek,177857,data/tlg0007/tlg107,data
tlg0007.tlg107.perseus-eng2.xml,,Concerning Such Whom God is Slow to Punish,Plutarch,William W. Goodwin,"Little, Brown, and Company",1874,Greek,105407,data/tlg0007/tlg107,data
tlg0007.tlg138.perseus-grc2.xml,urn:cts:greekLit:tlg0007.tlg138.perseus-grc2,Περὶ τῶν κοινῶν ἐννοιῶν πρὸς τοὺς Στωικοὺς,Plutarch,Grēgorios N. Vernardakēs,Teubner,1895,Greek,208885,data/tlg0007/tlg138,data
tlg0007.tlg138.perseus-eng2.xml,,"Of common conceptions, against the Stoics",Plutarch,William W. Goodwin,"Little, Brown, and Company",1874,English,123798,data/tlg0007/tlg138,data
tlg0007.tlg084b.perseus-eng4.xml,,Greek Questions,Plutarch,William W. Goodwin,"Little, Brown, and Company",1874,Greek,67274,data/tlg0007/tlg084b,data
tlg0007.tlg084b.perseus-eng3.xml,,The Greek Questions,Plutarch,Frank Cole Babbitt,Harvard University Press,1936,Greek,81115,data/tlg0007/tlg084b,data
tlg0007.tlg084b.perseus-grc4.xml,urn:cts:greekLit:tlg0007.tlg084b.perseus-grc4,Κεφαλαίων καταγραφή Ἑλληνικά,Plutarch,Grēgorios N. Vernardakēs,Teubner,1889,Greek,116658,data/tlg0007/tlg084b,data
tlg0007.tlg084b.perseus-grc3.xml,urn:cts:greekLit:tlg0007.tlg084b.perseus-grc3,Αἴτια Ἑλληνικά,Plutarch,Frank Cole Babbitt,Harvard University Press,1936,Greek,121868,data/tlg0007/tlg084b,data
tlg0007.tlg131.perseus-eng3.xml,,On the eating of flesh I,Plutarch,Harold Cherniss,Harvard University Press,1957,English,33624,data/tlg0007/tlg131,data
tlg0007.tlg131.perseus-eng4.xml,,Of eating of flesh: Tract I.,Plutarch,William W. Goodwin,"Little, Brown, and Company",1874,English,19567,data/tlg0007/tlg131,data
tlg0007.tlg131.perseus-grc2.xml,urn:cts:greekLit:tlg0007.tlg131.perseus-grc2,Περὶ σαρκοφαγίας λόγος α′,Plutarch,Grēgorios N. Vernardakēs,Teubner,1895,Greek,26707,data/tlg0007/tlg131,data
tlg0007.tlg136.perseus-grc2.xml,urn:cts:greekLit:tlg0007.tlg136.perseus-grc2,Περὶ Στωικῶν ἐνιγμάτων,Plutarch,Grēgorios N. Vernardakēs,Teubner,1895,Greek,179343,data/tlg0007/tlg136,data
tlg0007.tlg136.perseus-eng2.xml,,The contradictions of the Stoics,Plutarch,William W. Goodwin,"Little, Brown, and Company",1878,English,105478,data/tlg0007/tlg136,data
tlg0007.tlg109.perseus-grc2.xml,urn:cts:greekLit:tlg0007.tlg109.perseus-grc2,Περὶ τοῦ Σωκράτους δαιμονίου,Plutarch,Grēgorios N. Vernardakēs,Teubner,1891,Greek,247020,data/tlg0007/tlg109,data
tlg0007.tlg109.perseus-eng2.xml,,A Discourse Concerning Socrates's Daemon,Plutarch,William W. Goodwin,"Little, Brown, and Company",1874,English,95265,data/tlg0007/tlg109,data
tlg0007.tlg082a.perseus-grc3.xml,urn:cts:greekLit:tlg0007.tlg082a.perseus-grc3,Τὰ παλαιὰ τῶν Λακεδαινίων ἐπιτηδεύματα,Plutarch,Frank Cole Babbitt,Harvard University Press,1931,Greek,35929,data/tlg0007/tlg082a,data
tlg0007.tlg082a.perseus-grc4.xml,urn:cts:greekLit:tlg0007.tlg082a.perseus-grc4,Τὰ παλαιὰ τῶν Λακεδαιμονίων ἐπιτηδεύματα,Plutarch,Grēgorios N. Vernardakēs,Teubner,1889,Greek,34774,data/tlg0007/tlg082a,data
tlg0007.tlg082a.perseus-eng2.xml,,Instituta Laconica,Plutarch,Frank Cole Babbitt,Harvard University Press,1931,Greek,33531,data/tlg0007/tlg082a,data
tlg0007.tlg137.perseus-grc2.xml,urn:cts:greekLit:tlg0007.tlg137.perseus-grc2,Σύνοψις τοῦ ὅτι παραδοξότερα οἱ Στωικοὶ τῶν ποιητῶν λέγουσι,Plutarch,Grēgorios N. Vernardakēs,Teubner,1895,Greek,11090,data/tlg0007/tlg137,data
tlg0007.tlg137.perseus-eng2.xml,,"A breviate of a discourse, showing that the Stoics speak greater improbabilities than the poets",Plutarch,William W. Goodwin,"Little, Brown, and Company",1874,English,9555,data/tlg0007/tlg137,data
tlg0007.tlg108.perseus-grc2.xml,urn:cts:greekLit:tlg0007.tlg108.perseus-grc2,Περὶ εἱμαρμένης,Plutarch,Grēgorios N. Vernardakēs,Teubner,1891,Greek,70625,data/tlg0007/tlg108,data
tlg0007.tlg108.perseus-eng2.xml,,Of Fate,Plutarch,William W. Goodwin,"Little, Brown, and Company",1874,English,36648,data/tlg0007/tlg108,data
tlg0007.tlg130.perseus-eng3.xml,,Beasts are rational,Plutarch,Harold Cherniss,Harvard University Press,1957,English,61170,data/tlg0007/tlg130,data
tlg0007.tlg130.perseus-eng4.xml,,That brute beasts make use of reason,Plutarch,William W. Goodwin,"Little, Brown, and Company",1874,English,36745,data/tlg0007/tlg130,data
tlg0007.tlg130.perseus-grc2.xml,urn:cts:greekLit:tlg0007.tlg130.perseus-grc2,Περὶ τοῦ τὰ ἄλογα λόγῳ χρῆσθαι,Plutarch,Grēgorios N. Vernardakēs,Teubner,1895,Greek,56194,data/tlg0007/tlg130,data
tlg0007.tlg106.perseus-grc2.xml,urn:cts:greekLit:tlg0007.tlg106.perseus-grc2,Περὶ τοῦ ἑαυτὸν ἐπαινεῖν ἀνεπιφθόνως,Plutarch,Grēgorios N. Vernardakēs,Teubner,1891,Greek,77769,data/tlg0007/tlg106,data
tlg0007.tlg106.perseus-eng2.xml,,How a Man May Inoffensively Praise Himself Without Being Liable to Envy,Plutarch,William W. Goodwin,"Little, Brown, and Company",1874,English,44757,data/tlg0007/tlg106,data
tlg0007.tlg139.perseus-grc2.xml,urn:cts:greekLit:tlg0007.tlg139.perseus-grc2,Ὅτι οὐδ' ἡδέως ζῆν ἔστι κατ' Ἐπίκουρον,Plutarch,Grēgorios N. Vernardakēs,Teubner,1895,Greek,148174,data/tlg0007/tlg139,data
tlg0007.tlg139.perseus-eng2.xml,,That it is Not Possible to Live Pleasurably According to the Doctrine of Epicurus,Plutarch,William W. Goodwin,"Little, Brown, and Company",1874,English,98717,data/tlg0007/tlg139,data
tlg0007.tlg101.perseus-eng4.xml,,"Of Garrulity, or Talkativeness",Plutarch,William W. Goodwin,"Little, Brown, and Company",1874,Greek,73218,data/tlg0007/tlg101,data
tlg0007.tlg101.perseus-eng3.xml,,Concerning Talkativeness,Plutarch,William Clark Helmbold,Harvard University Press,1939,Greek,89596,data/tlg0007/tlg101,data
tlg0007.tlg101.perseus-grc2.xml,urn:cts:greekLit:tlg0007.tlg101.perseus-grc2,Περὶ ἀδολεσχίας,Plutarch,Grēgorios N. Vernardakēs,Teubner,1891,Greek,109416,data/tlg0007/tlg101,data
tlg2139.tlg001.1st1K-grc1.xml,urn:cts:greekLit:tlg2139.tlg001.1st1K-grc1,Sicili Epitaphium,Epitaphium Sicili,Karl von Jan,Teubner,1895,Greek,4496,data/tlg2139/tlg001,data
tlg0656.tlg001.1st1K-grc1.xml,urn:cts:greekLit:tlg0656.tlg001.1st1K-grc1,De materia medica,Dioscurides Pedianus,Max Wellmann,Weidmann,1907,Greek,4424582,data/tlg0656/tlg001,data
tlg0656.tlg002.1st1K-grc1.xml,urn:cts:greekLit:tlg0656.tlg002.1st1K-grc1,Περὶ ἀπλῶν φαρμάκων,Dioscorides Pedianus,,Weidmann,1914,Greek,639378,data/tlg0656/tlg002,data
tlg1126.tlg003.1st1K-grc1.xml,urn:cts:greekLit:tlg1126.tlg003.1st1K-grc1,Fragmenta,Anubion,Hermann Koechly,Teubner,1858,Greek,4000,data/tlg1126/tlg003,data
tlg1542.tlg001.1st1K-grc1.xml,urn:cts:greekLit:tlg1542.tlg001.1st1K-grc1,Fragmenta,Numenius of Apamea,Friedrich Wilhelm August Mullach,Firmin-Didot,1881,Greek,92927,data/tlg1542/tlg001,data
tlg4030.tlg001.1st1K-grc1.xml,urn:cts:greekLit:tlg4030.tlg001.1st1K-grc1,In Aristotelis Libros De Anima Paraphrasis,Sophonias,Michael Hayduck,Reimer,1883,Greek,960545,data/tlg4030/tlg001,data
tlg2768.tlg001.1st1K-grc1.xml,urn:cts:greekLit:tlg2768.tlg001.1st1K-grc1,Historia Ecclesiastica,Gelasius,Gerhard Loeschke,J. C. Hinrichs,1918,Greek,904741,data/tlg2768/tlg001,data
tlg4090.tlg001.1st1K-grc1.xml,urn:cts:greekLit:tlg4090.tlg001.1st1K-grc1,In XII Prophetas,Cyril of Alexandria,Philip Edward Pusey,Clarendon,1868,Greek,5392415,data/tlg4090/tlg001,data
tlg2703.tlg001.1st1K-lat1.xml,urn:cts:greekLit:tlg2703.tlg001.1st1K-lat1,Alexias,Anna Comnena,Ludwig Schopen,Weber,1839,Greek,1306029,data/tlg2703/tlg001,data
tlg2703.tlg001.1st1K-grc2.xml,urn:cts:greekLit:tlg2703.tlg001.1st1K-grc2,Ἀλεξιάδα,Annae Comnenae,Augustus Reifferscheid,Teubner,1884,Greek,2192795,data/tlg2703/tlg001,data
tlg2703.tlg001.1st1K-grc1.xml,urn:cts:greekLit:tlg2703.tlg001.1st1K-grc1,Ἀλεξιάδα,Anna Comnena,Ludwig Schopen,Weber,1839,Greek,2419719,data/tlg2703/tlg001,data
tlg1724.tlg001.1st1K-grc1.xml,urn:cts:greekLit:tlg1724.tlg001.1st1K-grc1,De utilitate mathematicae,Theon Smyrnaeus,Eduardus Hiller,Teubner,1878,Greek,605560,data/tlg1724/tlg001,data
tlg0098.tlg001.1st1K-grc1.xml,urn:cts:greekLit:tlg0098.tlg001.1st1K-grc1,Ἐπιτομὴ ἐκ τῶν Ταρραίου καὶ Διδύμου παροιμιῶν συντεθεῖσα κατὰ στοιχεῖον,Zenobius Sophista,Ernst von Leutsch,Vandenhoeck and Ruprecht,1839,Latin,354540,data/tlg0098/tlg001,data
tlg1347.tlg004.1st1K-grc1.xml,urn:cts:greekLit:tlg1347.tlg004.1st1K-grc1,Fragmenta,Epimenides,Hermann Diels,Weidmann,1922,Greek,28758,data/tlg1347/tlg004,data
tlg0053.tlg001.1st1K-grc1.xml,urn:cts:greekLit:tlg0053.tlg001.1st1K-grc1,Epistulae,Phalaridis Epistulae,Rudolf Hercher,A. F. Didot,1873,Greek,286128,data/tlg0053/tlg001,data
tlg1181.tlg001.1st1K-grc1.xml,urn:cts:greekLit:tlg1181.tlg001.1st1K-grc1,De magnitudinibus et distantiis solis et lunae,Aristarchus of Samos,Sir Thomas Heath,Clarendon Press,1913,Greek,89181,data/tlg1181/tlg001,data
tlg1188.tlg002.1st1K-grc1.xml,urn:cts:greekLit:tlg1188.tlg002.1st1K-grc1,Fragmenta,Aristocles of Messene,Friedrich Wilhelm August Mullach,Firmin-Didot,1881,Greek,74186,data/tlg1188/tlg002,data
tlg0633.tlg001.1st1K-grc1.xml,urn:cts:greekLit:tlg0633.tlg001.1st1K-grc1,Epistula ad Hipparchum,Lysis,Rudolf Hercher,A. F. Didot,1873,Greek,14130,data/tlg0633/tlg001,data
tlg0065.tlg001.1st1K-grc1.xml,urn:cts:greekLit:tlg0065.tlg001.1st1K-grc1,Periplus Scylacis,Scylax of Caranda,Karl Müller,Ambroise-Firmin Didot,1855,Greek,154741,data/tlg0065/tlg001,data
tlg0062.tlg054.perseus-grc2.xml,urn:cts:greekLit:tlg0062.tlg054.perseus-grc2,Περὶ τῶν Διψάδων,Lucian,Karl Jacobitz,Teubner,1913,Greek,15821,data/tlg0062/tlg054,data
tlg0062.tlg054.perseus-grc3.xml,urn:cts:greekLit:tlg0062.tlg054.perseus-grc3,Περὶ τῶν διψάδων,Lucian of Samosata,Kenneth Kilburn,William Heinemann Ltd.,1959,Greek,15875,data/tlg0062/tlg054,data
tlg0062.tlg054.perseus-eng4.xml,,"Dipsas, the Thirst-snake",Lucian,Henry Watson Fowler,Clarendon Press,1905,English,9983,data/tlg0062/tlg054,data
tlg0062.tlg054.perseus-eng3.xml,,The Dipsads,Lucian of Samosata,Kenneth Kilburn,William Heinemann Ltd.,1959,Greek,10770,data/tlg0062/tlg054,data
tlg0062.tlg053.perseus-eng3.xml,,How to write history,Lucian of Samosata,Kenneth Kilburn,William Heinemann Ltd.,1959,Greek,68362,data/tlg0062/tlg053,data
tlg0062.tlg053.perseus-eng4.xml,,The Way To Write History,Lucian,Henry Watson Fowler,Clarendon Press,1905,English,64404,data/tlg0062/tlg053,data
tlg0062.tlg053.perseus-grc3.xml,urn:cts:greekLit:tlg0062.tlg053.perseus-grc3,Πῶς δεῖ ἱστορίαν συγγράφειν,Lucian of Samosata,Kenneth Kilburn,William Heinemann Ltd.,1959,Greek,110642,data/tlg0062/tlg053,data
tlg0062.tlg053.perseus-grc2.xml,urn:cts:greekLit:tlg0062.tlg053.perseus-grc2,Πῶς δεῖ Ἱστορίαν συγγράφειν,Lucian,Karl Jacobitz,Teubner,1913,Greek,107076,data/tlg0062/tlg053,data
tlg0062.tlg065.perseus-grc3.xml,urn:cts:greekLit:tlg0062.tlg065.perseus-grc3,Πλοῖον ἢΕυχαί,Lucian of Samosata,Kenneth Kilburn,William Heinemann Ltd.,1959,Greek,83567,data/tlg0062/tlg065,data
tlg0062.tlg065.perseus-grc2.xml,urn:cts:greekLit:tlg0062.tlg065.perseus-grc2,Πλοῖον ἢ Εὐχαί,Lucian,Karl Jacobitz,Teubner,1913,Greek,83111,data/tlg0062/tlg065,data
tlg0062.tlg065.perseus-eng3.xml,,The ship or the wishes,Lucian of Samosata,Kenneth Kilburn,William Heinemann Ltd.,1959,Greek,50109,data/tlg0062/tlg065,data
tlg0062.tlg065.perseus-eng4.xml,,"The Ship: Or, the Wishes",Lucian,Henry Watson Fowler,Clarendon Press,1905,English,48881,data/tlg0062/tlg065,data
tlg0062.tlg062.perseus-eng4.xml,,The Scythian,Lucian,Henry Watson Fowler,Clarendon Press,1905,English,16816,data/tlg0062/tlg062,data
tlg0062.tlg062.perseus-eng3.xml,,The Scythian or Consul,Lucian of Samosata,Kenneth Kilburn,William Heinemann Ltd.,1959,Greek,18252,data/tlg0062/tlg062,data
tlg0062.tlg062.perseus-grc2.xml,urn:cts:greekLit:tlg0062.tlg062.perseus-grc2,Σκύθης ἢ Πρόξενος,Lucian,Karl Jacobitz,Teubner,1909,Greek,26499,data/tlg0062/tlg062,data
tlg0062.tlg062.perseus-grc3.xml,urn:cts:greekLit:tlg0062.tlg062.perseus-grc3,Σκύθης ἢ πρόξενος,Lucian of Samosata,Kenneth Kilburn,William Heinemann Ltd.,1959,Greek,26891,data/tlg0062/tlg062,data
tlg0062.tlg009.perseus-eng2.xml,,The Hall,Lucian of Samosata,Austin Morris Harmon,William Heinemann Ltd.,1913,Greek,30515,data/tlg0062/tlg009,data
tlg0062.tlg009.perseus-eng4.xml,,The Hall,Lucian,Henry Watson Fowler,Clarendon Press,1905,English,28515,data/tlg0062/tlg009,data
tlg0062.tlg009.perseus-grc2.xml,urn:cts:greekLit:tlg0062.tlg009.perseus-grc2,Περὶ τοῦ Οἴκου,Lucian,Austin Morris Harmon,William Heinemann Ltd.,1913,Greek,49411,data/tlg0062/tlg009,data
tlg0062.tlg036.perseus-eng2.xml,,On Funerals,Lucian of Samosata,Austin Morris Harmon,William Heinemann Ltd.,1925,Greek,23517,data/tlg0062/tlg036,data
tlg0062.tlg036.perseus-eng4.xml,,Of Mourning,Lucian,Henry Watson Fowler,Clarendon Press,1905,English,18079,data/tlg0062/tlg036,data
tlg0062.tlg036.perseus-grc2.xml,urn:cts:greekLit:tlg0062.tlg036.perseus-grc2,Περὶ Πένθους,Lucian,Austin Morris Harmon,William Heinemann Ltd.,1925,Greek,28973,data/tlg0062/tlg036,data
tlg0062.tlg031.perseus-grc2.xml,urn:cts:greekLit:tlg0062.tlg031.perseus-grc2,Φιλοψευδὴς ἢ Ἀπιστῶν,Lucian,Austin Morris Harmon,William Heinemann Ltd.,1921,Greek,96395,data/tlg0062/tlg031,data
tlg0062.tlg031.perseus-eng4.xml,,The Liar,Lucian,Henry Watson Fowler,Clarendon Press,1905,English,51703,data/tlg0062/tlg031,data
tlg0062.tlg031.perseus-eng2.xml,,"The Lover of Lies, or the Doubter Tychiades",Lucian of Samosata,Austin Morris Harmon,William Heinemann Ltd.,1921,English,58477,data/tlg0062/tlg031,data
tlg0062.tlg038.perseus-eng4.xml,,Alexander the Oracle-monger,Lucian,Henry Watson Fowler,Clarendon Press,1905,English,58783,data/tlg0062/tlg038,data
tlg0062.tlg038.perseus-eng2.xml,,Alexander the False Prophet,Lucian of Samosata,Austin Morris Harmon,William Heinemann Ltd.,1925,Greek,82823,data/tlg0062/tlg038,data
tlg0062.tlg038.perseus-grc2.xml,urn:cts:greekLit:tlg0062.tlg038.perseus-grc2,Ἀλέξανδρος ἢ Ψευδόμαντις,Lucian,Austin Morris Harmon,William Heinemann Ltd.,1925,Greek,108943,data/tlg0062/tlg038,data
tlg0062.tlg007.perseus-eng4.xml,,Nigrinus,Lucian,Henry Watson Fowler,Clarendon Press,1905,English,37200,data/tlg0062/tlg007,data
tlg0062.tlg007.perseus-eng2.xml,,Nigrinus,Lucian of Samosata,Austin Morris Harmon,William Heinemann Ltd.,1913,Greek,42044,data/tlg0062/tlg007,data
tlg0062.tlg007.perseus-grc2.xml,urn:cts:greekLit:tlg0062.tlg007.perseus-grc2,Νιγρίνου Φιλοσοφία,Lucian,Austin Morris Harmon,William Heinemann Ltd.,1913,Greek,64233,data/tlg0062/tlg007,data
tlg0062.tlg063.perseus-eng4.xml,,"Hermotimus, or the Rival Philosophies",Lucian,Henry Watson Fowler,Clarendon Press,1905,English,111834,data/tlg0062/tlg063,data
tlg0062.tlg063.perseus-eng3.xml,,The Scythian or Consul,Lucian of Samosata,Kenneth Kilburn,William Heinemann Ltd.,1959,Greek,125193,data/tlg0062/tlg063,data
tlg0062.tlg063.perseus-grc3.xml,urn:cts:greekLit:tlg0062.tlg063.perseus-grc3,Σκύθης ἢ πρόξενος,Lucian of Samosata,Kenneth Kilburn,William Heinemann Ltd.,1959,Greek,199357,data/tlg0062/tlg063,data
tlg0062.tlg063.perseus-grc2.xml,urn:cts:greekLit:tlg0062.tlg063.perseus-grc2,Ἑρμότιμος ἢ Περὶ Αἱρέσεων,Lucian,Karl Jacobitz,Teubner,1909,Greek,207038,data/tlg0062/tlg063,data
tlg0062.tlg064.perseus-grc2.xml,urn:cts:greekLit:tlg0062.tlg064.perseus-grc2,Πρὸς τὸν εἰπόντα Προμηθεὺς εἶ ἐν λόγοις,Lucian,Karl Jacobitz,Teubner,1909,Greek,16830,data/tlg0062/tlg064,data
tlg0062.tlg064.perseus-grc3.xml,urn:cts:greekLit:tlg0062.tlg064.perseus-grc3,"Πρὸς τὸν εἰπόντα, Προμηθεὺς εἴ εἶ ἐν λόγοις",Lucian of Samosata,Kenneth Kilburn,William Heinemann Ltd.,1959,Greek,17807,data/tlg0062/tlg064,data
tlg0062.tlg064.perseus-eng3.xml,,"To one who said ""You're a Prometheus in words.""",Lucian of Samosata,Kenneth Kilburn,William Heinemann Ltd.,1959,Greek,11221,data/tlg0062/tlg064,data
tlg0062.tlg064.perseus-eng4.xml,,A Literary Prometheus,Lucian,Henry Watson Fowler,Clarendon Press,1905,English,10112,data/tlg0062/tlg064,data
tlg0062.tlg052.perseus-eng2.xml,,Disowned,Lucian of Samosata,Austin Morris Harmon,Harvard University Press,1936,English,47884,data/tlg0062/tlg052,data
tlg0062.tlg052.perseus-eng4.xml,,The Disinherited,Lucian,Henry Watson Fowler,Clarendon Press,1905,English,42112,data/tlg0062/tlg052,data
tlg0062.tlg052.perseus-grc2.xml,urn:cts:greekLit:tlg0062.tlg052.perseus-grc2,Ἀποκηρυττόμενος,Lucian,Austin Morris Harmon,Harvard University Press,1936,Greek,74629,data/tlg0062/tlg052,data
tlg0062.tlg055.perseus-grc3.xml,urn:cts:greekLit:tlg0062.tlg055.perseus-grc3,Τὰ πρὸς Κρόνον,Lucian of Samosata,Kenneth Kilburn,William Heinemann Ltd.,1959,Greek,75600,data/tlg0062/tlg055,data
tlg0062.tlg055.perseus-grc2.xml,urn:cts:greekLit:tlg0062.tlg055.perseus-grc2,Τὰ πρὸς Κρόνον,Lucian,Karl Jacobitz,Teubner,1913,Greek,74577,data/tlg0062/tlg055,data
tlg0062.tlg055.perseus-eng4.xml,,Saturnalia,Lucian,Henry Watson Fowler,Clarendon Press,1905,English,44432,data/tlg0062/tlg055,data
tlg0062.tlg055.perseus-eng3.xml,,A Conversation with Cronus,Lucian of Samosata,Kenneth Kilburn,William Heinemann Ltd.,1959,Greek,47419,data/tlg0062/tlg055,data
tlg0062.tlg001.perseus-grc2.xml,urn:cts:greekLit:tlg0062.tlg001.perseus-grc2,Φάλαρις,Lucian of Samosata,Austin Morris Harmon,William Heinemann Ltd.,1913,Greek,44718,data/tlg0062/tlg001,data
tlg0062.tlg001.perseus-eng2.xml,,Phalaris,Lucian of Samosata,Austin Morris Harmon,William Heinemann Ltd.,1913,Greek,28849,data/tlg0062/tlg001,data
tlg0062.tlg001.perseus-eng4.xml,,"Phalaris, I",Lucian,Henry Watson Fowler,Clarendon Press,1905,English,28129,data/tlg0062/tlg001,data
tlg0062.tlg039.perseus-eng4.xml,,A Portrait-study,Lucian,Henry Watson Fowler,Clarendon Press,1905,English,26384,data/tlg0062/tlg039,data
tlg0062.tlg039.perseus-eng2.xml,,Essays in Portraiture,Lucian of Samosata,Austin Morris Harmon,William Heinemann Ltd.,1925,Greek,39741,data/tlg0062/tlg039,data
tlg0062.tlg039.perseus-grc2.xml,urn:cts:greekLit:tlg0062.tlg039.perseus-grc2,Εἰκόνες,Lucian,Austin Morris Harmon,William Heinemann Ltd.,1925,Greek,52414,data/tlg0062/tlg039,data
tlg0062.tlg006.perseus-eng4.xml,,"The Fly, an Appreciation",Lucian,Henry Watson Fowler,Clarendon Press,1905,English,11532,data/tlg0062/tlg006,data
tlg0062.tlg006.perseus-eng2.xml,,The Fly,Lucian of Samosata,Austin Morris Harmon,William Heinemann Ltd.,1913,Greek,14079,data/tlg0062/tlg006,data
tlg0062.tlg006.perseus-grc2.xml,urn:cts:greekLit:tlg0062.tlg006.perseus-grc2,Μυίας Ἐγκώμιον,Lucian,Austin Morris Harmon,William Heinemann Ltd.,1913,Greek,20775,data/tlg0062/tlg006,data
tlg0062.tlg030.perseus-grc2.xml,urn:cts:greekLit:tlg0062.tlg030.perseus-grc2,Περὶ τοῦ Παρασίτου ὅτι Τέχνη ἡ Παρασιτική,Lucian,Austin Morris Harmon,William Heinemann Ltd.,1921,Greek,114639,data/tlg0062/tlg030,data
tlg0062.tlg030.perseus-eng4.xml,,The Parasite: a Demonstration that Sponging is a Profession,Lucian,Henry Watson Fowler,Clarendon Press,1905,English,55280,data/tlg0062/tlg030,data
tlg0062.tlg030.perseus-eng2.xml,,The Parasite Tychiades,Lucian of Samosata,Austin Morris Harmon,William Heinemann Ltd.,1921,English,70720,data/tlg0062/tlg030,data
tlg0062.tlg008.perseus-eng2.xml,,Demonax,Lucian of Samosata,Austin Morris Harmon,William Heinemann Ltd.,1913,Greek,36473,data/tlg0062/tlg008,data
tlg0062.tlg008.perseus-eng4.xml,,Life of Demonax,Lucian,Henry Watson Fowler,Clarendon Press,1905,English,33091,data/tlg0062/tlg008,data
tlg0062.tlg008.perseus-grc2.xml,urn:cts:greekLit:tlg0062.tlg008.perseus-grc2,Δημώνακτος Βίος,Lucian,Austin Morris Harmon,William Heinemann Ltd.,1913,Greek,53119,data/tlg0062/tlg008,data
tlg0062.tlg037.perseus-eng2.xml,,A Professor of Public Speaking,Lucian of Samosata,Austin Morris Harmon,William Heinemann Ltd.,1925,Greek,42923,data/tlg0062/tlg037,data
tlg0062.tlg037.perseus-eng4.xml,,The Rhetorician’s Vade Mecum,Lucian,Henry Watson Fowler,Clarendon Press,1905,English,30687,data/tlg0062/tlg037,data
tlg0062.tlg037.perseus-grc2.xml,urn:cts:greekLit:tlg0062.tlg037.perseus-grc2,Ῥητόρων Διδάσκαλος,Lucian,Austin Morris Harmon,William Heinemann Ltd.,1925,Greek,53077,data/tlg0062/tlg037,data
tlg0062.tlg015.perseus-grc2.xml,urn:cts:greekLit:tlg0062.tlg015.perseus-grc2,Συμπόσιον ἢ Λαπίθαι,Lucian,Austin Morris Harmon,William Heinemann Ltd.,1913,Greek,77133,data/tlg0062/tlg015,data
tlg0062.tlg015.perseus-eng2.xml,,"The Carousal, or the Lapiths",Lucian of Samosata,Austin Morris Harmon,William Heinemann Ltd.,,Greek,51955,data/tlg0062/tlg015,data
tlg0062.tlg015.perseus-eng4.xml,,A Feast of Lapithae,Lucian,Henry Watson Fowler,Clarendon Press,1905,English,43679,data/tlg0062/tlg015,data
tlg0062.tlg012.perseus-eng5.xml,,A True History,Lucian of Samosata,Emily James Smith,Harper and Brothers,1892,Greek,64158,data/tlg0062/tlg012,data
tlg0062.tlg012.perseus-eng4.xml,,The True History,Lucian,Henry Watson Fowler,Clarendon Press,1905,English,86323,data/tlg0062/tlg012,data
tlg0062.tlg012.perseus-eng2.xml,,A True Story,Lucian of Samosata,Austin Morris Harmon,William Heinemann Ltd.,1913,English,99417,data/tlg0062/tlg012,data
tlg0062.tlg012.perseus-grc2.xml,urn:cts:greekLit:tlg0062.tlg012.perseus-grc2,Ἀληθῶν Διηγημάτων,Lucian,Austin Morris Harmon,William Heinemann Ltd.,1913,Greek,163444,data/tlg0062/tlg012,data
tlg0062.tlg024.perseus-grc2.xml,urn:cts:greekLit:tlg0062.tlg024.perseus-grc2,Βίων Πρᾶσις,Lucian,Austin Morris Harmon,William Heinemann Ltd.,1915,Greek,69010,data/tlg0062/tlg024,data
tlg0062.tlg024.perseus-eng5.xml,,The Sale of Lives,Lucian of Samosata,Emily James Smith,Harper and Brothers,1892,Greek,41923,data/tlg0062/tlg024,data
tlg0062.tlg024.perseus-eng4.xml,,Sale of Creeds,Lucian,Henry Watson Fowler,Clarendon Press,1905,English,41754,data/tlg0062/tlg024,data
tlg0062.tlg024.perseus-eng2.xml,,Philosophies for Sale,Lucian of Samosata,Austin Morris Harmon,William Heinemann Ltd.,1915,English,52567,data/tlg0062/tlg024,data
tlg0062.tlg023.perseus-eng2.xml,,"Charon, or the Inspectors",Lucian of Samosata,Austin Morris Harmon,William Heinemann Ltd.,1915,English,43838,data/tlg0062/tlg023,data
tlg0062.tlg023.perseus-eng4.xml,,Charon,Lucian,Henry Watson Fowler,Clarendon Press,1905,English,38777,data/tlg0062/tlg023,data
tlg0062.tlg023.perseus-grc2.xml,urn:cts:greekLit:tlg0062.tlg023.perseus-grc2,Χάρων ἢ Ἐπισκοποῦντες,Lucian,Austin Morris Harmon,William Heinemann Ltd.,1915,Greek,67841,data/tlg0062/tlg023,data
tlg0062.tlg048.perseus-eng2.xml,,Astrology,Lucian of Samosata,Austin Morris Harmon,Harvard University Press,1936,English,28812,data/tlg0062/tlg048,data
tlg0062.tlg048.perseus-grc2.xml,urn:cts:greekLit:tlg0062.tlg048.perseus-grc2,Περὶ τῆς Ἀστρολογίας,Lucian,Austin Morris Harmon,Harvard University Press,1936,Greek,35001,data/tlg0062/tlg048,data
tlg0062.tlg070.perseus-grc2.xml,urn:cts:greekLit:tlg0062.tlg070.perseus-grc2,Ψευδοσοφιστής ἢ Σολοικιστής,Lucian,Karl Jacobitz,Teubner,1913,Greek,33652,data/tlg0062/tlg070,data
tlg0062.tlg070.perseus-eng4.xml,,The Purist Purized,Lucian,Henry Watson Fowler,Clarendon Press,1905,English,22276,data/tlg0062/tlg070,data
tlg0062.tlg046.perseus-eng2.xml,,Lexiphanes,Lucian of Samosata,Austin Morris Harmon,William Heinemann Ltd.,1936,English,41036,data/tlg0062/tlg046,data
tlg0062.tlg046.perseus-eng4.xml,,Lexiphanes,Lucian,Henry Watson Fowler,Clarendon Press,1905,English,24727,data/tlg0062/tlg046,data
tlg0062.tlg046.perseus-grc2.xml,urn:cts:greekLit:tlg0062.tlg046.perseus-grc2,Λεξιφάνης,Lucian,Austin Morris Harmon,William Heinemann Ltd.,1936,Greek,50002,data/tlg0062/tlg046,data
tlg0062.tlg041.perseus-grc2.xml,urn:cts:greekLit:tlg0062.tlg041.perseus-grc2,Περὶ τῆς Συρίης Θεοῦ,Lucian,Austin Morris Harmon,William Heinemann Ltd.,1925,Greek,89735,data/tlg0062/tlg041,data
tlg0062.tlg041.perseus-eng2.xml,,The Goddesse of Surrye,Lucian of Samosata,Austin Morris Harmon,William Heinemann Ltd.,1925,Greek,96611,data/tlg0062/tlg041,data
tlg0062.tlg022.perseus-eng2.xml,,"Timon, or the Misanthrope",Lucian of Samosata,Austin Morris Harmon,William Heinemann Ltd.,1915,English,63031,data/tlg0062/tlg022,data
tlg0062.tlg022.perseus-eng4.xml,,Timon the Misanthrope,Lucian,Henry Watson Fowler,Clarendon Press,1905,English,56991,data/tlg0062/tlg022,data
tlg0062.tlg022.perseus-grc2.xml,urn:cts:greekLit:tlg0062.tlg022.perseus-grc2,Τίμων,Lucian,Austin Morris Harmon,William Heinemann Ltd.,1915,Greek,98069,data/tlg0062/tlg022,data
tlg0062.tlg025.perseus-grc2.xml,urn:cts:greekLit:tlg0062.tlg025.perseus-grc2,Ἀναβιοῦντες ἢ Ἁλιεύς,Lucian,Austin Morris Harmon,William Heinemann Ltd.,1921,Greek,108431,data/tlg0062/tlg025,data
tlg0062.tlg025.perseus-eng4.xml,,The Fisher,Lucian,Henry Watson Fowler,Clarendon Press,1905,English,58920,data/tlg0062/tlg025,data
tlg0062.tlg025.perseus-eng2.xml,,"The Dead Come to Life, or the Fisherman",Lucian of Samosata,Austin Morris Harmon,William Heinemann Ltd.,1921,English,72448,data/tlg0062/tlg025,data
tlg0062.tlg013.perseus-eng4.xml,,"Slander, a Warning",Lucian,Henry Watson Fowler,Clarendon Press,1905,English,27644,data/tlg0062/tlg013,data
tlg0062.tlg013.perseus-eng2.xml,,Slander: on not Being Quick to Put Faith in it,Lucian of Samosata,Austin Morris Harmon,William Heinemann Ltd.,,Greek,33029,data/tlg0062/tlg013,data
tlg0062.tlg013.perseus-grc2.xml,urn:cts:greekLit:tlg0062.tlg013.perseus-grc2,Περὶ τοῦ μὴ ῥᾳδίως πιστεύειν Διαβολῇ,Lucian,Austin Morris Harmon,William Heinemann Ltd.,1913,Greek,50759,data/tlg0062/tlg013,data
tlg0062.tlg014.perseus-grc2.xml,urn:cts:greekLit:tlg0062.tlg014.perseus-grc2,Δίκη Συμφώνων,Lucian,Austin Morris Harmon,William Heinemann Ltd.,1913,Greek,21885,data/tlg0062/tlg014,data
tlg0062.tlg014.perseus-eng2.xml,,"The Consonants at Law Sigma Vs. Tau, in the Court of the Seven Vowels",Lucian of Samosata,Austin Morris Harmon,William Heinemann Ltd.,,English,15631,data/tlg0062/tlg014,data
tlg0062.tlg014.perseus-eng4.xml,,Trial in the Court of Vowels,Lucian,Henry Watson Fowler,Clarendon Press,1905,English,13582,data/tlg0062/tlg014,data
tlg0062.tlg040.perseus-grc2.xml,urn:cts:greekLit:tlg0062.tlg040.perseus-grc2,Ὑπὲρ τῶν Εἰκόνων,Lucian,Austin Morris Harmon,William Heinemann Ltd.,1925,Greek,55419,data/tlg0062/tlg040,data
tlg0062.tlg040.perseus-eng4.xml,,Defence of the ‘portrait-study’,Lucian,Henry Watson Fowler,Clarendon Press,1905,English,29274,data/tlg0062/tlg040,data
tlg0062.tlg040.perseus-eng2.xml,,Essays in Portraiture Defended,Lucian of Samosata,Austin Morris Harmon,William Heinemann Ltd.,1925,Greek,38514,data/tlg0062/tlg040,data
tlg0062.tlg047.perseus-eng2.xml,,The Eunuch,Lucian of Samosata,Austin Morris Harmon,William Heinemann Ltd.,1936,English,17465,data/tlg0062/tlg047,data
tlg0062.tlg047.perseus-grc2.xml,urn:cts:greekLit:tlg0062.tlg047.perseus-grc2,Εὐνοῦχος,Lucian,Austin Morris Harmon,William Heinemann Ltd.,1936,Greek,24327,data/tlg0062/tlg047,data
tlg0062.tlg071.perseus-grc2.xml,urn:cts:greekLit:tlg0062.tlg071.perseus-grc2,Ποδάγρα,Lucian,Karl Jacobitz,Teubner,1913,Greek,53616,data/tlg0062/tlg071,data
tlg0062.tlg049.perseus-eng2.xml,,"The Mistaken Critic, or a Discourse on the Word",Lucian of Samosata,Austin Morris Harmon,Harvard University Press,1936,English,49979,data/tlg0062/tlg049,data
tlg0062.tlg049.perseus-grc2.xml,urn:cts:greekLit:tlg0062.tlg049.perseus-grc2,Ψευδολογιστής,Lucian,Austin Morris Harmon,Harvard University Press,1936,Greek,59972,data/tlg0062/tlg049,data
tlg0062.tlg032.perseus-eng2.xml,,The Judgement of the Goddesses,Lucian of Samosata,Austin Morris Harmon,William Heinemann Ltd.,1921,English,22322,data/tlg0062/tlg032,data
tlg0062.tlg032.perseus-grc2.xml,urn:cts:greekLit:tlg0062.tlg032.perseus-grc2,Θεῶν Κρίσις,Lucian,Austin Morris Harmon,William Heinemann Ltd.,1921,Greek,34326,data/tlg0062/tlg032,data
tlg0062.tlg035.perseus-grc2.xml,urn:cts:greekLit:tlg0062.tlg035.perseus-grc2,Μένιππος ἢ Νεκυομαντεία,Lucian,Austin Morris Harmon,William Heinemann Ltd.,1925,Greek,51916,data/tlg0062/tlg035,data
tlg0062.tlg035.perseus-eng2.xml,,"Menippus, or the Descent Into Hades",Lucian of Samosata,Austin Morris Harmon,William Heinemann Ltd.,1925,English,36007,data/tlg0062/tlg035,data
tlg0062.tlg035.perseus-eng4.xml,,Menippus,Lucian,Henry Watson Fowler,Clarendon Press,1905,English,27340,data/tlg0062/tlg035,data
tlg0062.tlg003.perseus-eng2.xml,,Dionysus: an Introduction,Lucian of Samosata,Austin Morris Harmon,William Heinemann Ltd.,1913,Greek,12643,data/tlg0062/tlg003,data
tlg0062.tlg003.perseus-eng4.xml,,"Dionysus, an Introductory Lecture",Lucian,Henry Watson Fowler,Clarendon Press,1905,English,10668,data/tlg0062/tlg003,data
tlg0062.tlg003.perseus-grc2.xml,urn:cts:greekLit:tlg0062.tlg003.perseus-grc2,Προλαλιά. Διόνυσος,Lucian,Austin Morris Harmon,William Heinemann Ltd.,1913,Greek,17987,data/tlg0062/tlg003,data
tlg0062.tlg004.perseus-grc2.xml,urn:cts:greekLit:tlg0062.tlg004.perseus-grc2,Προλαλιά. Ἡρακλῆς,Lucian,Austin Morris Harmon,William Heinemann Ltd.,1913,Greek,14585,data/tlg0062/tlg004,data
tlg0062.tlg004.perseus-eng4.xml,,"Heracles, an Introductory Lecture",Lucian,Henry Watson Fowler,Clarendon Press,1905,English,9024,data/tlg0062/tlg004,data
tlg0062.tlg004.perseus-eng2.xml,,Heracles: an Introduction,Lucian of Samosata,Austin Morris Harmon,William Heinemann Ltd.,1913,Greek,10386,data/tlg0062/tlg004,data
tlg0062.tlg050.perseus-grc2.xml,urn:cts:greekLit:tlg0062.tlg050.perseus-grc2,Θεῶν Ἐκκλησία,Lucian,Austin Morris Harmon,Harvard University Press,1936,Greek,32384,data/tlg0062/tlg050,data
tlg0062.tlg050.perseus-eng2.xml,,The Parliament of the Gods,Lucian of Samosata,Austin Morris Harmon,Harvard University Press,1936,Greek,27074,data/tlg0062/tlg050,data
tlg0062.tlg050.perseus-eng4.xml,,The Gods in Council,Lucian,Henry Watson Fowler,Clarendon Press,1905,English,20084,data/tlg0062/tlg050,data
tlg0062.tlg057.perseus-eng4.xml,,Zeuxis and Antiochus,Lucian,Henry Watson Fowler,Clarendon Press,1905,English,14400,data/tlg0062/tlg057,data
tlg0062.tlg057.perseus-eng3.xml,,Zeuxis or Antiochus,Lucian of Samosata,Kenneth Kilburn,William Heinemann Ltd.,1959,Greek,15877,data/tlg0062/tlg057,data
tlg0062.tlg057.perseus-grc2.xml,urn:cts:greekLit:tlg0062.tlg057.perseus-grc2,Ζεύξις ἢ Ἀντίοχος,Lucian,Karl Jacobitz,Teubner,1909,Greek,24334,data/tlg0062/tlg057,data
tlg0062.tlg057.perseus-grc3.xml,urn:cts:greekLit:tlg0062.tlg057.perseus-grc3,Ζεῦξις ἢ Ἀντίοχος,Lucian of Samosata,Kenneth Kilburn,William Heinemann Ltd.,1959,Greek,24351,data/tlg0062/tlg057,data
tlg0062.tlg068.perseus-eng4.xml,,Dialogues of the Gods,Lucian,Henry Watson Fowler,Clarendon Press,1905,English,68237,data/tlg0062/tlg068,data
tlg0062.tlg068.perseus-eng3.xml,,Dialogues of the Gods,Lucian of Samosata,Matthew Donald Macleod,William Heinemann Ltd.,1961,Greek,90627,data/tlg0062/tlg068,data
tlg0062.tlg068.perseus-grc3.xml,urn:cts:greekLit:tlg0062.tlg068.perseus-grc3,Θεῶν διάλογοι,Lucian of Samosata,Matthew Donald Macleod,William Heinemann Ltd.,1961,Greek,127113,data/tlg0062/tlg068,data
tlg0062.tlg068.perseus-grc2.xml,urn:cts:greekLit:tlg0062.tlg068.perseus-grc2,Θεῶν Διάλογοι,Lucian,Karl Jacobitz,Teubner,1909,Greek,127727,data/tlg0062/tlg068,data
tlg0062.tlg061.perseus-grc2.xml,urn:cts:greekLit:tlg0062.tlg061.perseus-grc2,Διάλογος πρὸς Ἡσίοδον,Lucian,Karl Jacobitz,Teubner,1913,Greek,16214,data/tlg0062/tlg061,data
tlg0062.tlg061.perseus-grc3.xml,urn:cts:greekLit:tlg0062.tlg061.perseus-grc3,Διάλογος πρὸς Ἡσίοδον,Lucian of Samosata,Kenneth Kilburn,William Heinemann Ltd.,1959,Greek,15875,data/tlg0062/tlg061,data
tlg0062.tlg061.perseus-eng4.xml,,A Word with Hesiod,Lucian,Henry Watson Fowler,Clarendon Press,1905,English,9934,data/tlg0062/tlg061,data
tlg0062.tlg061.perseus-eng3.xml,,A conversation with Hesiod,Lucian of Samosata,Kenneth Kilburn,William Heinemann Ltd.,1959,Greek,10870,data/tlg0062/tlg061,data
tlg0062.tlg066.perseus-eng3.xml,,Dialogues of the Dead,Lucian of Samosata,Matthew Donald Macleod,William Heinemann Ltd.,1961,Greek,133044,data/tlg0062/tlg066,data
tlg0062.tlg066.perseus-eng4.xml,,Dialogues of the Dead,Lucian,Henry Watson Fowler,Clarendon Press,1905,English,121423,data/tlg0062/tlg066,data
tlg0062.tlg066.perseus-grc3.xml,urn:cts:greekLit:tlg0062.tlg066.perseus-grc3,Νεκρικοὶ διάλογοι,Lucian of Samosata,Matthew Donald Macleod,William Heinemann Ltd.,1961,Greek,195208,data/tlg0062/tlg066,data
tlg0062.tlg066.perseus-grc2.xml,urn:cts:greekLit:tlg0062.tlg066.perseus-grc2,Νεκρικοὶ Διάλογοι,Lucian,Karl Jacobitz,Teubner,1909,Greek,198837,data/tlg0062/tlg066,data
tlg0062.tlg059.perseus-eng3.xml,,Harmonides,Lucian of Samosata,Kenneth Kilburn,William Heinemann Ltd.,1959,Greek,20795,data/tlg0062/tlg059,data
tlg0062.tlg059.perseus-eng4.xml,,Apology For ‘the Dependent Scholar’,Lucian,Henry Watson Fowler,Clarendon Press,1905,English,18906,data/tlg0062/tlg059,data
tlg0062.tlg059.perseus-grc2.xml,urn:cts:greekLit:tlg0062.tlg059.perseus-grc2,Ἀπολογία,Lucian,Karl Jacobitz,Teubner,1909,Greek,31176,data/tlg0062/tlg059,data
tlg0062.tlg059.perseus-grc3.xml,urn:cts:greekLit:tlg0062.tlg059.perseus-grc3,Ἀπολογία,Lucian of Samosata,Kenneth Kilburn,William Heinemann Ltd.,1959,Greek,31805,data/tlg0062/tlg059,data
tlg0062.tlg005.perseus-grc2.xml,urn:cts:greekLit:tlg0062.tlg005.perseus-grc2,Περὶ τοῦ Ἡλέκτρου ἢ Κύκνων,Lucian,Austin Morris Harmon,William Heinemann Ltd.,1913,Greek,11477,data/tlg0062/tlg005,data
tlg0062.tlg005.perseus-eng4.xml,,Swans and Amber,Lucian,Henry Watson Fowler,Clarendon Press,1905,English,6975,data/tlg0062/tlg005,data
tlg0062.tlg005.perseus-eng2.xml,,"Amber, or the Swan",Lucian of Samosata,Austin Morris Harmon,William Heinemann Ltd.,1913,Greek,8434,data/tlg0062/tlg005,data
tlg0062.tlg002.perseus-eng2.xml,,"Hippias, or the Bath",Lucian of Samosata,Austin Morris Harmon,William Heinemann Ltd.,1913,Greek,11695,data/tlg0062/tlg002,data
tlg0062.tlg002.perseus-grc2.xml,urn:cts:greekLit:tlg0062.tlg002.perseus-grc2,Ἱππίας ἢ Βαλανεῖον,Lucian,Austin Morris Harmon,William Heinemann Ltd.,1913,Greek,17725,data/tlg0062/tlg002,data
tlg0062.tlg034.perseus-grc2.xml,urn:cts:greekLit:tlg0062.tlg034.perseus-grc2,Ἀνάχαρσις ἢ Περὶ Γυμνασίων,Lucian,Austin Morris Harmon,William Heinemann Ltd.,1925,Greek,94656,data/tlg0062/tlg034,data
tlg0062.tlg034.perseus-eng2.xml,,"Anacharsis, or Athletics",Lucian of Samosata,Austin Morris Harmon,William Heinemann Ltd.,1925,English,60851,data/tlg0062/tlg034,data
tlg0062.tlg034.perseus-eng4.xml,,"Anacharsis, a Discussion of Physical Training",Lucian,Henry Watson Fowler,Clarendon Press,1905,English,50138,data/tlg0062/tlg034,data
tlg0062.tlg033.perseus-eng4.xml,,The Dependent Scholar,Lucian,Henry Watson Fowler,Clarendon Press,1905,English,58870,data/tlg0062/tlg033,data
tlg0062.tlg033.perseus-eng2.xml,,On Salaried Posts in Great Houses,Lucian of Samosata,Austin Morris Harmon,William Heinemann Ltd.,1921,English,67888,data/tlg0062/tlg033,data
tlg0062.tlg033.perseus-grc2.xml,urn:cts:greekLit:tlg0062.tlg033.perseus-grc2,Περὶ τῶν ἐν Μισθῷ συνόντων,Lucian,Austin Morris Harmon,William Heinemann Ltd.,1921,Greek,102837,data/tlg0062/tlg033,data
tlg0062.tlg067.perseus-eng3.xml,,Dialogues of the Gods,Lucian of Samosata,Matthew Donald Macleod,William Heinemann Ltd.,1961,Greek,48561,data/tlg0062/tlg067,data
tlg0062.tlg067.perseus-eng4.xml,,Dialogues of the Sea-gods:,Lucian,Henry Watson Fowler,Clarendon Press,1905,English,41836,data/tlg0062/tlg067,data
tlg0062.tlg067.perseus-grc2.xml,urn:cts:greekLit:tlg0062.tlg067.perseus-grc2,Ἐνάλιοι Διάλογοι,Lucian,Karl Jacobitz,Teubner,1909,Greek,71356,data/tlg0062/tlg067,data
tlg0062.tlg067.perseus-grc3.xml,urn:cts:greekLit:tlg0062.tlg067.perseus-grc3,Ἐνάλιοι διάλογοι,Lucian of Samosata,Matthew Donald Macleod,William Heinemann Ltd.,1961,Greek,71318,data/tlg0062/tlg067,data
tlg0062.tlg058.perseus-eng3.xml,,A Slip of the Tongue in Greeting,Lucian of Samosata,Kenneth Kilburn,William Heinemann Ltd.,1959,Greek,17694,data/tlg0062/tlg058,data
tlg0062.tlg058.perseus-eng4.xml,,A Slip of the Tongue in Salutation,Lucian,Henry Watson Fowler,Clarendon Press,1905,English,16298,data/tlg0062/tlg058,data
tlg0062.tlg058.perseus-grc3.xml,urn:cts:greekLit:tlg0062.tlg058.perseus-grc3,Ὑπέρ τοῦ ἐν τῇ προσαγορεύσει πταισμάτως,Lucian of Samosata,Kenneth Kilburn,William Heinemann Ltd.,1959,Greek,26534,data/tlg0062/tlg058,data
tlg0062.tlg058.perseus-grc2.xml,urn:cts:greekLit:tlg0062.tlg058.perseus-grc2,Ὑπὲρ τοῦ ἐν τῇ Προσαγορεύσει Πταίσματος,Lucian,Karl Jacobitz,Teubner,1909,Greek,25916,data/tlg0062/tlg058,data
tlg0062.tlg060.perseus-grc3.xml,urn:cts:greekLit:tlg0062.tlg060.perseus-grc3,Ἀπολογία,Lucian of Samosata,Kenneth Kilburn,William Heinemann Ltd.,1959,Greek,15425,data/tlg0062/tlg060,data
tlg0062.tlg060.perseus-grc2.xml,urn:cts:greekLit:tlg0062.tlg060.perseus-grc2,Ἁρμονίδης,Lucian,Karl Jacobitz,Teubner,1909,Greek,15253,data/tlg0062/tlg060,data
tlg0062.tlg060.perseus-eng4.xml,,Harmonides,Lucian,Henry Watson Fowler,Clarendon Press,1905,English,9104,data/tlg0062/tlg060,data
tlg0062.tlg060.perseus-eng3.xml,,Harmonides,Lucian of Samosata,Kenneth Kilburn,William Heinemann Ltd.,1959,Greek,10504,data/tlg0062/tlg060,data
tlg0062.tlg056.perseus-eng4.xml,,Herodotus and Aetion,Lucian,Henry Watson Fowler,Clarendon Press,1905,English,10142,data/tlg0062/tlg056,data
tlg0062.tlg056.perseus-eng3.xml,,Herodotus or Aëtion,Lucian of Samosata,Kenneth Kilburn,William Heinemann Ltd.,1959,Greek,10815,data/tlg0062/tlg056,data
tlg0062.tlg056.perseus-grc3.xml,urn:cts:greekLit:tlg0062.tlg056.perseus-grc3,Ἡρόδοτος ἢ Ἀετίων,Lucian of Samosata,Kenneth Kilburn,William Heinemann Ltd.,1959,Greek,15893,data/tlg0062/tlg056,data
tlg0062.tlg056.perseus-grc2.xml,urn:cts:greekLit:tlg0062.tlg056.perseus-grc2,Ἡρόδοτος ἢ Ἀετίων,Lucian,Karl Jacobitz,Teubner,1909,Greek,15608,data/tlg0062/tlg056,data
tlg0062.tlg069.perseus-eng4.xml,,Dialogues of the Hetaerae,Lucian,Henry Watson Fowler,Clarendon Press,1905,English,60383,data/tlg0062/tlg069,data
tlg0062.tlg069.perseus-eng3.xml,,Dialogues of the Courtesans,Lucian of Samosata,Matthew Donald Macleod,William Heinemann Ltd.,1961,Greek,88286,data/tlg0062/tlg069,data
tlg0062.tlg069.perseus-grc2.xml,urn:cts:greekLit:tlg0062.tlg069.perseus-grc2,Ἑταιρικοὶ Διάλογοι,Lucian,Karl Jacobitz,Teubner,1913,Greek,128882,data/tlg0062/tlg069,data
tlg0062.tlg069.perseus-grc3.xml,urn:cts:greekLit:tlg0062.tlg069.perseus-grc3,Ἑταιρικοὶ διάλογοι,Lucian of Samosata,Matthew Donald Macleod,William Heinemann Ltd.,1961,Greek,128803,data/tlg0062/tlg069,data
tlg0062.tlg051.perseus-grc2.xml,urn:cts:greekLit:tlg0062.tlg051.perseus-grc2,Τυραννοκτόνος,Lucian,Austin Morris Harmon,Harvard University Press,1936,Greek,47881,data/tlg0062/tlg051,data
tlg0062.tlg051.perseus-eng2.xml,,The Tyrannicide,Lucian of Samosata,Austin Morris Harmon,Harvard University Press,1936,English,29809,data/tlg0062/tlg051,data
tlg0062.tlg051.perseus-eng4.xml,,The Tyrannicide,Lucian,Henry Watson Fowler,Clarendon Press,1905,English,25087,data/tlg0062/tlg051,data
tlg0062.tlg042.perseus-eng4.xml,,The Death of Peregrine,Lucian,Henry Watson Fowler,Clarendon Press,1905,English,40365,data/tlg0062/tlg042,data
tlg0062.tlg042.perseus-eng2.xml,,The Passing of Peregrinus,Lucian of Samosata,Austin Morris Harmon,William Heinemann Ltd.,1936,English,56404,data/tlg0062/tlg042,data
tlg0062.tlg042.perseus-grc2.xml,urn:cts:greekLit:tlg0062.tlg042.perseus-grc2,Περὶ τῆς Περεγρίνου Τελευτῆς,Lucian,Austin Morris Harmon,William Heinemann Ltd.,1936,Greek,69531,data/tlg0062/tlg042,data
tlg0062.tlg045.perseus-grc2.xml,urn:cts:greekLit:tlg0062.tlg045.perseus-grc2,Περὶ Ὀρχήσεως,Lucian,Austin Morris Harmon,William Heinemann Ltd.,1936,Greek,117170,data/tlg0062/tlg045,data
tlg0062.tlg045.perseus-eng2.xml,,The Dance,Lucian of Samosata,Austin Morris Harmon,Trustees of Tufts University,1936,English,94974,data/tlg0062/tlg045,data
tlg0062.tlg045.perseus-eng4.xml,,Of Pantomime,Lucian,Henry Watson Fowler,Clarendon Press,1905,English,62824,data/tlg0062/tlg045,data
tlg0062.tlg011.perseus-grc2.xml,urn:cts:greekLit:tlg0062.tlg011.perseus-grc2,Μακρόβιοι,Lucian,Austin Morris Harmon,William Heinemann Ltd.,1913,Greek,36289,data/tlg0062/tlg011,data
tlg0062.tlg011.perseus-eng2.xml,,Octogenerians,Lucian of Samosata,Austin Morris Harmon,William Heinemann Ltd.,1913,Greek,22688,data/tlg0062/tlg011,data
tlg0062.tlg016.perseus-eng2.xml,,"The Downward Journey, or the Tyrant",Lucian of Samosata,Austin Morris Harmon,William Heinemann Ltd.,1915,English,45979,data/tlg0062/tlg016,data
tlg0062.tlg016.perseus-eng4.xml,,Voyage To the Lower World,Lucian,Henry Watson Fowler,Clarendon Press,1905,English,41254,data/tlg0062/tlg016,data
tlg0062.tlg016.perseus-eng5.xml,,The Ferry,Lucian of Samosata,Emily James Smith,Harper and Brothers,1892,English,40239,data/tlg0062/tlg016,data
tlg0062.tlg016.perseus-grc2.xml,urn:cts:greekLit:tlg0062.tlg016.perseus-grc2,Κατάπλους ἢ Τύραννος,Lucian,Austin Morris Harmon,William Heinemann Ltd.,1915,Greek,70196,data/tlg0062/tlg016,data
tlg0062.tlg029.perseus-eng2.xml,,The Dream or Lucian’s Career,Lucian of Samosata,Austin Morris Harmon,William Heinemann Ltd.,1921,English,21389,data/tlg0062/tlg029,data
tlg0062.tlg029.perseus-eng5.xml,,The Dream,Lucian of Samosata,Emily James Smith,Harper and Brothers,1892,English,18110,data/tlg0062/tlg029,data
tlg0062.tlg029.perseus-eng4.xml,,A Chapter of Autobiography,Lucian,Henry Watson Fowler,Clarendon Press,1905,English,16794,data/tlg0062/tlg029,data
tlg0062.tlg029.perseus-grc2.xml,urn:cts:greekLit:tlg0062.tlg029.perseus-grc2,Περὶ τοῦ Ἐνυπνίου ἤτοι Βίος Λουκιανοῦ,Lucian,Austin Morris Harmon,William Heinemann Ltd.,1921,Greek,30097,data/tlg0062/tlg029,data
tlg0062.tlg020.perseus-grc2.xml,urn:cts:greekLit:tlg0062.tlg020.perseus-grc2,Προμηθεύς,Lucian,Austin Morris Harmon,William Heinemann Ltd.,1915,Greek,45871,data/tlg0062/tlg020,data
tlg0062.tlg020.perseus-eng2.xml,,Prometheus,Lucian of Samosata,Austin Morris Harmon,William Heinemann Ltd.,1915,English,24987,data/tlg0062/tlg020,data
tlg0062.tlg020.perseus-eng4.xml,,Prometheus on Caucasus,Lucian,Henry Watson Fowler,Clarendon Press,1905,English,22362,data/tlg0062/tlg020,data
tlg0062.tlg027.perseus-eng4.xml,,Of Sacrifice,Lucian,Henry Watson Fowler,Clarendon Press,1905,English,16528,data/tlg0062/tlg027,data
tlg0062.tlg027.perseus-eng2.xml,,On Sacrifices,Lucian of Samosata,Austin Morris Harmon,William Heinemann Ltd.,1921,English,19297,data/tlg0062/tlg027,data
tlg0062.tlg027.perseus-grc2.xml,urn:cts:greekLit:tlg0062.tlg027.perseus-grc2,Περὶ Θυσιῶν,Lucian,Austin Morris Harmon,William Heinemann Ltd.,1921,Greek,30621,data/tlg0062/tlg027,data
tlg0062.tlg018.perseus-eng4.xml,,Zeus Tragoedus,Lucian,Henry Watson Fowler,Clarendon Press,1905,English,60842,data/tlg0062/tlg018,data
tlg0062.tlg018.perseus-eng5.xml,,Zeus the Tragedian,Lucian of Samosata,Emily James Smith,Harper and Brothers,1892,English,66938,data/tlg0062/tlg018,data
tlg0062.tlg018.perseus-eng2.xml,,Zeus Rants,Lucian of Samosata,Austin Morris Harmon,William Heinemann Ltd.,1915,Greek,70940,data/tlg0062/tlg018,data
tlg0062.tlg018.perseus-grc2.xml,urn:cts:greekLit:tlg0062.tlg018.perseus-grc2,Ζεὺς Τραγῳδός,Lucian,Austin Morris Harmon,William Heinemann Ltd.,1915,Greek,106960,data/tlg0062/tlg018,data
tlg0062.tlg044.perseus-grc2.xml,urn:cts:greekLit:tlg0062.tlg044.perseus-grc2,Τόξαρις ἢ Φιλία,Lucian,Austin Morris Harmon,William Heinemann Ltd.,1936,Greek,152375,data/tlg0062/tlg044,data
tlg0062.tlg044.perseus-eng2.xml,,"Toxaris, or Friendship",Lucian of Samosata,Austin Morris Harmon,William Heinemann Ltd.,1936,English,100948,data/tlg0062/tlg044,data
tlg0062.tlg044.perseus-eng5.xml,,"Toxaris; Or, Friendship",Lucian of Samosata,Emily James Smith,Harper and Brothers,1892,English,74432,data/tlg0062/tlg044,data
tlg0062.tlg044.perseus-eng4.xml,,Toxaris: a Dialogue of Friendship,Lucian,Henry Watson Fowler,Clarendon Press,1905,English,81394,data/tlg0062/tlg044,data
tlg0062.tlg043.perseus-eng4.xml,,The Runaways,Lucian,Henry Watson Fowler,Clarendon Press,1905,English,30035,data/tlg0062/tlg043,data
tlg0062.tlg043.perseus-eng2.xml,,The Runaways,Lucian of Samosata,Austin Morris Harmon,William Heinemann Ltd.,1936,English,42182,data/tlg0062/tlg043,data
tlg0062.tlg043.perseus-grc2.xml,urn:cts:greekLit:tlg0062.tlg043.perseus-grc2,Δραπέται,Lucian,Austin Morris Harmon,William Heinemann Ltd.,1936,Greek,57540,data/tlg0062/tlg043,data
tlg0062.tlg026.perseus-eng4.xml,,The Double Indictment,Lucian,Henry Watson Fowler,Clarendon Press,1905,English,53434,data/tlg0062/tlg026,data
tlg0062.tlg026.perseus-eng2.xml,,The Double Indictment,Lucian of Samosata,Austin Morris Harmon,William Heinemann Ltd.,1921,English,63484,data/tlg0062/tlg026,data
tlg0062.tlg026.perseus-grc2.xml,urn:cts:greekLit:tlg0062.tlg026.perseus-grc2,Δὶς κατηγορούμενος,Lucian,Austin Morris Harmon,William Heinemann Ltd.,1921,Greek,89263,data/tlg0062/tlg026,data
tlg0062.tlg019.perseus-eng5.xml,,The Cock,Lucian of Samosata,Emily James Smith,Harper and Brothers,1892,Greek,52060,data/tlg0062/tlg019,data
tlg0062.tlg019.perseus-eng4.xml,,The Cock,Lucian,Henry Watson Fowler,Clarendon Press,1905,English,50849,data/tlg0062/tlg019,data
tlg0062.tlg019.perseus-eng2.xml,,"The Dream, or the Cock",Lucian of Samosata,Austin Morris Harmon,William Heinemann Ltd.,1915,Greek,58601,data/tlg0062/tlg019,data
tlg0062.tlg019.perseus-grc2.xml,urn:cts:greekLit:tlg0062.tlg019.perseus-grc2,Ὄνειρος ἢ Ἀλεκτρυών,Lucian,Austin Morris Harmon,William Heinemann Ltd.,1915,Greek,90429,data/tlg0062/tlg019,data
tlg0062.tlg021.perseus-grc2.xml,urn:cts:greekLit:tlg0062.tlg021.perseus-grc2,Ἰκαρομένιππος ἢ Ὑπερνέφελος,Lucian,Austin Morris Harmon,William Heinemann Ltd.,1915,Greek,82730,data/tlg0062/tlg021,data
tlg0062.tlg021.perseus-eng2.xml,,"Icaromenippus, or the Sky-man",Lucian of Samosata,Austin Morris Harmon,William Heinemann Ltd.,1915,English,53097,data/tlg0062/tlg021,data
tlg0062.tlg021.perseus-eng4.xml,,"Icaromenippus, an Aerial Expedition",Lucian,Henry Watson Fowler,Clarendon Press,1905,English,43395,data/tlg0062/tlg021,data
tlg0062.tlg017.perseus-eng2.xml,,Zeus Catechized,Lucian of Samosata,Austin Morris Harmon,William Heinemann Ltd.,1915,Greek,26371,data/tlg0062/tlg017,data
tlg0062.tlg017.perseus-eng4.xml,,Zeus Cross-examined,Lucian,Henry Watson Fowler,Clarendon Press,1905,English,22600,data/tlg0062/tlg017,data
tlg0062.tlg017.perseus-grc2.xml,urn:cts:greekLit:tlg0062.tlg017.perseus-grc2,Ζεὺς ἐλεγχόμενος,Lucian,Austin Morris Harmon,William Heinemann Ltd.,1915,Greek,39291,data/tlg0062/tlg017,data
tlg0062.tlg028.perseus-eng2.xml,,The Ignorant Book Collector,Lucian of Samosata,Austin Morris Harmon,William Heinemann Ltd.,1921,English,39816,data/tlg0062/tlg028,data
tlg0062.tlg028.perseus-eng4.xml,,Remarks Addressed To an Illiterate Book-fancier,Lucian,Henry Watson Fowler,Clarendon Press,1905,English,32601,data/tlg0062/tlg028,data
tlg0062.tlg028.perseus-grc2.xml,urn:cts:greekLit:tlg0062.tlg028.perseus-grc2,Πρὸς τὸν ἀπαίδευτον καὶ πολλὰ βιβλία ὠνούμενον,Lucian,Austin Morris Harmon,William Heinemann Ltd.,1921,Greek,57156,data/tlg0062/tlg028,data
tlg0062.tlg010.perseus-grc2.xml,urn:cts:greekLit:tlg0062.tlg010.perseus-grc2,Πατρίδος Ἐγκώμιον,Lucian,Austin Morris Harmon,William Heinemann Ltd.,1913,Greek,16293,data/tlg0062/tlg010,data
tlg0062.tlg010.perseus-eng4.xml,,Patriotism,Lucian,Henry Watson Fowler,Clarendon Press,1905,English,10681,data/tlg0062/tlg010,data
tlg0062.tlg010.perseus-eng2.xml,,My Native Land,Lucian of Samosata,Austin Morris Harmon,William Heinemann Ltd.,1913,Greek,12062,data/tlg0062/tlg010,data
tlg0634.tlg001.1st1K-grc1.xml,urn:cts:greekLit:tlg0634.tlg001.1st1K-grc1,Fragmenta,Xenocrates of Chalcedon,Friedrich Wilhelm August Mullach,Firmin-Didot,1881,Greek,72680,data/tlg0634/tlg001,data
tlg0096.tlg002.1st1K-grc1.xml,urn:cts:greekLit:tlg0096.tlg002.1st1K-grc1,Αισώπειων μύθων συναγωγή,Aesop,Karl Halm,Leipzig,1872,Greek,577664,data/tlg0096/tlg002,data
tlg0096.tlg002.opp-grc3.xml,urn:cts:greekLit:tlg0096.tlg002.opp-grc3,Fabulae,Aesop,Émile Chambry,"Société d'Édition ""Les Belles Lettres""",1925,Greek,474675,data/tlg0096/tlg002,data
tlg4031.tlg002.1st1K-grc1.xml,urn:cts:greekLit:tlg4031.tlg002.1st1K-grc1,In Aristotelis Ethica Nicomachea I Commentaria,Eustratius,Gustav Heylbut,Reimer,1892,Greek,3433053,data/tlg4031/tlg002,data
tlg0657.tlg001.1st1K-grc1.xml,urn:cts:greekLit:tlg0657.tlg001.1st1K-grc1,Fragmenta,Crateuas,Max Wellmann,Weidmann,1914,Greek,17513,data/tlg0657/tlg001,data
tlg0233.tlg001.1st1K-grc1.xml,urn:cts:greekLit:tlg0233.tlg001.1st1K-grc1,Fragmentum (128),Hipponax,Paul Brandt,Teubner,1888,Greek,11060,data/tlg0233/tlg001,data
tlg0001.tlg001.perseus-grc2.xml,urn:cts:greekLit:tlg0001.tlg001.perseus-grc2,Argonautica,Apollonius Rhodius,George W. Mooney,"Longmans, Green",1912,Greek,1041831,data/tlg0001/tlg001,data
tlg1118.tlg003.1st1K-grc1.xml,urn:cts:greekLit:tlg1118.tlg003.1st1K-grc1,De lapidibus,Pseudo-Dioscorides,Fernand de Mély,Ernest Leroux,1898,Greek,26036,data/tlg1118/tlg003,data
tlg0006.tlg009.perseus-grc2.xml,urn:cts:greekLit:tlg0006.tlg009.perseus-grc2,Ἡρακλῆς,Euripides,Gilbert Murray,Clarendon Press,1913,Greek,234257,data/tlg0006/tlg009,data
tlg0006.tlg009.perseus-eng2.xml,,Heracles,Euripides,Edward P. Coleridge,George Bell and Sons,1891,English,146380,data/tlg0006/tlg009,data
tlg0006.tlg007.perseus-grc2.xml,urn:cts:greekLit:tlg0006.tlg007.perseus-grc2,Ἑκάβη,Euripides,Gilbert Murray,Clarendon Press,1902,Greek,204118,data/tlg0006/tlg007,data
tlg0006.tlg007.perseus-eng2.xml,,Hecuba,Euripides,Edward P. Coleridge,George Bell and Sons,1891,English,130532,data/tlg0006/tlg007,data
tlg0006.tlg001.perseus-eng2.xml,,The Cyclops,Euripides,Edward P. Coleridge,George Bell and Sons,1891,English,92995,data/tlg0006/tlg001,data
tlg0006.tlg001.perseus-grc2.xml,urn:cts:greekLit:tlg0006.tlg001.perseus-grc2,Κύκλωψ,Euripides,Gilbert Murray,Clarendon Press,1902,Greek,165828,data/tlg0006/tlg001,data
tlg0006.tlg006.perseus-grc2.xml,urn:cts:greekLit:tlg0006.tlg006.perseus-grc2,Ἀνδρομάχη,Euripides,Gilbert Murray,Clarendon Press,1902,Greek,207251,data/tlg0006/tlg006,data
tlg0006.tlg006.perseus-eng2.xml,,Andromache,Euripides,Edward P. Coleridge,George Bell and Sons,1891,English,137019,data/tlg0006/tlg006,data
tlg0006.tlg008.perseus-grc2.xml,urn:cts:greekLit:tlg0006.tlg008.perseus-grc2,Ἱκέτιδες,Euripides,Gilbert Murray,Clarendon Press,1913,Greek,201872,data/tlg0006/tlg008,data
tlg0006.tlg008.perseus-eng2.xml,,The Suppliants,Euripides,E. P. Coleridge,George Bell and Sons,1906,English,137705,data/tlg0006/tlg008,data
tlg0006.tlg015.perseus-eng2.xml,,The Phoenician Maidens,Euripides,Edward P. Coleridge,George Bell and Sons,1891,English,182146,data/tlg0006/tlg015,data
tlg0006.tlg015.perseus-grc2.xml,urn:cts:greekLit:tlg0006.tlg015.perseus-grc2,Φοίνισσαι,Euripides,Gilbert Murray,Clarendon Press,1913,Greek,288868,data/tlg0006/tlg015,data
tlg0006.tlg012.perseus-grc2.xml,urn:cts:greekLit:tlg0006.tlg012.perseus-grc2,Ἠλέκτρα,Euripides,Gilbert Murray,Clarendon Press,1913,Greek,223860,data/tlg0006/tlg012,data
tlg0006.tlg012.perseus-eng2.xml,,Electra,Euripides,Edward P. Coleridge,George Bell and Sons,1891,English,144160,data/tlg0006/tlg012,data
tlg0006.tlg013.perseus-grc2.xml,urn:cts:greekLit:tlg0006.tlg013.perseus-grc2,Ἰφιγένεια ἐν Ταύροις,Euripides,Gilbert Murray,Clarendon Press,1913,Greek,243128,data/tlg0006/tlg013,data
tlg0006.tlg013.perseus-eng2.xml,,Iphigenia Among the Tauri,Euripides,Edward P. Coleridge,George Bell and Sons,1891,English,160882,data/tlg0006/tlg013,data
tlg0006.tlg014.perseus-eng2.xml,,Helen,Euripides,Edward P. Coleridge,George Bell and Sons,1906,English,186398,data/tlg0006/tlg014,data
tlg0006.tlg014.perseus-grc2.xml,urn:cts:greekLit:tlg0006.tlg014.perseus-grc2,Ἑλένη,Euripides,Gilbert Murray,Clarendon Press,1913,Greek,280990,data/tlg0006/tlg014,data
tlg0006.tlg003.perseus-grc2.xml,urn:cts:greekLit:tlg0006.tlg003.perseus-grc2,Μήδεια,Euripides,Gilbert Murray,Clarendon Press,1902,Greek,230815,data/tlg0006/tlg003,data
tlg0006.tlg003.perseus-eng2.xml,,Medea,Euripides,Edward P. Coleridge,George Bell and Sons,1906,English,144568,data/tlg0006/tlg003,data
tlg0006.tlg004.perseus-eng2.xml,,Heracleidae,Euripides,Edward P. Coleridge,George Bell and Sons,1906,English,112445,data/tlg0006/tlg004,data
tlg0006.tlg004.perseus-grc2.xml,urn:cts:greekLit:tlg0006.tlg004.perseus-grc2,Ἡρακλεῖδαι,Euripides,Gilbert Murray,Clarendon Press,1902,Greek,173988,data/tlg0006/tlg004,data
tlg0006.tlg005.perseus-eng2.xml,,Hippolytus,Euripides,Edward P. Coleridge,George Bell and Sons,1906,English,154516,data/tlg0006/tlg005,data
tlg0006.tlg005.perseus-grc2.xml,urn:cts:greekLit:tlg0006.tlg005.perseus-grc2,Ἱππόλυτος,Euripides,Gilbert Murray,Clarendon Press,1902,Greek,236530,data/tlg0006/tlg005,data
tlg0006.tlg002.perseus-grc2.xml,urn:cts:greekLit:tlg0006.tlg002.perseus-grc2,Ἄλκηστις,Euripides,Gilbert Murray,Clarendon Press,1902,Greek,200876,data/tlg0006/tlg002,data
tlg0006.tlg002.perseus-eng2.xml,,Alcestis,Euripides,Edward P. Coleridge,George Bell and Sons,1906,English,129566,data/tlg0006/tlg002,data
tlg0006.tlg011.perseus-eng2.xml,,The Trojan Women,Euripides,Edward P. Coleridge,George Bell and Sons,1906,English,133248,data/tlg0006/tlg011,data
tlg0006.tlg011.perseus-grc2.xml,urn:cts:greekLit:tlg0006.tlg011.perseus-grc2,Τρῳάδες,Euripides,Gilbert Murray,Clarendon Press,1913,Greek,209613,data/tlg0006/tlg011,data
tlg0006.tlg016.perseus-grc2.xml,urn:cts:greekLit:tlg0006.tlg016.perseus-grc2,Ὀρέστης,Euripides,Gilbert Murray,Clarendon Press,1913,Greek,291100,data/tlg0006/tlg016,data
tlg0006.tlg016.perseus-eng2.xml,,Orestes,Euripides,Edward P. Coleridge,George Bell and Sons,1891,English,196802,data/tlg0006/tlg016,data
tlg0006.tlg020.1st1K-grc1.xml,urn:cts:greekLit:tlg0006.tlg020.1st1K-grc1,Fragmenta,Euripides,August Nauck,Teubner,1889,Greek,376530,data/tlg0006/tlg020,data
tlg0006.tlg018.perseus-grc2.xml,urn:cts:greekLit:tlg0006.tlg018.perseus-grc2,Ἰφιγένεια ἐν Αὐλίδι,Euripides,Gilbert Murray,Clarendon Press,1913,Greek,270836,data/tlg0006/tlg018,data
tlg0006.tlg018.perseus-eng2.xml,,Iphigenia in Aulis,Euripides,Edward P. Coleridge,George Bell and Sons,1891,English,206918,data/tlg0006/tlg018,data
tlg0006.tlg019.perseus-grc2.xml,urn:cts:greekLit:tlg0006.tlg019.perseus-grc2,Ῥῆσος,Euripides,Gilbert Murray,Clarendon Press,1913,Greek,160638,data/tlg0006/tlg019,data
tlg0006.tlg019.perseus-eng3.xml,,Rhesus,Euripides,Edward P. Coleridge,George Bell and Sons,1906,English,104020,data/tlg0006/tlg019,data
tlg0006.tlg019.perseus-eng4.xml,,Rhesus,Euripides,Gilbert Murray,"George Allen and Company, Ltd.",1913,English,189558,data/tlg0006/tlg019,data
tlg0006.tlg017.perseus-grc2.xml,urn:cts:greekLit:tlg0006.tlg017.perseus-grc2,Βάκχαι,Euripides,Gilbert Murray,Clarendon Press,1913,Greek,224696,data/tlg0006/tlg017,data
tlg0006.tlg017.perseus-eng2.xml,,Bacchae,Euripides,T. A. Buckley,Henry G. Bohn,1850,English,142156,data/tlg0006/tlg017,data
tlg0006.tlg010.perseus-eng2.xml,,Ion,Euripides,Edward P. Coleridge,George Bell and Sons,1906,English,188914,data/tlg0006/tlg010,data
tlg0006.tlg010.perseus-grc2.xml,urn:cts:greekLit:tlg0006.tlg010.perseus-grc2,Ἴων,Euripides,Gilbert Murray,Clarendon Press,1913,Greek,275829,data/tlg0006/tlg010,data
tlg4036.tlg001.opp-grc1.xml,urn:cts:greekLit:tlg4036.tlg001.opp-grc1,In Platonis Rem Publicam Commentarii,Proclus Diadochus,Wilhelm Kroll,Teubner,1899-1901,Greek,2412915,data/tlg4036/tlg001,data
tlg4036.tlg023.cypria-grc1.xml,urn:cts:greekLit:tlg4036.tlg023.cypria-grc1,Chrestomathy,Proclus,Brian Clark,,,Greek,23346,data/tlg4036/tlg023,data
tlg2138.tlg001.1st1K-grc1.xml,urn:cts:greekLit:tlg2138.tlg001.1st1K-grc1,Ex Orestis Stasimo I,Canticum Euripidis,Karl von Jan,Teubner,1895,Greek,4817,data/tlg2138/tlg001,data
tlg0039.tlg001.1st1K-grc1.xml,urn:cts:greekLit:tlg0039.tlg001.1st1K-grc1,Epistula,Mithridatis Epistula,Rudolf Hercher,A. F. Didot,1873,Greek,10736,data/tlg0039/tlg001,data
tlg1749.tlg001.1st1K-grc1.xml,urn:cts:greekLit:tlg1749.tlg001.1st1K-grc1,Vitae Hesiodi Particula,Anonymous,Thomas W. Allen,Clarendon Press,1912,Greek,9830,data/tlg1749/tlg001,data
tlg0666.tlg001.1st1K-grc1.xml,urn:cts:greekLit:tlg0666.tlg001.1st1K-grc1,Declamatio,Adrianus,Hugo Hinck,Teubner,1873,Greek,7124,data/tlg0666/tlg001,data
https-:scaife.perseus.org:library:urn-cts-greekLit-tlg0007.tlg136.perseus-grc2-1-47:cts-api-xml.xml,urn:cts:greekLit:tlg0007.tlg136.perseus-grc2,,,,,,Greek,176770,data/jd_upload,data
tlg0030.tlg001.perseus-eng2.xml,,In Defence of Lycophron,Hyperides,J. O. Burtt,"William Heinemann, Ltd.",1954,English,23899,data/tlg0030/tlg001,data
tlg0030.tlg001.perseus-grc2.xml,urn:cts:greekLit:tlg0030.tlg001.perseus-grc2,Ἀπολογία ὑπὲρ Λυκόφρονος,Hyperides,J. O. Burtt,"William Heinemann, Ltd.",1954,Greek,44408,data/tlg0030/tlg001,data
tlg0030.tlg006.perseus-grc2.xml,urn:cts:greekLit:tlg0030.tlg006.perseus-grc2,Ἐπιτάφιος,Hyperides,J. O. Burtt,"William Heinemann, Ltd.",1954,Greek,55412,data/tlg0030/tlg006,data
tlg0030.tlg006.perseus-eng2.xml,,Funeral Speech,Hyperides,J. O. Burtt,"William Heinemann, Ltd.",1954,English,28229,data/tlg0030/tlg006,data
tlg0030.tlg003.perseus-grc2.xml,urn:cts:greekLit:tlg0030.tlg003.perseus-grc2,Κατ᾽ Ἀθηνογένους,Hyperides,J. O. Burtt,"William Heinemann, Ltd.",1954,Greek,68564,data/tlg0030/tlg003,data
tlg0030.tlg003.perseus-eng2.xml,,Against Athenogenes,Hyperides,J. O. Burtt,"William Heinemann, Ltd.",1954,English,35935,data/tlg0030/tlg003,data
tlg0030.tlg004.perseus-eng2.xml,,In Defence of Euxenippus,Hyperides,J. O. Burtt,"William Heinemann, Ltd.",1954,English,37115,data/tlg0030/tlg004,data
tlg0030.tlg004.perseus-grc2.xml,urn:cts:greekLit:tlg0030.tlg004.perseus-grc2,Ὑπὲρ Εὐξενίππου ἐισαγγελίας ἀπολογία πρὸς Πολύευκτον,Hyperides,J. O. Burtt,"William Heinemann, Ltd.",1954,Greek,53142,data/tlg0030/tlg004,data
tlg0030.tlg005.perseus-eng2.xml,,Against Demosthenes,Hyperides,J. O. Burtt,"William Heinemann, Ltd.",1954,English,32899,data/tlg0030/tlg005,data
tlg0030.tlg005.perseus-grc2.xml,urn:cts:greekLit:tlg0030.tlg005.perseus-grc2,Κατὰ Δημοσθένους ὑπὲρ τῶν Ἁρπαλείων,Hyperides,J. O. Burtt,"William Heinemann, Ltd.",1954,Greek,60662,data/tlg0030/tlg005,data
tlg0030.tlg002.perseus-grc2.xml,urn:cts:greekLit:tlg0030.tlg002.perseus-grc2,Κατὰ Φιλιππίδου,Hyperides,J. O. Burtt,"William Heinemann, Ltd.",1954,Greek,28543,data/tlg0030/tlg002,data
tlg0030.tlg002.perseus-eng2.xml,,Against Philippides,Hyperides,J. O. Burtt,"William Heinemann, Ltd.",1954,English,19803,data/tlg0030/tlg002,data
tlg1129.tlg001.1st1K-grc1.xml,urn:cts:greekLit:tlg1129.tlg001.1st1K-grc1,De barbarismo et soloecismo,Anonymi de Barbarismo et Soloecismo,Ludwig Caspar Valckenaer,Ioannis Augustus Gottlieb Weigel,1822,Greek,23984,data/tlg1129/tlg001,data
tlg0037.tlg001.1st1K-grc1.xml,urn:cts:greekLit:tlg0037.tlg001.1st1K-grc1,Epistulae,Anacharsis,Rudolf Hercher,A. F. Didot,1873,Greek,24810,data/tlg0037/tlg001,data
tlg2136.tlg001.1st1K-grc1.xml,urn:cts:greekLit:tlg2136.tlg001.1st1K-grc1,Isagoge,Bacchius Geron,Karl von Jan,Teubner,1895,Greek,69677,data/tlg2136/tlg001,data
tlg0008.tlg001.perseus-grc3.xml,urn:cts:greekLit:tlg0008.tlg001.perseus-grc3,Δειπνοσοφισταί,Athenaeus,Georg Kaibel,Teubner,1887-1892,Greek,4913409,data/tlg0008/tlg001,data
tlg0008.tlg001.perseus-grc4.xml,urn:cts:greekLit:tlg0008.tlg001.perseus-grc4,Δειπνοσοφισταί,Athenaeus,Charles Burton Gulick,William Heinemann Ltd.,1927-1941,Greek,6360702,data/tlg0008/tlg001,data
tlg0008.tlg001.perseus-eng2.xml,,The Deipnosophists,Athenaeus,Charles Duke Yonge,Henry G. Bohn,1854,English,4063462,data/tlg0008/tlg001,data
tlg0097.tlg001.1st1K-grc1.xml,urn:cts:greekLit:tlg0097.tlg001.1st1K-grc1,Παροιμίαι δημώδεις ἐκ τῆς Διογενιανοῦ συναγωγῆς (e cod. Mazarinco),Diogenianus of Heraclea,Ernst von Leutsch,Vandenhoeck and Ruprecht,1839,Latin,265286,data/tlg0097/tlg001,data
tlg1383.tlg001.1st1K-grc1.xml,urn:cts:greekLit:tlg1383.tlg001.1st1K-grc1,Elementa astronomia,Geminus,Charles Manitius,B.G. Teubneri,1898,Greek,332080,data/tlg1383/tlg001,data
tlg2959.tlg007.opp-grc1.xml,urn:cts:greekLit:tlg2959.tlg007.opp-grc1,Fragmenta In Job (In Catenis),Methodius,D.G. Nathanael Bonwetsch,J. C. Hinrichs'Sche Buchhandlung,1917,Greek,39523,data/tlg2959/tlg007,data
tlg2959.tlg001.opp-grc1.xml,urn:cts:greekLit:tlg2959.tlg001.opp-grc1,Symposium Sive Convivium Decem Virginum,Methodius,D.G. Nathanael Bonwetsch,J. C. Hinrichs'Sche Buchhandlung,1917,Greek,624142,data/tlg2959/tlg001,data
tlg2959.tlg006.opp-grc1.xml,urn:cts:greekLit:tlg2959.tlg006.opp-grc1,Adversus Porphyrium (Fragmenta),Methodius,D.G. Nathanael Bonwetsch,J. C. Hinrichs'Sche Buchhandlung,1917,Greek,26389,data/tlg2959/tlg006,data
tlg2959.tlg008.opp-grc1.xml,urn:cts:greekLit:tlg2959.tlg008.opp-grc1,De Martyribus (Fragmenta),Methodius,D.G. Nathanael Bonwetsch,J. C. Hinrichs'Sche Buchhandlung,1917,Greek,4649,data/tlg2959/tlg008,data
tlg2959.tlg012.opp-ger1.xml,urn:cts:greekLit:tlg2959.tlg012.opp-ger1,Sermo De Simeone Et Anna [Sp.],Methodius,D.G. Nathanael Bonwetsch,J. C. Hinrichs'Sche Buchhandlung,1917,Greek,40066,data/tlg2959/tlg012,data
tlg2959.tlg003.opp-ger1.xml,urn:cts:greekLit:tlg2959.tlg003.opp-ger1,De Resurrectione,Methodius,D.G. Nathanael Bonwetsch,J. C. Hinrichs'Sche Buchhandlung,1917,Greek,844710,data/tlg2959/tlg003,data
tlg2959.tlg004.opp-ger1.xml,urn:cts:greekLit:tlg2959.tlg004.opp-ger1,De lepra ad Sistelium,Methodius,D.G. Nathanael Bonwetsch,J. C. Hinrichs'Sche Buchhandlung,1917,Greek,90493,data/tlg2959/tlg004,data
tlg2959.tlg005.opp-grc1.xml,urn:cts:greekLit:tlg2959.tlg005.opp-grc1,"De Creatis (Fragmenta Ap. Photium, Bibl. Cod. 235)",Methodius,D.G. Nathanael Bonwetsch,J. C. Hinrichs'Sche Buchhandlung,1917,Greek,34727,data/tlg2959/tlg005,data
tlg2959.tlg002.opp-grc1.xml,urn:cts:greekLit:tlg2959.tlg002.opp-grc1,De Libero Arbitrio,Methodius,D.G. Nathanael Bonwetsch,J. C. Hinrichs'Sche Buchhandlung,1917,Greek,250375,data/tlg2959/tlg002,data
tlg2959.tlg002.opp-ger1.xml,urn:cts:greekLit:tlg2959.tlg002.opp-ger1,De libero arbitrio,Methodius,D.G. Nathanael Bonwetsch,J. C. Hinrichs'Sche Buchhandlung,1917,Greek,28202,data/tlg2959/tlg002,data
tlg2959.tlg011.opp-ger1.xml,urn:cts:greekLit:tlg2959.tlg011.opp-ger1,In Genesim (In Catenis),Methodius,D.G. Nathanael Bonwetsch,J. C. Hinrichs'Sche Buchhandlung,1917,deu,65552,data/tlg2959/tlg011,data
tlg2959.tlg010.opp-grc1.xml,urn:cts:greekLit:tlg2959.tlg010.opp-grc1,Fragmenta Incerta [Sp.],Methodius,D.G. Nathanael Bonwetsch,J. C. Hinrichs'Sche Buchhandlung,1917,Greek,7874,data/tlg2959/tlg010,data
tlg0632.tlg002.1st1K-grc1.xml,urn:cts:greekLit:tlg0632.tlg002.1st1K-grc1,Epistulae,Pythagoras,Rudolf Hercher,A. F. Didot,1873,Greek,9271,data/tlg0632/tlg002,data
tlg0064.tlg001.1st1K-grc1.xml,urn:cts:greekLit:tlg0064.tlg001.1st1K-grc1,Periplus Hannonis,Hanno,Carolus Müllerus,Ambroise-Firmin Didot,1855,Greek,16810,data/tlg0064/tlg001,data
tlg2733.tlg001.1st1K-grc1.xml,urn:cts:greekLit:tlg2733.tlg001.1st1K-grc1,Historia Ecclesiastica,"Evagrius, Scholasticus",Joseph Bidez,Methuen,1898,Greek,921476,data/tlg2733/tlg001,data
tlg0090.tlg001.opp-grc6.xml,urn:cts:greekLit:tlg0090.tlg001.opp-grc6,Geographiae Informatio,Agathemerus,Aubrey Diller,Duke University Libraries,1975,English,40082,data/tlg0090/tlg001,data
tlg0090.tlg001.opp-grc7.xml,urn:cts:greekLit:tlg0090.tlg001.opp-grc7,Geographiae Informatio,Agathemerus,Samuel Friedrich Wilhelm Hoffmann,Sumptibus C.L. Fritzschii,1842,Greek,42054,data/tlg0090/tlg001,data
tlg0090.tlg001.opp-grc3.xml,urn:cts:greekLit:tlg0090.tlg001.opp-grc3,Geographiae Informatio,Agathemerus,John Hudson,Oxoniae,1703,Latin,41254,data/tlg0090/tlg001,data
tlg0090.tlg001.opp-lat9.xml,,Geographiae Informatio,Agathemerus,Samuel Friedrich Wilhelm Hoffmann,Sumptibus C.L. Fritzschii,1842,Latin,30628,data/tlg0090/tlg001,data
tlg0090.tlg001.opp-grc10.xml,urn:cts:greekLit:tlg0090.tlg001.opp-grc10,Geographiae Informatio,Agathemerus,Jacobus Gronovius,Ludguni Batavorum,1697,Latin,41680,data/tlg0090/tlg001,data
tlg0090.tlg001.opp-grc1.xml,urn:cts:greekLit:tlg0090.tlg001.opp-grc1,Geographiae Informatio,Agathemerus,,Ambroise-Firmin Didot,1861,Latin,40274,data/tlg0090/tlg001,data
tlg0090.tlg001.opp-lat10.xml,,Geographiae Informatio,Agathemerus,John Hudson,Oxoniae,1703,Latin,30437,data/tlg0090/tlg001,data
tlg0090.tlg001.opp-lat4.xml,,Geographiae Informatio,Agathemerus,Samuel Tennulius,Apud Joannem Ravesteinium,1671,Latin,37715,data/tlg0090/tlg001,data
tlg0090.tlg001.opp-eng1.xml,,Geographiae Informatio,Agathemerus,Aubrey Diller,Duke University Libraries,1975,English,28304,data/tlg0090/tlg001,data
tlg0090.tlg001.opp-grc9.xml,urn:cts:greekLit:tlg0090.tlg001.opp-grc9,Geographiae Informatio,Agathemerus,Samuel Tennulius,Apud Joannem Ravesteinium,1671,Latin,45023,data/tlg0090/tlg001,data
tlg0090.tlg001.opp-lat1.xml,,Geographiae Informatio,Agathemerus,,Ambroise-Firmin Didot,1861,Latin,27373,data/tlg0090/tlg001,data
tlg0099.tlg001.perseus-eng3.xml,,Geography (Books 6-14),Strabo,Horace Leonard Jones,William Heinemann Ltd.,1924-1929,English,1731920,data/tlg0099/tlg001,data
tlg0099.tlg001.perseus-eng4.xml,,Geography,Strabo,Hans Claude Hamilton,Henry G. Bohn,1854-1857,English,3421066,data/tlg0099/tlg001,data
tlg0099.tlg001.perseus-grc2.xml,urn:cts:greekLit:tlg0099.tlg001.perseus-grc2,Γεωγραφικά,Strabo,August Meinecke,Teubner,1877,Greek,3782525,data/tlg0099/tlg001,data
tlg0099.tlg004.1st1K-grc1.xml,urn:cts:greekLit:tlg0099.tlg004.1st1K-grc1,Strabonis Geographiae Chrestomathia,Strabo,Karl Müller,Ambroise-Firmin Didot,1861,Greek,514907,data/tlg0099/tlg004,data
tlg1725.tlg001.perseus-grc2.xml,urn:cts:greekLit:tlg1725.tlg001.perseus-grc2,Ad Autolycum,Theophilus,Johann Carl Theodor Otto,Mauke,1861,Greek,294689,data/tlg1725/tlg001,data
tlg1725.tlg001.perseus-grc1.xml,urn:cts:greekLit:tlg1725.tlg001.perseus-grc1,Ad Autolycum,Theophilus,William Gilson Humphry,Parker,1852,Greek,279663,data/tlg1725/tlg001,data
tlg4091.tlg001.perseus-grc2.xml,urn:cts:greekLit:tlg4091.tlg001.perseus-grc2,Ἐκφράσεις,Callistratus,Carl Ludwig Kayser,Teubner,1871,Greek,55967,data/tlg4091/tlg001,data
tlg0055.tlg001.1st1K-grc1.xml,urn:cts:greekLit:tlg0055.tlg001.1st1K-grc1,Epistulae,Themistocles,Rudolf Hercher,A. F. Didot,1873,Greek,118426,data/tlg0055/tlg001,data
tlg5031.tlg001.1st1K-grc1.xml,urn:cts:greekLit:tlg5031.tlg001.1st1K-grc1,Scholia et glossae in Nicandri theriaca (scholia vetera et recentiora),Scholia in Nicandrum,Otto Schneider,Teubner,1856,Greek,350178,data/tlg5031/tlg001,data
tlg5031.tlg002.1st1K-grc1.xml,urn:cts:greekLit:tlg5031.tlg002.1st1K-grc1,Scholia in Nicandri Alexipharmaca (scholia vetera et recentiora),Scholia in Nicandrum,Otto Schneider,Teubner,1856,Greek,222148,data/tlg5031/tlg002,data
tlg0543.tlg001.perseus-grc2.xml,urn:cts:greekLit:tlg0543.tlg001.perseus-grc2,Ἱστορίαι,Polybius,Theodor Büttner-Wobst,Teubner,1893-,Greek,5520911,data/tlg0543/tlg001,data
tlg0543.tlg001.perseus-eng2.xml,,The Histories,Polybius,Evelyn S. Shuckburgh,Macmillan and Co.,1889,English,3130563,data/tlg0543/tlg001,data
tlg1802.tlg001.1st1K-grc1.xml,urn:cts:greekLit:tlg1802.tlg001.1st1K-grc1,Versus heroici,Various,Thomas W. Allen,Clarendon Press,1912,Greek,21965,data/tlg1802/tlg001,data
tlg0544.tlg001.1st1K-grc1.xml,urn:cts:greekLit:tlg0544.tlg001.1st1K-grc1,Pyrrhoniae hypotyposes,Sextus Empiricus,Hermann Mutschmann,Teubner,1912,Greek,819766,data/tlg0544/tlg001,data
tlg0544.tlg001.opp-lat1.xml,,"Pyrrhoniae hypotyposes. Book III, Lines 30-36.",Sextus Empiricus,Hermann Mutschmann,Teubner,1912,Latin,7284,data/tlg0544/tlg001,data
tlg0544.tlg001.1st1K-eng1.xml,,Outlines of Pyrrhonism,Sextus Empiricus,Robert Gregg Bury,William Heinemann Ltd.,1933,Greek,549143,data/tlg0544/tlg001,data
tlg0544.tlg002.1st1K-grc1.xml,urn:cts:greekLit:tlg0544.tlg002.1st1K-grc1,Adversus mathematicos,Sextus Empiricus,Hermann Mutschmann,Teubner,1912-1954,Greek,2448553,data/tlg0544/tlg002,data
tlg2021.tlg001.1st1K-grc1.xml,urn:cts:greekLit:tlg2021.tlg001.1st1K-grc1,Ancoratus,Epiphanius,Karl Holl,J. C. Hinrichs,1915,Greek,740076,data/tlg2021/tlg001,data
tlg2021.tlg003.1st1K-grc1.xml,urn:cts:greekLit:tlg2021.tlg003.1st1K-grc1,Anacephalaeosis [Sp.],Epiphanius,Karl Holl,J. C. Hinrichs'sche Buchhandlung,1915-1933,Greek,87006,data/tlg2021/tlg003,data
tlg2021.tlg002.1st1K-grc1.xml,urn:cts:greekLit:tlg2021.tlg002.1st1K-grc1,Panarion (Adversus haereses),Epiphanius,Karl Holl,J. C. Hinrichs,1915-1933,Greek,3918109,data/tlg2021/tlg002,data
tlg1805.tlg009.1st1K-grc1.xml,urn:cts:greekLit:tlg1805.tlg009.1st1K-grc1,Eustathii vita,Vitae Homeri,Thomas W. Allen,Clarendon Press,1912,Latin,5803,data/tlg1805/tlg009,data
tlg1805.tlg007.1st1K-grc1.xml,urn:cts:greekLit:tlg1805.tlg007.1st1K-grc1,Vita septima,Vitae Homeri,Thomas W. Allen,Clarendon Press,1912,Greek,5948,data/tlg1805/tlg007,data
tlg1805.tlg001.1st1K-grc1.xml,urn:cts:greekLit:tlg1805.tlg001.1st1K-grc1,Vita Herodotea,Vitae Homeri,Thomas W. Allen,Clarendon Press,1912,Greek,64774,data/tlg1805/tlg001,data
tlg1805.tlg006.1st1K-grc1.xml,urn:cts:greekLit:tlg1805.tlg006.1st1K-grc1,Vita sexta,Vitae Homeri,Thomas W. Allen,Clarendon Press,1912,Greek,11377,data/tlg1805/tlg006,data
tlg1805.tlg008.1st1K-grc1.xml,urn:cts:greekLit:tlg1805.tlg008.1st1K-grc1,Tzetzae vita,Vitae Homeri,Thomas W. Allen,Clarendon Press,1912,Greek,8320,data/tlg1805/tlg008,data
tlg1805.tlg003.1st1K-grc1.xml,urn:cts:greekLit:tlg1805.tlg003.1st1K-grc1,Vita Proculea (e Chrestomathia),Vitae Homeri,Thomas W. Allen,Clarendon Press,1912,Greek,12121,data/tlg1805/tlg003,data
tlg1805.tlg004.1st1K-grc1.xml,urn:cts:greekLit:tlg1805.tlg004.1st1K-grc1,Vita quarta,Vitae Homeri,Thomas W. Allen,Clarendon Press,1912,Greek,6654,data/tlg1805/tlg004,data
tlg1805.tlg005.1st1K-grc1.xml,urn:cts:greekLit:tlg1805.tlg005.1st1K-grc1,Vita quinta,Vitae Homeri,Thomas W. Allen,Clarendon Press,1912,Greek,9544,data/tlg1805/tlg005,data
tlg1805.tlg002.1st1K-grc1.xml,urn:cts:greekLit:tlg1805.tlg002.1st1K-grc1,Plutarchi vita,Vitae Homeri,Thomas W. Allen,Clarendon Press,1912,Greek,18496,data/tlg1805/tlg002,data
tlg1805.tlg010.1st1K-grc1.xml,urn:cts:greekLit:tlg1805.tlg010.1st1K-grc1,Suidae vita,Vitae Homeri,Thomas W. Allen,Clarendon Press,1912,Greek,30194,data/tlg1805/tlg010,data
tlg0572.tlg001.1st1K-grc1.xml,urn:cts:greekLit:tlg0572.tlg001.1st1K-grc1,Fragmenta,Gaius Romanus,Martin Joseph Routh,Oxford University Press,1846,Greek,21896,data/tlg0572/tlg001,data
tlg1692.tlg005.1st1K-grc1.xml,urn:cts:greekLit:tlg1692.tlg005.1st1K-grc1,Fragmenta,Speusippus,Friedrich Wilhelm August Mullach,Firmin-Didot,1881,Greek,108120,data/tlg1692/tlg005,data
tlg0575.tlg001.1st1K-grc1.xml,urn:cts:greekLit:tlg0575.tlg001.1st1K-grc1,Sententiae,Moschion Gnomologus,Heinrich Schenkl,Teubner,1916,Greek,11583,data/tlg0575/tlg001,data
tlg0575.tlg002.1st1K-grc1.xml,urn:cts:greekLit:tlg0575.tlg002.1st1K-grc1,Hypothecae,Moschion Gnomologus,Heinrich Schenkl,Teubner,1916,Greek,11232,data/tlg0575/tlg002,data
tlg1205.tlg001.perseus-grc2.xml,urn:cts:greekLit:tlg1205.tlg001.perseus-grc2,Supplication pro Christianis,Athenagoras,Francis Andrew March,Harper and Brothers,1876,Greek,156436,data/tlg1205/tlg001,data
tlg1205.tlg001.perseus-grc1.xml,urn:cts:greekLit:tlg1205.tlg001.perseus-grc1,Legatio sive Supplicatio pro Christianis,Athenagoras,Johann Karl Theodor von Otto,Mauke,1857,Greek,154065,data/tlg1205/tlg001,data
tlg1205.tlg002.perseus-grc1.xml,urn:cts:greekLit:tlg1205.tlg002.perseus-grc1,De Resurrectione,Athenagoras,Johann Karl Theodor von Otto,Mauke,1857,Greek,121633,data/tlg1205/tlg002,data
tlg1205.tlg002.perseus-grc2.xml,urn:cts:greekLit:tlg1205.tlg002.perseus-grc2,De resurrectione,Athenagoras,Francis Andrew March,Harper and Brothers,1876,Greek,125225,data/tlg1205/tlg002,data
tlg0521.tlg008.1st1K-grc1.xml,urn:cts:greekLit:tlg0521.tlg008.1st1K-grc1,Fragmenta,Epicharmus,Hermann Diels,Weidmann,1922,Greek,45570,data/tlg0521/tlg008,data
tlg9004.tlg001.opp-grc1.xml,urn:cts:greekLit:tlg9004.tlg001.opp-grc1,Anonymi in analyticorum posteriorum librum alterum commentarium,Anonymi In Aristotelis Librum Alterum Analyticorum Posteriorum,Maximilian Wallies,Reimer,1909,Greek,300758,data/tlg9004/tlg001,data
tlg1269.tlg002.1st1K-grc1.xml,urn:cts:greekLit:tlg1269.tlg002.1st1K-grc1,Testimonia et Fragmenta,Cleanthes,Hans Friedrich August von Arnim,Teubner,1903,Greek,171621,data/tlg1269/tlg002,data
tlg0526.tlg001.perseus-grc2.xml,urn:cts:greekLit:tlg0526.tlg001.perseus-grc2,Ἰουδαϊκὴ ἀρχαιολογία,Flavius Josephus,Benedikt Niese,Weidmann,1885-1890,Greek,5023086,data/tlg0526/tlg001,data
tlg0526.tlg001.perseus-eng2.xml,,Antiquities of the Jews,Flavius Josephus,William Whiston,Alden and Beardsley,1856,English,3228647,data/tlg0526/tlg001,data
tlg0526.tlg003.perseus-eng2.xml,,Against Apion,Flavius Josephus,William Whiston,Alden and Beardsley,1856,English,265034,data/tlg0526/tlg003,data
tlg0526.tlg003.perseus-grc2.xml,urn:cts:greekLit:tlg0526.tlg003.perseus-grc2,περὶ ἀρχαιότητος Ἰουδαίων,Flavius Josephus,Benedikt Niese,Weidmann,1889,Greek,368903,data/tlg0526/tlg003,data
tlg0526.tlg004.perseus-grc2.xml,urn:cts:greekLit:tlg0526.tlg004.perseus-grc2,Ἰουδαϊκοῦ πολέμου πρὸς Ῥωμαίους,Flavius Josephus,Benedikt Niese,Weidmann,1895,Greek,2160962,data/tlg0526/tlg004,data
tlg0526.tlg004.perseus-eng2.xml,,The Wars of the Jews,Flavius Josephus,William Whiston,Alden and Beardsley,1856,English,1433438,data/tlg0526/tlg004,data
tlg0526.tlg002.perseus-eng2.xml,,The Life of Flavius Josephus,Flavius Josephus,William Whiston,Alden and Beardsley,1856,English,175900,data/tlg0526/tlg002,data
tlg0526.tlg002.perseus-grc2.xml,urn:cts:greekLit:tlg0526.tlg002.perseus-grc2,Ἰωσήπου βίος,Flavius Josephus,Benedikt Niese,Weidmann,1890,Greek,267271,data/tlg0526/tlg002,data
tlg1409.opp003.1st1K-grc1.xml,urn:cts:greekLit:tlg1409.opp003.1st1K-grc1,Res Publica Atheniensium,Heraclides Ponticus,Frederic G. Kenyon,Reimer,1903,Greek,11283,data/tlg1409/opp003,data
tlg0341.tlg002.perseus-grc2.xml,urn:cts:greekLit:tlg0341.tlg002.perseus-grc2,Ἀλεξάνδρα,Lycophron,A.W. Mair,William Heinemann,1921,Greek,238690,data/tlg0341/tlg002,data
tlg1431.tlg003.1st1K-grc1.xml,urn:cts:greekLit:tlg1431.tlg003.1st1K-grc1,In Arati et Eudoxi phaenomena commentariorum libri iii,Hipparchus,Karl Manitius,Teubner,1894,Greek,431698,data/tlg1431/tlg003,data
tlg0580.tlg001.1st1K-grc1.xml,urn:cts:greekLit:tlg0580.tlg001.1st1K-grc1,Mirabilia de aquis,Paradoxographus Florentinus,Heinrich Öhler,J. J. Heckenhauer,1913,Greek,26273,data/tlg0580/tlg001,data
tlg2640.tlg001.1st1K-grc1.xml,urn:cts:greekLit:tlg2640.tlg001.1st1K-grc1,Fragmenta,Eusebius Myndius,Friedrich Wilhelm August Mullach,Firmin-Didot,1881,Greek,54140,data/tlg2640/tlg001,data
tlg2016.tlg001.1st1K-grc1.xml,urn:cts:greekLit:tlg2016.tlg001.1st1K-grc1,Μαρτύριον Περπετούας,Martyrium Perpetuae et Felcitatis,J. Armitage Robinson,Cambridge University Press,1891,Greek,57028,data/tlg2016/tlg001,data
tlg2016.tlg001.1st1K-lat1.xml,,Passio S. Perpetuae,Martyrium Perpetuae et Felcitatis,J. Armitage Robinson,Cambridge University Press,1891,Latin,29963,data/tlg2016/tlg001,data
tlg2029.tlg001.1st1K-grc1.xml,urn:cts:greekLit:tlg2029.tlg001.1st1K-grc1,Anonymi summaria ratio geographiae in sphaera intelligendae,Anonymous,Karl Müller,Ambroise-Firmin Didot,1861,Greek,29125,data/tlg2029/tlg001,data
tlg0545.tlg001.perseus-grc2.xml,urn:cts:greekLit:tlg0545.tlg001.perseus-grc2,Περὶ ζῴων ἰδιότητος,Aelian,Rudolf Hercher,Teubner,1864,Greek,1368359,data/tlg0545/tlg001,data
tlg0545.tlg003.perseus-grc2.xml,urn:cts:greekLit:tlg0545.tlg003.perseus-grc2,ἐκ τῶν Αἰλιανοῦ ἀγροικικῶν ἐπιστολῶν,Aelian,Rudolf Hercher,Teubner,1866,Greek,33072,data/tlg0545/tlg003,data
tlg0545.tlg004.1st1K-grc1.xml,urn:cts:greekLit:tlg0545.tlg004.1st1K-grc1,Ἀποσπασμάτια,Aelian,Rudolf Hercher,Teubner,1866,Greek,233751,data/tlg0545/tlg004,data
tlg0545.tlg002.perseus-grc2.xml,urn:cts:greekLit:tlg0545.tlg002.perseus-grc2,Ποικίλη ἱστορία,Aelian,Rudolf Hercher,Teubner,1866,Greek,558818,data/tlg0545/tlg002,data
tlg5037.tlg004.1st1K-grc1.xml,urn:cts:greekLit:tlg5037.tlg004.1st1K-grc1,Scholia in Sophoclem (scholia vetera),Scholia in Sophoclem,Petrus N. Papageorgius,Teubner,1888,Greek,2009877,data/tlg5037/tlg004,data
tlg1463.tlg001.1st1K-grc2.xml,urn:cts:greekLit:tlg1463.tlg001.1st1K-grc2,Apocalypsis Enochi,Liber Enoch,Johann Flemming,Hinrichs,1901,Greek,188267,data/tlg1463/tlg001,data
tlg1463.tlg001.1st1K-grc1.xml,urn:cts:greekLit:tlg1463.tlg001.1st1K-grc1,Apocalypsis Enochi,Liber Enoch,Henry Barclay Swete D.D.,Cambridge University Press,1905,Greek,117712,data/tlg1463/tlg001,data
tlg1463.tlg001.opp-ger1.xml,,Apocalypsis Enochi,Liber Enoch,Johann Flemming,Hinrichs,1901,deu,279682,data/tlg1463/tlg001,data
tlg1463.tlg001.1st1K-lat1.xml,urn:cts:greekLit:tlg1463.tlg001.1st1K-lat1,Apocalypsis Enochi. Chapter 106. Verse 1.,Liber Enoch,Johann Flemming,Hinrichs,1901,deu,6907,data/tlg1463/tlg001,data
tlg0542.tlg001.1st1K-grc1.xml,urn:cts:greekLit:tlg0542.tlg001.1st1K-grc1,Onomasticon,Julius Pollux,Frederick Hultsch,Teubner,1864,Greek,4664,data/tlg0542/tlg001,data
tlg2027.tlg001.1st1K-grc1.xml,urn:cts:greekLit:tlg2027.tlg001.1st1K-grc1,Ars rhetorica,Valerius Apsines,Leonhard von Spengel,Teubner,1853,Greek,317757,data/tlg2027/tlg001,data
tlg2027.tlg002.1st1K-grc1.xml,urn:cts:greekLit:tlg2027.tlg002.1st1K-grc1,Περὶ τῶν ἐσχηματισμένων προβλημάτων,Valerius Apsines,Leonhard von Spengel,Teubner,1853,Greek,33668,data/tlg2027/tlg002,data
tlg1803.tlg001.1st1K-grc1.xml,urn:cts:greekLit:tlg1803.tlg001.1st1K-grc1,Epistulae,Bruti Epistulae,Rudolf Hercher,A. F. Didot,1873,Greek,68554,data/tlg1803/tlg001,data
tlg1669.tlg004.1st1K-grc1.xml,urn:cts:greekLit:tlg1669.tlg004.1st1K-grc1,Fragmenta,Serapion,Pierre Boudreaux,Maurice Lambertin,1921,Greek,32012,data/tlg1669/tlg004,data
tlg2018.tlg009.opp-grc1.xml,urn:cts:greekLit:tlg2018.tlg009.opp-grc1,De Ecclesiastica Theologia (Book 3 only),Eusebius of Caesarea,Erich Klostermann,J. C. Hinrichs'sche Buchhandlung,1906,Greek,244387,data/tlg2018/tlg009,data
tlg2018.tlg009.1st1K-grc1.xml,urn:cts:greekLit:tlg2018.tlg009.1st1K-grc1,περὶ τῆς ἐκκλησιαστικῆς θεολογίας,Eusebius of Caesarea,Erich Klostermann, J. C. Hinrichs,1906,Greek,591860,data/tlg2018/tlg009,data
tlg2018.tlg007.1st1K-grc1.xml,urn:cts:greekLit:tlg2018.tlg007.1st1K-grc1,των κατά Μαρκέλλου,Eusebius of Caesarea,Erich Klostermann,J. C. Hinrichs,1906,Greek,284742,data/tlg2018/tlg007,data
tlg2018.tlg001.1st1K-grc1.xml,urn:cts:greekLit:tlg2018.tlg001.1st1K-grc1,Praeperatio Evangelica,Eusebius,Wilhelm Dindorf,Teubner,1867,Greek,3454701,data/tlg2018/tlg001,data
tlg2018.tlg008.1st1K-grc1.xml,urn:cts:greekLit:tlg2018.tlg008.1st1K-grc1,Epistula ad Flacillum,Eusebius of Caesarea,Erich Klostermann, J. C. Hinrichs,1906,Greek,7846,data/tlg2018/tlg008,data
tlg2018.tlg023.1st1K-grc1.xml,urn:cts:greekLit:tlg2018.tlg023.1st1K-grc1,Generalis elementaria introductio (= Eclogae propheticae),Eusebius,Thomas Gaisford,Oxford University Press,1842,Greek,720357,data/tlg2018/tlg023,data
tlg2018.tlg022.1st1K-grc1.xml,urn:cts:greekLit:tlg2018.tlg022.1st1K-grc1,De laudibus Constantini,Eusebius,Ivar A. Heikel,J.C.Hinrichs'sche Buchhandlung,1902,Greek,333312,data/tlg2018/tlg022,data
tlg2018.tlg003.1st1K-grc1.xml,urn:cts:greekLit:tlg2018.tlg003.1st1K-grc1,De Martyribus Palaestinae (Recensio Brevior),Eusebius,Wilhelm Dindorf,Teubner,1871,Greek,122057,data/tlg2018/tlg003,data
tlg2018.tlg005.1st1K-grc1.xml,urn:cts:greekLit:tlg2018.tlg005.1st1K-grc1,Demonstratio Evangelica,Eusebius,Wilhelm Dindorf,Teubner,1867,Greek,2317893,data/tlg2018/tlg005,data
tlg2018.tlg002.1st1K-grc2.xml,urn:cts:greekLit:tlg2018.tlg002.1st1K-grc2,Historia Ecclesiastica,Eusebius,Wilhelm Dindorf,Teubner,1871,Greek,1519618,data/tlg2018/tlg002,data
tlg2018.tlg002.1st1K-grc1.xml,urn:cts:greekLit:tlg2018.tlg002.1st1K-grc1,Historia Ecclesiastica,Eusebius,Kirsopp Lake,William Heinemann,1926-1932,Greek,1453620,data/tlg2018/tlg002,data
tlg2018.tlg002.1st1K-eng1.xml,,Historia Ecclesiastica,Eusebius,Kirsopp Lake,William Heinemann,1926-1932,English,834962,data/tlg2018/tlg002,data
tlg2018.tlg011.1st1K-grc1.xml,urn:cts:greekLit:tlg2018.tlg011.1st1K-grc1,Onomasticon,Eusebius,Erich Klostermann,J. C. Hinrichs'sche Buchhandlung,1904,Greek,313290,data/tlg2018/tlg011,data
tlg2018.tlg011.1st1K-lat1.xml,,Onomasticon,Eusebius,Erich Klostermann,J. C. Hinrichs'sche Buchhandlung,1904,Latin,180675,data/tlg2018/tlg011,data
tlg2018.tlg020.1st1K-grc1.xml,urn:cts:greekLit:tlg2018.tlg020.1st1K-grc1,Vita Constantini,Eusebius,Ivar A. Heikel,J.C.Hinrichs'sche Buchhandlung,1902,Greek,735774,data/tlg2018/tlg020,data
tlg2018.tlg021.1st1K-grc1.xml,urn:cts:greekLit:tlg2018.tlg021.1st1K-grc1,Constantini imperatoris oratio ad coetum sanctorum,Eusebius,Ivar A. Heikel,J.C.Hinrichs'Sche Buchhandlung,1902,Greek,210009,data/tlg2018/tlg021,data
tlg2018.tlg010.1st1K-ger1.xml,urn:cts:greekLit:tlg2018.tlg010.1st1K-ger1,Die Theophanie,Eusebius,Hugo Gressmann,J. C. Hinrichs'sche Buchhandlung,1904,deu,754868,data/tlg2018/tlg010,data
tlg2018.tlg010.1st1K-grc1.xml,urn:cts:greekLit:tlg2018.tlg010.1st1K-grc1,De Theophania (Fragmenta),Eusebius,Hugo Gressmann,J. C. Hinrichs'Sche Buchhandlung,1904,Greek,154604,data/tlg2018/tlg010,data
tlg0529.tlg002.1st1K-grc1.xml,urn:cts:greekLit:tlg0529.tlg002.1st1K-grc1,Liber de philosophorum sectis (epitome ap. Stobaeum),Arius Didymus,Friedrich Wilhelm August Mullach,Firmin-Didot,1881,Greek,268342,data/tlg0529/tlg002,data
tlg1602.tlg001.1st1K-grc1.xml,urn:cts:greekLit:tlg1602.tlg001.1st1K-grc1,Fragmenta,Philoxenus of Alexandria,,Teubner,1907,Greek,11423,data/tlg1602/tlg001,data
stoa0146d.stoa001.1st1K-lat1.xml,urn:cts:greekLit:stoa0146d.stoa001.1st1K-lat1,Acta Archelai,Hegemonius,Charles Henry Beeson,J. C. Hinrichs,1906,Latin,289175,data/stoa0146d/stoa001,data
stoa0146d.stoa001.1st1K-grc1.xml,urn:cts:greekLit:stoa0146d.stoa001.1st1K-grc1,Acta Archelai,Hegemonius,Charles Henry Beeson,J. C. Hinrichs,1906,Latin,51484,data/stoa0146d/stoa001,data
tlg0527.tlg054.1st1K-grc1.xml,urn:cts:greekLit:tlg0527.tlg054.1st1K-grc1,Σουζάννα (translatio Graeca),Septuaginta,Henry Barclay Swete D.D.,Cambridge University Press,1905,Greek,19668,data/tlg0527/tlg054,data
tlg0527.tlg053.1st1K-grc1.xml,urn:cts:greekLit:tlg0527.tlg053.1st1K-grc1,Ἰεζεκιήλ,Septuaginta,Henry Barclay Swete D.D.,Cambridge University Press,1905,Greek,618574,data/tlg0527/tlg053,data
tlg0527.tlg053.perseus-eng2.xml,,Ezekiel,Old Testament,"Rainbow Missions, Inc.","Rainbow Missions, Inc.",2000-2024,English,360091,data/tlg0527/tlg053,data
tlg0527.tlg036.1st1K-grc1.xml,urn:cts:greekLit:tlg0527.tlg036.1st1K-grc1,Ὡσηέ,Septuaginta,Henry Barclay Swete D.D.,Cambridge University Press,1905,Greek,79816,data/tlg0527/tlg036,data
tlg0527.tlg036.perseus-eng2.xml,,Hosea,Old Testament,"Rainbow Missions, Inc.","Rainbow Missions, Inc.",2000-2024,English,55782,data/tlg0527/tlg036,data
tlg0527.tlg031.1st1K-grc1.xml,urn:cts:greekLit:tlg0527.tlg031.1st1K-grc1,Ἆσμα,Septuaginta,Henry Barclay Swete D.D.,Cambridge University Press,1896,Greek,50823,data/tlg0527/tlg031,data
tlg0527.tlg031.perseus-eng2.xml,,Canticle,Old Testament,"Rainbow Missions, Inc.","Rainbow Missions, Inc.",2000-2024,English,32125,data/tlg0527/tlg031,data
tlg0527.tlg038.1st1K-grc1.xml,urn:cts:greekLit:tlg0527.tlg038.1st1K-grc1,Μιχαίας,Septuaginta,Henry Barclay Swete D.D.,Cambridge University Press,1905,Greek,49444,data/tlg0527/tlg038,data
tlg0527.tlg038.perseus-eng2.xml,,Micah,Old Testament,"Rainbow Missions, Inc.","Rainbow Missions, Inc.",2000-2024,English,33969,data/tlg0527/tlg038,data
tlg0527.tlg052.1st1K-grc1.xml,urn:cts:greekLit:tlg0527.tlg052.1st1K-grc1,Ἐπιστολὴ Ἰερεμίου,Septuaginta,Henry Barclay Swete D.D.,Cambridge University Press,1905,Greek,32142,data/tlg0527/tlg052,data
tlg0527.tlg055.1st1K-grc1.xml,urn:cts:greekLit:tlg0527.tlg055.1st1K-grc1,Σουζάννα (Theodotionis versio),Septuaginta,Henry Barclay Swete D.D.,Cambridge University Press,1905,Greek,27643,data/tlg0527/tlg055,data
tlg0527.tlg001.perseus-eng2.xml,,Genesis,Old Testament,"Rainbow Missions, Inc.","Rainbow Missions, Inc.",2000-2024,English,434453,data/tlg0527/tlg001,data
tlg0527.tlg001.1st1K-grc1.xml,urn:cts:greekLit:tlg0527.tlg001.1st1K-grc1,Γένεσις,Septuaginta,Henry Barclay Swete,University Press,1901,Greek,603029,data/tlg0527/tlg001,data
tlg0527.tlg039.1st1K-grc1.xml,urn:cts:greekLit:tlg0527.tlg039.1st1K-grc1,Ἰωήλ,Septuaginta,Henry Barclay Swete D.D.,Cambridge University Press,1905,Greek,36471,data/tlg0527/tlg039,data
tlg0527.tlg039.perseus-eng2.xml,,Joel,Old Testament,"Rainbow Missions, Inc.","Rainbow Missions, Inc.",2000-2024,English,23237,data/tlg0527/tlg039,data
tlg0527.tlg006.perseus-eng2.xml,,Joshua,Old Testament,"Rainbow Missions, Inc.","Rainbow Missions, Inc.",2000-2024,English,182720,data/tlg0527/tlg006,data
tlg0527.tlg006.1st1K-grc1.xml,urn:cts:greekLit:tlg0527.tlg006.1st1K-grc1,Josue (Cod. Vaticanus + Cod. Alexandrinus),Septuaginta,Henry Barclay Swete,University Press,1901,Greek,314707,data/tlg0527/tlg006,data
tlg0527.tlg030.perseus-eng2.xml,,Ecclesiastes,Old Testament,"Rainbow Missions, Inc.","Rainbow Missions, Inc.",2000-2024,English,59751,data/tlg0527/tlg030,data
tlg0527.tlg008.1st1K-grc1.xml,urn:cts:greekLit:tlg0527.tlg008.1st1K-grc1,Κριταί (Cod. Alexandrinus),Septuaginta,Henry Barclay Swete,University Press,1901,Greek,386821,data/tlg0527/tlg008,data
tlg0527.tlg008.perseus-eng2.xml,,Judges,Old Testament,"Rainbow Missions, Inc.","Rainbow Missions, Inc.",2000-2024,English,175305,data/tlg0527/tlg008,data
tlg0527.tlg037.1st1K-grc1.xml,urn:cts:greekLit:tlg0527.tlg037.1st1K-grc1,Ἀμώς,Septuaginta,Henry Barclay Swete D.D.,Cambridge University Press,1905,Greek,66472,data/tlg0527/tlg037,data
tlg0527.tlg037.perseus-eng2.xml,,Amos,Old Testament,"Rainbow Missions, Inc.","Rainbow Missions, Inc.",2000-2024,English,46942,data/tlg0527/tlg037,data
tlg0527.tlg015.perseus-eng2.xml,,I Chronicles,Old Testament,"Rainbow Missions, Inc.","Rainbow Missions, Inc.",2000-2024,English,226446,data/tlg0527/tlg015,data
tlg0527.tlg015.1st1K-grc1.xml,urn:cts:greekLit:tlg0527.tlg015.1st1K-grc1,Παραλειπομένων Αʹ,Septuaginta,Henry Barclay Swete D.D.,Cambridge University Press,1896,Greek,341647,data/tlg0527/tlg015,data
tlg0527.tlg012.perseus-eng2.xml,,II Samuel,Old Testament,"Rainbow Missions, Inc.","Rainbow Missions, Inc.",2000-2024,English,191317,data/tlg0527/tlg012,data
tlg0527.tlg012.1st1K-grc1.xml,urn:cts:greekLit:tlg0527.tlg012.1st1K-grc1,Βασιλειῶν Βʹ,Septuaginta,Henry Barclay Swete,University Press,1901,Greek,313435,data/tlg0527/tlg012,data
tlg0527.tlg024.1st1K-grc1.xml,urn:cts:greekLit:tlg0527.tlg024.1st1K-grc1,Μακκαβαίων Βʹ,Septuaginta,Henry Barclay Swete D.D.,Cambridge University Press,1905,Greek,252165,data/tlg0527/tlg024,data
tlg0527.tlg023.1st1K-grc1.xml,urn:cts:greekLit:tlg0527.tlg023.1st1K-grc1,Μακκαβαίων Αʹ,Septuaginta,Henry Barclay Swete D.D.,Cambridge University Press,1905,Greek,396765,data/tlg0527/tlg023,data
tlg0527.tlg048.1st1K-grc2.xml,urn:cts:greekLit:tlg0527.tlg048.1st1K-grc2,Ἠσαΐας,,Richard Rusden Ottley,Cambridge University Press,1904,Greek,520194,data/tlg0527/tlg048,data
tlg0527.tlg048.1st1K-grc1.xml,urn:cts:greekLit:tlg0527.tlg048.1st1K-grc1,Ἠσαΐας,Septuaginta,Henry Barclay Swete D.D.,Cambridge University Press,1905,Greek,688809,data/tlg0527/tlg048,data
tlg0527.tlg048.1st1K-eng1b.xml,,Appendix to Isaias,,Richard Rusden Ottley,Cambridge University Press,1904,Latin,40834,data/tlg0527/tlg048,data
tlg0527.tlg048.1st1K-eng1a.xml,,Notes on Isaias,,Richard Rusden Ottley,Cambridge University Press,1904,English,1028682,data/tlg0527/tlg048,data
tlg0527.tlg048.perseus-eng2.xml,,Isaiah,Old Testament,"Rainbow Missions, Inc.","Rainbow Missions, Inc.",2000-2024,English,354384,data/tlg0527/tlg048,data
tlg0527.tlg048.1st1K-mul2.xml,,Index II to Isaias,,Richard Rusden Ottley,Cambridge University Press,1904,Latin,49921,data/tlg0527/tlg048,data
tlg0527.tlg048.1st1K-eng1.xml,,Isaias,,Richard Rusden Ottley,Cambridge University Press,1904,English,373006,data/tlg0527/tlg048,data
tlg0527.tlg048.1st1K-mul1.xml,,Index I to Isaias,,Richard Rusden Ottley,Cambridge University Press,1904,Latin,61354,data/tlg0527/tlg048,data
tlg0527.tlg046.1st1K-grc1.xml,urn:cts:greekLit:tlg0527.tlg046.1st1K-grc1,Ζαχαρίας,Septuaginta,Henry Barclay Swete D.D.,Cambridge University Press,1905,Greek,110995,data/tlg0527/tlg046,data
tlg0527.tlg046.perseus-eng2.xml,,Zechariah,Old Testament,"Rainbow Missions, Inc.","Rainbow Missions, Inc.",2000-2024,English,66355,data/tlg0527/tlg046,data
tlg0527.tlg041.1st1K-grc1.xml,urn:cts:greekLit:tlg0527.tlg041.1st1K-grc1,Ἰωνᾶς,Septuaginta,Henry Barclay Swete D.D.,Cambridge University Press,1905,Greek,27343,data/tlg0527/tlg041,data
tlg0527.tlg041.perseus-eng2.xml,,Jonah,Old Testament,"Rainbow Missions, Inc.","Rainbow Missions, Inc.",2000-2024,English,17191,data/tlg0527/tlg041,data
tlg0527.tlg025.1st1K-grc1.xml,urn:cts:greekLit:tlg0527.tlg025.1st1K-grc1,Μακκαβαίων Γʹ,Septuaginta,Henry Barclay Swete D.D.,Cambridge University Press,1905,Greek,107162,data/tlg0527/tlg025,data
tlg0527.tlg013.1st1K-grc1.xml,urn:cts:greekLit:tlg0527.tlg013.1st1K-grc1,Βασιλειῶν Γʹ,Septuaginta,Henry Barclay Swete,University Press,1901,Greek,407414,data/tlg0527/tlg013,data
tlg0527.tlg013.perseus-eng2.xml,,I Kings,Old Testament,"Rainbow Missions, Inc.","Rainbow Missions, Inc.",2000-2024,English,223913,data/tlg0527/tlg013,data
tlg0527.tlg014.perseus-eng2.xml,,II Kings,Old Testament,"Rainbow Missions, Inc.","Rainbow Missions, Inc.",2000-2024,English,208570,data/tlg0527/tlg014,data
tlg0527.tlg014.1st1K-grc1.xml,urn:cts:greekLit:tlg0527.tlg014.1st1K-grc1,Βασιλειῶν Δʹ,Septuaginta,Henry Barclay Swete,University Press,1901,Greek,341407,data/tlg0527/tlg014,data
tlg0527.tlg040.perseus-eng2.xml,,Obadiah,Old Testament,"Rainbow Missions, Inc.","Rainbow Missions, Inc.",2000-2024,English,10784,data/tlg0527/tlg040,data
tlg0527.tlg040.1st1K-grc1.xml,urn:cts:greekLit:tlg0527.tlg040.1st1K-grc1,Ὀβδιού,Septuaginta,Henry Barclay Swete D.D.,Cambridge University Press,1905,Greek,14952,data/tlg0527/tlg040,data
tlg0527.tlg047.1st1K-grc1.xml,urn:cts:greekLit:tlg0527.tlg047.1st1K-grc1,Μαλαχίας,Septuaginta,Henry Barclay Swete D.D.,Cambridge University Press,1905,Greek,34740,data/tlg0527/tlg047,data
tlg0527.tlg047.perseus-eng2.xml,,Malachi,Old Testament,"Rainbow Missions, Inc.","Rainbow Missions, Inc.",2000-2024,English,21891,data/tlg0527/tlg047,data
tlg0527.tlg049.1st1K-grc1.xml,urn:cts:greekLit:tlg0527.tlg049.1st1K-grc1,Ἱερεμίας,Septuaginta,Henry Barclay Swete D.D.,Cambridge University Press,1905,Greek,714624,data/tlg0527/tlg049,data
tlg0527.tlg049.perseus-eng2.xml,,Jeremiah,Old Testament,"Rainbow Missions, Inc.","Rainbow Missions, Inc.",2000-2024,English,388823,data/tlg0527/tlg049,data
tlg0527.tlg032.1st1K-grc1.xml,urn:cts:greekLit:tlg0527.tlg032.1st1K-grc1,Ἰώβ,Septuaginta,Henry Barclay Swete D.D.,Cambridge University Press,1896,Greek,361541,data/tlg0527/tlg032,data
tlg0527.tlg032.perseus-eng2.xml,,Job,Old Testament,"Rainbow Missions, Inc.","Rainbow Missions, Inc.",2000-2024,English,254638,data/tlg0527/tlg032,data
tlg0527.tlg035.1st1K-grc1.xml,urn:cts:greekLit:tlg0527.tlg035.1st1K-grc1,Ψαλμοὶ Σαλομῶντος,Septuaginta,Henry Barclay Swete D.D.,Cambridge University Press,1905,Greek,105648,data/tlg0527/tlg035,data
tlg0527.tlg003.1st1K-grc1.xml,urn:cts:greekLit:tlg0527.tlg003.1st1K-grc1,Λευϊτικόν,Septuaginta,Henry Barclay Swete,University Press,1901,Greek,358138,data/tlg0527/tlg003,data
tlg0527.tlg003.perseus-eng2.xml,,Leviticus,Old Testament,"Rainbow Missions, Inc.","Rainbow Missions, Inc.",2000-2024,English,252980,data/tlg0527/tlg003,data
tlg0527.tlg004.perseus-eng2.xml,,Numbers,Old Testament,"Rainbow Missions, Inc.","Rainbow Missions, Inc.",2000-2024,English,325831,data/tlg0527/tlg004,data
tlg0527.tlg004.1st1K-grc1.xml,urn:cts:greekLit:tlg0527.tlg004.1st1K-grc1,Ἀριθμοί,Septuaginta,Henry Barclay Swete,University Press,1901,Greek,499875,data/tlg0527/tlg004,data
tlg0527.tlg050.1st1K-grc1.xml,urn:cts:greekLit:tlg0527.tlg050.1st1K-grc1,Βαρούχ,Septuaginta,Henry Barclay Swete D.D.,Cambridge University Press,1905,Greek,51862,data/tlg0527/tlg050,data
tlg0527.tlg057.1st1K-grc1.xml,urn:cts:greekLit:tlg0527.tlg057.1st1K-grc1,Δανιήλ (Theodotionis versio),Septuaginta,Henry Barclay Swete D.D.,Cambridge University Press,1905,Greek,197102,data/tlg0527/tlg057,data
tlg0527.tlg059.1st1K-grc1.xml,urn:cts:greekLit:tlg0527.tlg059.1st1K-grc1,Βὴλ καὶ Δράκων (Theodotionis versio),Septuaginta,Henry Barclay Swete D.D.,Cambridge University Press,1905,Greek,19021,data/tlg0527/tlg059,data
tlg0527.tlg005.perseus-eng2.xml,,Deuteronomy,Old Testament,"Rainbow Missions, Inc.","Rainbow Missions, Inc.",2000-2024,English,264432,data/tlg0527/tlg005,data
tlg0527.tlg005.1st1K-grc1.xml,urn:cts:greekLit:tlg0527.tlg005.1st1K-grc1,Δευτερονόμιον,Septuaginta,Henry Barclay Swete,University Press,1901,Greek,474054,data/tlg0527/tlg005,data
tlg0527.tlg002.perseus-eng2.xml,,Exodus,Old Testament,"Rainbow Missions, Inc.","Rainbow Missions, Inc.",2000-2024,English,347392,data/tlg0527/tlg002,data
tlg0527.tlg002.1st1K-grc1.xml,urn:cts:greekLit:tlg0527.tlg002.1st1K-grc1,Ἔξοδος,Septuaginta,Henry Barclay Swete,University Press,1901,Greek,485894,data/tlg0527/tlg002,data
tlg0527.tlg034.1st1K-grc2.xml,urn:cts:greekLit:tlg0527.tlg034.1st1K-grc2,Σοφία Ἰησοῦ Σειράχ,Septuaginta,Henry Barclay Swete D.D.,Cambridge University Press,1896,Greek,458384,data/tlg0527/tlg034,data
tlg0527.tlg034.1st1K-grc1.xml,urn:cts:greekLit:tlg0527.tlg034.1st1K-grc1,Ἐκκλησιαστικός,,John Henry Arthur Hart,Cambridge University Press,1909,Greek,357746,data/tlg0527/tlg034,data
tlg0527.tlg033.1st1K-grc1.xml,urn:cts:greekLit:tlg0527.tlg033.1st1K-grc1,Σοφία Σαλομῶντος,Septuaginta,Henry Barclay Swete D.D.,Cambridge University Press,1896,Greek,165225,data/tlg0527/tlg033,data
tlg0527.tlg058.1st1K-grc1.xml,urn:cts:greekLit:tlg0527.tlg058.1st1K-grc1,Βὴλ καὶ Δράκων,Septuaginta,Henry Barclay Swete D.D.,Cambridge University Press,1905,Greek,18114,data/tlg0527/tlg058,data
tlg0527.tlg056.1st1K-grc1.xml,urn:cts:greekLit:tlg0527.tlg056.1st1K-grc1,Δανιήλ (translatio Graeca),Septuaginta,Henry Barclay Swete D.D.,Cambridge University Press,1905,Greek,195936,data/tlg0527/tlg056,data
tlg0527.tlg056.perseus-eng2.xml,,Daniel,Old Testament,"Rainbow Missions, Inc.","Rainbow Missions, Inc.",2000-2024,English,107985,data/tlg0527/tlg056,data
tlg0527.tlg051.1st1K-grc1.xml,urn:cts:greekLit:tlg0527.tlg051.1st1K-grc1,Θρῆνοι,Septuaginta,Henry Barclay Swete D.D.,Cambridge University Press,1905,Greek,67124,data/tlg0527/tlg051,data
tlg0527.tlg051.perseus-eng2.xml,,Lamentations,Old Testament,"Rainbow Missions, Inc.","Rainbow Missions, Inc.",2000-2024,English,40291,data/tlg0527/tlg051,data
tlg0527.tlg042.1st1K-grc1.xml,urn:cts:greekLit:tlg0527.tlg042.1st1K-grc1,Ναούμ ,Septuaginta,Henry Barclay Swete D.D.,Cambridge University Press,1905,Greek,25569,data/tlg0527/tlg042,data
tlg0527.tlg042.perseus-eng2.xml,,Nahum,Old Testament,"Rainbow Missions, Inc.","Rainbow Missions, Inc.",2000-2024,English,16564,data/tlg0527/tlg042,data
tlg0527.tlg045.perseus-eng2.xml,,Haggai,Old Testament,"Rainbow Missions, Inc.","Rainbow Missions, Inc.",2000-2024,English,15655,data/tlg0527/tlg045,data
tlg0527.tlg045.1st1K-grc1.xml,urn:cts:greekLit:tlg0527.tlg045.1st1K-grc1,Ἀγγαῖος,Septuaginta,Henry Barclay Swete D.D.,Cambridge University Press,1905,Greek,22290,data/tlg0527/tlg045,data
tlg0527.tlg011.perseus-eng2.xml,,I Samuel,Old Testament,"Rainbow Missions, Inc.","Rainbow Missions, Inc.",2000-2024,English,226977,data/tlg0527/tlg011,data
tlg0527.tlg011.1st1K-grc1.xml,urn:cts:greekLit:tlg0527.tlg011.1st1K-grc1,Βασιλειῶν Αʹ,Septuaginta,Henry Barclay Swete,University Press,1901,Greek,369187,data/tlg0527/tlg011,data
tlg0527.tlg016.perseus-eng2.xml,,II Chronicles,Old Testament,"Rainbow Missions, Inc.","Rainbow Missions, Inc.",2000-2024,English,240286,data/tlg0527/tlg016,data
tlg0527.tlg016.1st1K-grc1.xml,urn:cts:greekLit:tlg0527.tlg016.1st1K-grc1,Παραλειπομένων Βʹ,Septuaginta,Henry Barclay Swete D.D.,Cambridge University Press,1896,Greek,368167,data/tlg0527/tlg016,data
tlg0527.tlg029.1st1K-grc1.xml,urn:cts:greekLit:tlg0527.tlg029.1st1K-grc1,Παροιμίαι,Septuaginta,Henry Barclay Swete D.D.,Cambridge University Press,1896,Greek,264713,data/tlg0527/tlg029,data
tlg0527.tlg029.perseus-eng2.xml,,Proverbs,Old Testament,"Rainbow Missions, Inc.","Rainbow Missions, Inc.",2000-2024,English,192660,data/tlg0527/tlg029,data
tlg0527.tlg020.1st1K-grc1.xml,urn:cts:greekLit:tlg0527.tlg020.1st1K-grc1,Ἰουδίθ,Septuaginta,Henry Barclay Swete D.D.,Cambridge University Press,1896,Greek,180253,data/tlg0527/tlg020,data
tlg0527.tlg027.1st1K-grc1.xml,urn:cts:greekLit:tlg0527.tlg027.1st1K-grc1,Ψαλμοί,Septuaginta,Henry Barclay Swete D.D.,Cambridge University Press,1896,Greek,858587,data/tlg0527/tlg027,data
tlg0527.tlg027.perseus-eng2.xml,,Psalms,Old Testament,"Rainbow Missions, Inc.","Rainbow Missions, Inc.",2000-2024,English,530609,data/tlg0527/tlg027,data
tlg0527.tlg018.perseus-eng3.xml,,Ezra,Old Testament,"Rainbow Missions, Inc.","Rainbow Missions, Inc.",2000-2024,English,77486,data/tlg0527/tlg018,data
tlg0527.tlg018.1st1K-grc1.xml,urn:cts:greekLit:tlg0527.tlg018.1st1K-grc1,Ἔσδρας Βʹ,Septuaginta,Henry Barclay Swete,Cambridge University Press,1896,Greek,293508,data/tlg0527/tlg018,data
tlg0527.tlg018.perseus-eng4.xml,,Nehemiah,Old Testament,"Rainbow Missions, Inc.","Rainbow Missions, Inc.",2000-2024,English,109748,data/tlg0527/tlg018,data
tlg0527.tlg044.perseus-eng2.xml,,Zephaniah,Old Testament,"Rainbow Missions, Inc.","Rainbow Missions, Inc.",2000-2024,English,19162,data/tlg0527/tlg044,data
tlg0527.tlg044.1st1K-grc1.xml,urn:cts:greekLit:tlg0527.tlg044.1st1K-grc1,Σοφονίας,Septuaginta,Henry Barclay Swete D.D.,Cambridge University Press,1905,Greek,31405,data/tlg0527/tlg044,data
tlg0527.tlg043.1st1K-grc1.xml,urn:cts:greekLit:tlg0527.tlg043.1st1K-grc1,Ἀμβακούμ,Septuaginta,Henry Barclay Swete D.D.,Cambridge University Press,1905,Greek,29720,data/tlg0527/tlg043,data
tlg0527.tlg043.perseus-eng2.xml,,Habakkuk,Old Testament,"Rainbow Missions, Inc.","Rainbow Missions, Inc.",2000-2024,English,19096,data/tlg0527/tlg043,data
tlg0527.tlg026.1st1K-grc1.xml,urn:cts:greekLit:tlg0527.tlg026.1st1K-grc1,Μακκαβαίων Δ΄,Septuaginta,Henry Barclay Swete D.D.,Cambridge University Press,1905,Greek,192800,data/tlg0527/tlg026,data
tlg0527.tlg019.perseus-eng2.xml,,Esther,Old Testament,"Rainbow Missions, Inc.","Rainbow Missions, Inc.",2000-2024,English,54597,data/tlg0527/tlg019,data
tlg0527.tlg019.1st1K-grc1.xml,urn:cts:greekLit:tlg0527.tlg019.1st1K-grc1,Ἐσθήρ,Septuaginta,Henry Barclay Swete D.D.,Cambridge University Press,1896,Greek,150357,data/tlg0527/tlg019,data
tlg0527.tlg021.1st1K-grc1.xml,urn:cts:greekLit:tlg0527.tlg021.1st1K-grc1,Τωβίτ,Septuaginta,Henry Barclay Swete D.D.,Cambridge University Press,1896,Greek,103077,data/tlg0527/tlg021,data
tlg0527.tlg017.1st1K-grc1.xml,urn:cts:greekLit:tlg0527.tlg017.1st1K-grc1, Ἔσδρας Αʹ,Septuaginta,Henry Barclay Swete D.D.,Cambridge University Press,1896,Greek,179388,data/tlg0527/tlg017,data
tlg0527.tlg028.1st1K-grc1.xml,urn:cts:greekLit:tlg0527.tlg028.1st1K-grc1,Ὠδαί,Septuaginta,Henry Barclay Swete D.D.,Cambridge University Press,1905,Greek,91500,data/tlg0527/tlg028,data
tlg0527.tlg010.perseus-eng2.xml,,Ruth,Old Testament,"Rainbow Missions, Inc.","Rainbow Missions, Inc.",2000-2024,English,27262,data/tlg0527/tlg010,data
tlg0527.tlg010.1st1K-grc1.xml,urn:cts:greekLit:tlg0527.tlg010.1st1K-grc1,Ῥούθ,Septuaginta,Henry Barclay Swete,University Press,1901,Greek,39574,data/tlg0527/tlg010,data
tlg2042.tlg054.1st1K-grc1.xml,urn:cts:greekLit:tlg2042.tlg054.1st1K-grc1,Selecta in Jesum Nave,Origenes,Charles de La Rue,J. P. Migne,1862,Greek,19812,data/tlg2042/tlg054,data
tlg2042.tlg053.1st1K-grc1.xml,urn:cts:greekLit:tlg2042.tlg053.1st1K-grc1,Selecta in Deuteronomium,Origenes,Charles de La Rue,J. P. Migne,1862,Greek,43359,data/tlg2042/tlg053,data
tlg2042.tlg009.opp-grc1.xml,urn:cts:greekLit:tlg2042.tlg009.opp-grc1,In Jeremiam (Homiliae 1-11),Origenes,Erich Klostermann,J. C. Hinrichs'sche Buchhandlung,1901,Greek,522775,data/tlg2042/tlg009,data
tlg2042.tlg007.perseus-grc1.xml,urn:cts:greekLit:tlg2042.tlg007.perseus-grc1,Exhortatio ad martyrium,Origenes,Paul Koetschau,J.C. Hinrich'sche Buchhandlung,1899,Greek,167196,data/tlg2042/tlg007,data
tlg2042.tlg052.1st1K-grc1.xml,urn:cts:greekLit:tlg2042.tlg052.1st1K-grc1,Selecta in Numeros,Origenes,Charles de La Rue,J. P. Migne,1862,Greek,32768,data/tlg2042/tlg052,data
tlg2042.tlg055.1st1K-grc1.xml,urn:cts:greekLit:tlg2042.tlg055.1st1K-grc1,Selecta in Judices,Origenes,Charles de La Rue,J. P. Migne,1862,Greek,9300,data/tlg2042/tlg055,data
tlg2042.tlg001.perseus-grc1.xml,urn:cts:greekLit:tlg2042.tlg001.perseus-grc1,Contra Celsum,Origenes,Paul Koetschau,J. C. Hinrichs'sche Buchhandlung,1899,Greek,2195910,data/tlg2042/tlg001,data
tlg2042.tlg006.1st1K-grc1.xml,urn:cts:greekLit:tlg2042.tlg006.1st1K-grc1,Fragmenta In Evangelium Joannis (In Catenis),Origenes,Erwin Preuschen,J. C. Hinrichs'sche Buchhandlung,1903,Greek,495150,data/tlg2042/tlg006,data
tlg2042.tlg030.opp-lat1.xml,,Commentarium In Evangelium Matthaei (Lib. 12-17),Origen,Erich Klostermann,J. C. Hinrichs'sche Buchhandlung,1935-1937,Latin,819290,data/tlg2042/tlg030,data
tlg2042.tlg030.opp-grc1.xml,urn:cts:greekLit:tlg2042.tlg030.opp-grc1,Commentarium In Evangelium Matthaei (Lib. 12-17),Origen,Erich Klostermann,J. C. Hinrichs'sche Buchhandlung,1935-1937,Greek,1534560,data/tlg2042/tlg030,data
tlg2042.tlg008.perseus-grc1.xml,urn:cts:greekLit:tlg2042.tlg008.perseus-grc1,De oratione,Origenes,Paul Koetschau,J.C. Hinrich'sche Buchhandlung,1899,Greek,427880,data/tlg2042/tlg008,data
tlg2042.tlg015.opp-grc1.xml,urn:cts:greekLit:tlg2042.tlg015.opp-grc1,"Fragmentum In Librum Primum Regnorum (In Catenis de Cantico
                    Canticorum)",Origenes,Erich Klostermann,J. C. Hinrichs'Sche Buchhandlung,1901,Greek,7232,data/tlg2042/tlg015,data
tlg2042.tlg012.opp-grc1.xml,urn:cts:greekLit:tlg2042.tlg012.opp-grc1,Fragmentum in Lamentationes (In Catenis de Octateucho),Origenes,Erich Klostermann,J. C. Hinrichs'Sche Buchhandlung,1901,Greek,6869,data/tlg2042/tlg012,data
tlg2042.tlg048.1st1K-grc1.xml,urn:cts:greekLit:tlg2042.tlg048.1st1K-grc1,Selecta in Genesim,Origenes,Charles de La Rue,J. P. Migne,1862,Greek,173563,data/tlg2042/tlg048,data
tlg2042.tlg077.1st1K-grc1.xml,urn:cts:greekLit:tlg2042.tlg077.1st1K-grc1,Scholia in Matthaeum,Origen,Charles de La Rue,J. P. Migne,1857,Greek,60959,data/tlg2042/tlg077,data
tlg2042.tlg070.1st1K-grc1.xml,urn:cts:greekLit:tlg2042.tlg070.1st1K-grc1,Adnotationes in Deuteronomium (fragmenta e catenis),Origen,Charles de La Rue,J. P. Migne,1857,Greek,32259,data/tlg2042/tlg070,data
tlg2042.tlg084.opp-grc1.xml,urn:cts:greekLit:tlg2042.tlg084.opp-grc1,Fragmenta In Jeremiam (E Philocalia),Origenes,Erich Klostermann,J. C. Hinrichs'Sche Buchhandlung,1901,Greek,20938,data/tlg2042/tlg084,data
tlg2042.tlg079.1st1K-grc1.xml,urn:cts:greekLit:tlg2042.tlg079.1st1K-grc1,"Commentarii in evangelium Joannis (lib. 19, 20, 28, 32)",Origen,Erwin Preuschen,J. C. Hinrichs'sche Buchhandlung,1903,Greek,918982,data/tlg2042/tlg079,data
tlg2042.tlg013.opp-grc1.xml,urn:cts:greekLit:tlg2042.tlg013.opp-grc1,De Engastrimytho,Origenes,Erich Klostermann,J. C. Hinrichs'Sche Buchhandlung,1901,Greek,66360,data/tlg2042/tlg013,data
tlg2042.tlg014.opp-grc1.xml,urn:cts:greekLit:tlg2042.tlg014.opp-grc1,"Fragmenta in Librum Primum Regnorum (In Catenis de Samuelis et
                    Regnorum)",Origenes,Erich Klostermann,J. C. Hinrichs'Sche Buchhandlung,1901,Greek,48888,data/tlg2042/tlg014,data
tlg2042.tlg078.1st1K-grc1.xml,urn:cts:greekLit:tlg2042.tlg078.1st1K-grc1,Scholia in Lucam (fragmenta e cod. Venet. 28),Origen,Charles de La Rue,J. P. Migne,1857,Greek,152369,data/tlg2042/tlg078,data
tlg2042.tlg071.1st1K-grc1.xml,urn:cts:greekLit:tlg2042.tlg071.1st1K-grc1,Adnotationes in Jesu filium Nave (fragmenta e catenis),Origen,Charles de La Rue,J. P. Migne,1857,Greek,6852,data/tlg2042/tlg071,data
tlg2042.tlg076.1st1K-grc1.xml,urn:cts:greekLit:tlg2042.tlg076.1st1K-grc1,Scholia in Canticum canticorum,Origen,Charles de La Rue,J. P. Migne,1857,Greek,98972,data/tlg2042/tlg076,data
tlg2042.tlg050.1st1K-grc1.xml,urn:cts:greekLit:tlg2042.tlg050.1st1K-grc1,Selecta in Exodum,Origenes,Charles de La Rue,J. P. Migne,1862,Greek,55259,data/tlg2042/tlg050,data
tlg2042.tlg057.1st1K-grc1.xml,urn:cts:greekLit:tlg2042.tlg057.1st1K-grc1,Selecta in Job,Origenes,Charles de La Rue,J. P. Migne,1862,Greek,55287,data/tlg2042/tlg057,data
tlg2042.tlg068.1st1K-grc1.xml,urn:cts:greekLit:tlg2042.tlg068.1st1K-grc1,Adnotationes in Leviticum (fragmenta e catenis),Origen,Charles de La Rue,J. P. Migne,1857,fre,12245,data/tlg2042/tlg068,data
tlg2042.tlg061.1st1K-grc1.xml,urn:cts:greekLit:tlg2042.tlg061.1st1K-grc1,Fragmenta in Ezechielem,Origen,Charles de La Rue,J. P. Migne,1857,Greek,7972,data/tlg2042/tlg061,data
tlg2042.tlg066.1st1K-grc1.xml,urn:cts:greekLit:tlg2042.tlg066.1st1K-grc1,Adnotationes in Genesim,Origen,Charles de La Rue,J. P. Migne,1857,fre,13040,data/tlg2042/tlg066,data
tlg2042.tlg005.1st1K-grc1.xml,urn:cts:greekLit:tlg2042.tlg005.1st1K-grc1,Commentarii in Evangelium Joannis,Origenes,Erwin Preuschen,J. C. Hinrich'sche Buchhandlung,1903,Greek,3203003,data/tlg2042/tlg005,data
tlg2042.tlg067.1st1K-grc1.xml,urn:cts:greekLit:tlg2042.tlg067.1st1K-grc1,Adnotationes in Exodum,Origen,Charles de La Rue,J. P. Migne,1857,Greek,7415,data/tlg2042/tlg067,data
tlg2042.tlg058.1st1K-grc1.xml,urn:cts:greekLit:tlg2042.tlg058.1st1K-grc1,Selecta in Psalmos [Dub.],Origen,Charles de La Rue,J. P. Migne,1862,fre,1384090,data/tlg2042/tlg058,data
tlg2042.tlg069.1st1K-grc1.xml,urn:cts:greekLit:tlg2042.tlg069.1st1K-grc1,Adnotationes in Numeros,Origen,Charles de La Rue,J. P. Migne,1857,Greek,9726,data/tlg2042/tlg069,data
tlg2042.tlg051.1st1K-grc1.xml,urn:cts:greekLit:tlg2042.tlg051.1st1K-grc1,Selecta in Leviticum,Origenes,Charles de La Rue,J. P. Migne,1862,Greek,28491,data/tlg2042/tlg051,data
tlg2042.tlg073.1st1K-grc1.xml,urn:cts:greekLit:tlg2042.tlg073.1st1K-grc1,"Homiliae in Job (fragmenta in catenis, typus II)",Origen,Charles de La Rue,J. P. Migne,1857,fre,130729,data/tlg2042/tlg073,data
tlg2042.tlg074.1st1K-grc1.xml,urn:cts:greekLit:tlg2042.tlg074.1st1K-grc1,Excerpta in Psalmos [Dub.],Origen,Charles de La Rue,J. P. Migne,1857,Greek,121461,data/tlg2042/tlg074,data
tlg2042.tlg045.1st1K-grc1.xml,urn:cts:greekLit:tlg2042.tlg045.1st1K-grc1,Epistula ad Africanum,Origenes,Charles de La Rue,J. P. Migne,1857,Greek,85092,data/tlg2042/tlg045,data
tlg2042.tlg011.opp-grc1.xml,urn:cts:greekLit:tlg2042.tlg011.opp-grc1,Fragmenta In Lamentationes (In Catenis de Prophetis),Origenes,Erich Klostermann,J. C. Hinrichs'Sche Buchhandlung,1901,Greek,205241,data/tlg2042/tlg011,data
tlg2042.tlg016.opp-grc1.xml,urn:cts:greekLit:tlg2042.tlg016.opp-grc1,Homiliae In Lucam,Origenes,Max Rauer,J. C. Hinrichs'Sche Buchhandlung,1930,Greek,788087,data/tlg2042/tlg016,data
tlg2042.tlg029.opp-grc1.xml,urn:cts:greekLit:tlg2042.tlg029.opp-grc1,Commentarium In Evangelium Matthaei (Lib. 10-11),Origenes,Erich Klostermann,J. C. Hinrichs'Sche Buchhandlung,1935,Greek,421090,data/tlg2042/tlg029,data
tlg2042.tlg044.1st1K-grc1.xml,urn:cts:greekLit:tlg2042.tlg044.1st1K-grc1,Fragmenta in Psalmos 1-150 [Dub.],Origen,Jean Baptiste Pitra,A. Jouby et Roger,1884,Greek,131684,data/tlg2042/tlg044,data
tlg2042.tlg075.1st1K-grc1.xml,urn:cts:greekLit:tlg2042.tlg075.1st1K-grc1,Expositio in Proverbia (fragmenta e catenis),Origen,Charles de La Rue,J. P. Migne,1857,Greek,246229,data/tlg2042/tlg075,data
tlg2042.tlg086.1st1K-grc1.xml,urn:cts:greekLit:tlg2042.tlg086.1st1K-grc1,"Homiliae in Job (fragmenta in catenis, typus I+II) (e codd. Vat.)",Origen,Jean Baptiste Pitra,A. Jouby et Roger,1884,Greek,104964,data/tlg2042/tlg086,data
tlg2042.tlg072.1st1K-grc1.xml,urn:cts:greekLit:tlg2042.tlg072.1st1K-grc1,Adnotationes in Judices,Origen,Charles de La Rue,J. P. Migne,1857,Greek,6058,data/tlg2042/tlg072,data
tlg2042.tlg019.1st1K-grc1.xml,urn:cts:greekLit:tlg2042.tlg019.1st1K-grc1,Philocalia,Origen,James Armitage Robinson,Cambridge University Press,1893,Greek,948375,data/tlg2042/tlg019,data
tlg2042.tlg021.opp-grc1.xml,urn:cts:greekLit:tlg2042.tlg021.opp-grc1,In Jeremiam (Homiliae 12-20),Origenes,Erich Klostermann,J. C. Hinrichs'Sche Buchhandlung,1901,Greek,679381,data/tlg2042/tlg021,data
tlg2042.tlg017.opp-grc1.xml,urn:cts:greekLit:tlg2042.tlg017.opp-grc1,Fragmenta in Lucam (in catenis),Origenes,Max Rauer,J. C. Hinrichs'Sche Buchhandlung,1930,Greek,347150,data/tlg2042/tlg017,data
tlg2042.tlg028.1st1K-lat1.xml,,Commentariorum Series In Evangelium Matthaei,Origenes,Erich Klostermann,J. C. Hinrichs'Sche Buchhandlung,1933,Greek,815471,data/tlg2042/tlg028,data
tlg2042.tlg010.opp-grc1.xml,urn:cts:greekLit:tlg2042.tlg010.opp-grc1,Fragmenta In Jeremiam (in Catenis),Origenes,Erich Klostermann,J. C. Hinrichs'sche Buchhandlung,1901,Greek,167634,data/tlg2042/tlg010,data
tlg0385.tlg001.perseus-grc2.xml,urn:cts:greekLit:tlg0385.tlg001.perseus-grc2,Ῥωμαϊκὴ Ἱστορία (Books 36-55),Cassius Dio Cocceianus,Earnest Cary,William Heinemann,1914-1917,Greek,3177577,data/tlg0385/tlg001,data
tlg1634.tlg002.1st1K-grc1.xml,urn:cts:greekLit:tlg1634.tlg002.1st1K-grc1,Fragmenta,Prodicus,Hermann Diels,Weidmann,1922,Greek,31325,data/tlg1634/tlg002,data
tlg4174.tlg001.1st1K-grc1.xml,urn:cts:greekLit:tlg4174.tlg001.1st1K-grc1,In Dionysii periegetae orbis descriptionem,Anonymous,Karl Müller,Ambroise-Firmin Didot,1861,Greek,179217,data/tlg4174/tlg001,data
tlg2045.tlg001.perseus-grc2.xml,urn:cts:greekLit:tlg2045.tlg001.perseus-grc2,Διονυσιακά,Nonnus of Panopolis,W.H.D. Rouse,William Heinemann Ltd.,1940-1942,Greek,3601358,data/tlg2045/tlg001,data
stoa0033a.tlg043.1st1K-grc1.xml,urn:cts:greekLit:stoa0033a.tlg043.1st1K-grc1,De spiritu,pseudo-Aristotle,Immanuel Bekker,Oxford University Press,1837,Greek,46079,data/stoa0033a/tlg043,data
stoa0033a.tlg028.1st1K-grc1.xml,urn:cts:greekLit:stoa0033a.tlg028.1st1K-grc1,De mundo,pseudo-Aristotle,Immanuel Bekker,Oxford University Press,1837,Greek,91438,data/stoa0033a/tlg028,data
tlg1272.tlg001.1st1K-grc1.xml,urn:cts:greekLit:tlg1272.tlg001.1st1K-grc1,Μετέωρα,Cleomedes,Hermann Ziegler,Teubner,1891,Greek,353220,data/tlg1272/tlg001,data
tlg1286.tlg009.1st1K-grc1.xml,urn:cts:greekLit:tlg1286.tlg009.1st1K-grc1,"Ἑρμοῦ τοῦ τρισμεγίστου. περὶ νοήσεως καὶ αἰσθήσεως 
[καὶ ὅτι ἐν μόνῳ τῷ θεῷ τὸ καλὸν καὶ τὸ ἀγαθόν ἐστιν, ἀλλαχόθι δὲ οὐδαμοῦ]",Anonymous,,Oxford University Press,1924,Greek,17841,data/tlg1286/tlg009,data
tlg1286.tlg007.1st1K-grc1.xml,urn:cts:greekLit:tlg1286.tlg007.1st1K-grc1,[Ἑρμοῦ τοῦ τρισμεγίστου.] ὅτι μέγιστον κακὸν ἐν τοῖς ἀνθρώποις ἡ περὶ τοῦ θεοῦ ἀγνωσία,Anonymous,,Oxford University Press,1924,Greek,8224,data/tlg1286/tlg007,data
tlg1286.tlg001.1st1K-grc1.xml,urn:cts:greekLit:tlg1286.tlg001.1st1K-grc1,[Ἑρμοῦ τρισμεγίστου] Ποιμάνδρης,Anonymous,,Oxford University Press,1924,Greek,37788,data/tlg1286/tlg001,data
tlg1286.tlg006.1st1K-grc1.xml,urn:cts:greekLit:tlg1286.tlg006.1st1K-grc1,"Ἑρμοῦ τοῦ τρισμεγίστου. ὅτι ἐν μόνῳ τῷ θεῷ τὸ ἀγαθόν ἐστιν, ἀλλαχόθι δὲ οὐδαμοῦ",Anonymous,Walter Scott,Oxford University Press,1924,Greek,13424,data/tlg1286/tlg006,data
tlg1286.tlg008.1st1K-grc1.xml,urn:cts:greekLit:tlg1286.tlg008.1st1K-grc1,"Ἑρμοῦ τοῦ τρισμεγίστου. ὅτι οὐδὲν τῶν ὄντων ἀπόλλυται, ἀλλὰ τὰς μεταβολὰς ἀπωλείας καὶ θανάτους πλανώμενοι λέγουσιν
",Anonymous,Walter Scott,Oxford University Press,1924,Greek,9522,data/tlg1286/tlg008,data
tlg1286.tlg012.1st1K-grc1.xml,urn:cts:greekLit:tlg1286.tlg012.1st1K-grc1,Ἑρμοῦ τοῦ τρισμεγίστου περὶ νοῦ ⎡κοινοῦ⎤ πρὸς Τάτ,Anonymous,Walter Scott,Oxford University Press,1924,Greek,30756,data/tlg1286/tlg012,data
tlg1286.tlg013.1st1K-grc1.xml,urn:cts:greekLit:tlg1286.tlg013.1st1K-grc1,Ἑρμοῦ τοῦ τρισμεγίστου πρὸς τὸν υἱὸν Τὰτ [ἐν ὄρει] λόγος ἀπόκρυφος περὶ παλιγγενεσίας [καὶ σιγῆς ἐπαγγελίας],Anonymous,,Oxford University Press,1924,Greek,34645,data/tlg1286/tlg013,data
tlg1286.tlg014.1st1K-grc1.xml,urn:cts:greekLit:tlg1286.tlg014.1st1K-grc1,Ἑρμοῦ τοῦ τρισμεγίστου Ἀσκληπιῷ εὖ φρονεῖν,Anonymous,Walter Scott,Oxford University Press,1924,Greek,13822,data/tlg1286/tlg014,data
tlg1286.tlg003.1st1K-grc1.xml,urn:cts:greekLit:tlg1286.tlg003.1st1K-grc1,Ἑρμοῦ τοῦ τρισμεγίστου λόγος ἱερός,Anonymous,Walter Scott,Oxford University Press,1924,Greek,10106,data/tlg1286/tlg003,data
tlg1286.tlg004.1st1K-grc1.xml,urn:cts:greekLit:tlg1286.tlg004.1st1K-grc1,Ἑρμοῦ πρὸς Τάτ. ὁ κρατήρ. [ἡ μονάς],Anonymous,Walter Scott,Oxford University Press,1924,Greek,16486,data/tlg1286/tlg004,data
tlg1286.tlg005.1st1K-grc1.xml,urn:cts:greekLit:tlg1286.tlg005.1st1K-grc1,Ἑρμοῦ πρὸς Τὰτ υἱόν. ὅτι ἀφανὴς ⟨...⟩ θεὸς φανερώτατός ἐστι,Anonymous,Walter Scott,Oxford University Press,1924,Greek,18687,data/tlg1286/tlg005,data
tlg1286.tlg002.1st1K-grc1.xml,urn:cts:greekLit:tlg1286.tlg002.1st1K-grc1,⟨Ἑρμοῦ τρισμεγιστου πρὸς Ἀσκληπιόν⟩,Anonymous,Walter Scott,Oxford University Press,1924,Greek,21663,data/tlg1286/tlg002,data
tlg1286.tlg011.1st1K-grc1.xml,urn:cts:greekLit:tlg1286.tlg011.1st1K-grc1,Νοῦ πρὸς Ἑρμῆν,Anonymous,,Oxford University Press,1924,Greek,36789,data/tlg1286/tlg011,data
tlg1286.tlg016.1st1K-grc1.xml,urn:cts:greekLit:tlg1286.tlg016.1st1K-grc1,[ὅροι] Ἀσκληπιοῦ πρὸς Ἄμμωνα βασιλέα,Anonymous,,Oxford University Press,1924,Greek,21583,data/tlg1286/tlg016,data
tlg1286.tlg020.1st1K-grc1.xml,urn:cts:greekLit:tlg1286.tlg020.1st1K-grc1,Stobaei Hermetica,Anonymous,Walter Scott,Oxford University Press,1924,Greek,262866,data/tlg1286/tlg020,data
tlg1286.tlg018.1st1K-grc1.xml,urn:cts:greekLit:tlg1286.tlg018.1st1K-grc1,[περὶ τῆς ὑπὸ τοῦ πάθους τοῦ σώματος ἐμποδιζομένης ψυχῆς],Anonymous,Walter Scott,Oxford University Press,1924,Greek,23470,data/tlg1286/tlg018,data
tlg1286.tlg019.1st1K-lat1.xml,urn:cts:greekLit:tlg1286.tlg019.1st1K-lat1,Ἑρμοῦ τρισμεγίστου βίβλος ἱερὰ πρὸς Ἀσκληπιὸν προσφωνηθεῖσα,Anonymous,,Oxford University Press,1924,Greek,94648,data/tlg1286/tlg019,data
tlg1286.tlg017.1st1K-grc1.xml,urn:cts:greekLit:tlg1286.tlg017.1st1K-grc1,Dialogus (sine titulo),Anonymous,,Oxford University Press,1924,Greek,6015,data/tlg1286/tlg017,data
tlg1286.tlg010.1st1K-grc1.xml,urn:cts:greekLit:tlg1286.tlg010.1st1K-grc1,Ἑρμοῦ τοῦ τρισμεγίστου. Κλείς,Anonymous,Walter Scott,Oxford University Press,1924,Greek,37387,data/tlg1286/tlg010,data
tlg2058.tlg001.1st1K-grc1.xml,urn:cts:greekLit:tlg2058.tlg001.1st1K-grc1,Historia ecclesiastica (fragmenta ap. Photium),Philostorgius,Joseph Bidez,J. C. Hinrichs'sche Buchhandlung,1913,Greek,633918,data/tlg2058/tlg001,data
tlg0708.tlg001.1st1K-grc1.xml,urn:cts:greekLit:tlg0708.tlg001.1st1K-grc1,περὶ ὁμοίων καὶ διαφόρων λέξεων,Ammonius Grammaticus,Klaus Nickau,Teubner,1966,Greek,266118,data/tlg0708/tlg001,data
tlg4193.tlg012.1st1K-grc1.xml,urn:cts:greekLit:tlg4193.tlg012.1st1K-grc1,In Aristotelis sophisticos elenchos paraphrasis,Anonymi in Aristotelis Sophisticos Elenchos,Michael Hayduck,Reimer,1884,Greek,489218,data/tlg4193/tlg012,data
tlg0533.tlg009.1st1K-grc1.xml,urn:cts:greekLit:tlg0533.tlg009.1st1K-grc1,Hecala,Callimachus,A. W. Mair,William Heinemann,1921,Greek,40540,data/tlg0533/tlg009,data
tlg0533.tlg007.1st1K-grc1.xml,urn:cts:greekLit:tlg0533.tlg007.1st1K-grc1,Iambi,Callimachus,A. W. Mair,William Heinemann,1921,Greek,36670,data/tlg0533/tlg007,data
tlg0533.tlg006.1st1K-grc1.xml,urn:cts:greekLit:tlg0533.tlg006.1st1K-grc1,Aetia,Callimachus,A. W. Mair,William Heinemann,1921,Greek,41535,data/tlg0533/tlg006,data
tlg0533.tlg015.perseus-grc4.xml,urn:cts:greekLit:tlg0533.tlg015.perseus-grc4,εἰς Δία,Callimachus,Ulrich von Wilamowitz-Moellendorff,Weidmann,1897,Greek,19157,data/tlg0533/tlg015,data
tlg0533.tlg015.perseus-grc3.xml,urn:cts:greekLit:tlg0533.tlg015.perseus-grc3,εἰς Δία,Callimachus,A. W. Mair,William Heinemann,1921,Greek,22133,data/tlg0533/tlg015,data
tlg0533.tlg003.perseus-grc2.xml,urn:cts:greekLit:tlg0533.tlg003.perseus-grc2,Ἐπιγράμματα,Callimachus,Ulrich von Wilamowitz-Moellendorff,Weidmann,1897,Greek,59524,data/tlg0533/tlg003,data
tlg0533.tlg004.perseus-grc2.xml,urn:cts:greekLit:tlg0533.tlg004.perseus-grc2,Ἐπιγράμματα,Callimachus,A. W. Mair,William Heinemann,1921,Greek,64133,data/tlg0533/tlg004,data
tlg0533.tlg016.perseus-grc4.xml,urn:cts:greekLit:tlg0533.tlg016.perseus-grc4,εἰς Απόλλωνα,Callimachus,Ulrich von Wilamowitz-Moellendorff,Weidmann,1897,Greek,22004,data/tlg0533/tlg016,data
tlg0533.tlg016.perseus-grc3.xml,urn:cts:greekLit:tlg0533.tlg016.perseus-grc3,εἰς Απόλλωνα,Callimachus,A. W. Mair,William Heinemann,1921,Greek,22696,data/tlg0533/tlg016,data
tlg0533.tlg020.perseus-grc4.xml,urn:cts:greekLit:tlg0533.tlg020.perseus-grc4,εἰς Δήμητρα,Callimachus,Ulrich von Wilamowitz-Moellendorff,Weidmann,1897,Greek,25963,data/tlg0533/tlg020,data
tlg0533.tlg020.perseus-grc3.xml,urn:cts:greekLit:tlg0533.tlg020.perseus-grc3,εἰς Δήμητρα,Callimachus,A. W. Mair,William Heinemann,1921,Greek,28226,data/tlg0533/tlg020,data
tlg0533.tlg018.perseus-grc3.xml,urn:cts:greekLit:tlg0533.tlg018.perseus-grc3,εἰς Δῆλον,Callimachus,A. W. Mair,William Heinemann,1921,Greek,59937,data/tlg0533/tlg018,data
tlg0533.tlg018.perseus-grc4.xml,urn:cts:greekLit:tlg0533.tlg018.perseus-grc4,εἰς Δῆλον,Callimachus,Ulrich von Wilamowitz-Moellendorff,Weidmann,1897,Greek,55286,data/tlg0533/tlg018,data
tlg0533.tlg019.perseus-grc3.xml,urn:cts:greekLit:tlg0533.tlg019.perseus-grc3,εἰς Λουτρά τῆς Παλλάδος,Callimachus,A. W. Mair,William Heinemann,1921,Greek,29632,data/tlg0533/tlg019,data
tlg0533.tlg019.perseus-grc4.xml,urn:cts:greekLit:tlg0533.tlg019.perseus-grc4,εἰς Λουτρά τῆς Παλλάδος,Callimachus,Ulrich von Wilamowitz-Moellendorff,Weidmann,1897,Greek,26391,data/tlg0533/tlg019,data
tlg0533.tlg017.perseus-grc4.xml,urn:cts:greekLit:tlg0533.tlg017.perseus-grc4,εἰς Ἄρτεμιν,Callimachus,Ulrich von Wilamowitz-Moellendorff,Weidmann,1897,Greek,46601,data/tlg0533/tlg017,data
tlg0533.tlg017.perseus-grc3.xml,urn:cts:greekLit:tlg0533.tlg017.perseus-grc3,εἰς Ἄρτεμιν,Callimachus,A. W. Mair,William Heinemann,1921,Greek,50216,data/tlg0533/tlg017,data
tlg0362.tlg001.1st1K-grc1.xml,urn:cts:greekLit:tlg0362.tlg001.1st1K-grc1,Carmina Delphis Inventa,Carmina Delphis Inventa,Karl von Jan,Teubner,1895,Greek,20014,data/tlg0362/tlg001,data
tlg2806.tlg001.1st1K-grc1.xml,urn:cts:greekLit:tlg2806.tlg001.1st1K-grc1,Vita Porphyrii episcopi Gazensis,Marcus Diaconus,Societatis philologae bonnensis sodales,Teubner,1895,Greek,337568,data/tlg2806/tlg001,data
tlg1210.tlg001.1st1K-grc1.xml,urn:cts:greekLit:tlg1210.tlg001.1st1K-grc1,De Sphaera Quae Movetur,Autolycus,Friedrich Hultsch,Teubner,1885,Greek,64185,data/tlg1210/tlg001,data
tlg1210.tlg002.1st1K-grc1.xml,urn:cts:greekLit:tlg1210.tlg002.1st1K-grc1,De Ortibus et Occasibus,Autolycus,Friedrich Hultsch,Teubner,1885,Greek,175441,data/tlg1210/tlg002,data
tlg0594.tlg002.1st1K-grc1.xml,urn:cts:greekLit:tlg0594.tlg002.1st1K-grc1,Περὶ τῶν τῆς διανοίας καὶ τῆς λέξεως σχημάτων,Alexander Numenius,Leonhard von Spengel,Teubner,1856,Greek,96687,data/tlg0594/tlg002,data
tlg0560.tlg001.perseus-grc2.xml,urn:cts:greekLit:tlg0560.tlg001.perseus-grc2,Περὶ ὕψους,Longinus,William Rhys Roberts,Cambridge University Press,1907,greek,204474,data/tlg0560/tlg001,data
tlg0593.1st1K002.1st1K-grc1.xml,urn:cts:greekLit:tlg0593.1st1K002.1st1K-grc1,Ὑπέρ Παλαμήδους ἀπολογία,Gorgias of Leontini,Friedrich Blass,Teubner,1908,Greek,37726,data/tlg0593/1st1K002,data
tlg0593.1st1K001.1st1K-grc1.xml,urn:cts:greekLit:tlg0593.1st1K001.1st1K-grc1,Ἑλένης ἐγκώμιον,Gorgias of Leontini,Friedrich Blass,Teubner,1908,Greek,23445,data/tlg0593/1st1K001,data
tlg1441.tlg001.1st1K-grc1.xml,urn:cts:greekLit:tlg1441.tlg001.1st1K-grc1,Babyloniaca,Iamblichus,Hugo Hinck,Teubner,1873,Greek,19591,data/tlg1441/tlg001,data
tlg0551.tlg009.perseus-grc2.xml,urn:cts:greekLit:tlg0551.tlg009.perseus-grc2,Λιβυκή,Appian,Ludwig Mendelssohn,Teubner,1879,Greek,351568,data/tlg0551/tlg009,data
tlg0551.tlg009.perseus-eng2.xml,,Punic Wars,Appian,Horace White,The Macmillan Company,1899,English,231543,data/tlg0551/tlg009,data
tlg0551.tlg007.perseus-grc2.xml,urn:cts:greekLit:tlg0551.tlg007.perseus-grc2,Ιβηρική,Appian,Ludwig Mendelssohn,Teubner,1879,Greek,232403,data/tlg0551/tlg007,data
tlg0551.tlg007.perseus-eng2.xml,,Wars in Spain,Appian,Horace White,The Macmillan Company,1899,English,158597,data/tlg0551/tlg007,data
tlg0551.tlg001.perseus-eng2.xml,,Preface,Appian,Horace White,The Macmillan Company,1899,English,24635,data/tlg0551/tlg001,data
tlg0551.tlg006.perseus-grc2.xml,urn:cts:greekLit:tlg0551.tlg006.perseus-grc2,ἐκ τῆς Σικελῖκης καὶ νησιωτικής,Appian,Ludwig Mendelssohn,Teubner,1879,Greek,18657,data/tlg0551/tlg006,data
tlg0551.tlg006.perseus-eng2.xml,,Sicily and the Other Islands,Appian,Horace White,The Macmillan Company,1899,English,16604,data/tlg0551/tlg006,data
tlg0551.tlg008.perseus-grc2.xml,urn:cts:greekLit:tlg0551.tlg008.perseus-grc2,Ἀννιβαϊκή,Appian,Ludwig Mendelssohn,Teubner,1879,Greek,138709,data/tlg0551/tlg008,data
tlg0551.tlg008.perseus-eng2.xml,,Hannibalic War,Appian,Horace White,The Macmillan Company,1899,English,93866,data/tlg0551/tlg008,data
tlg0551.tlg012.perseus-grc2.xml,urn:cts:greekLit:tlg0551.tlg012.perseus-grc2,Ἰλλυρική,Appian,Ludwig Mendelssohn,Teubner,1879,Greek,71277,data/tlg0551/tlg012,data
tlg0551.tlg012.perseus-eng2.xml,,Illyrian Wars,Appian,Horace White,The Macmillan Company,1899,English,48761,data/tlg0551/tlg012,data
tlg0551.tlg013.perseus-grc2.xml,urn:cts:greekLit:tlg0551.tlg013.perseus-grc2,Συριακή,Appian,Ludwig Mendelssohn,Teubner,1879,Greek,194296,data/tlg0551/tlg013,data
tlg0551.tlg013.perseus-eng2.xml,,Syrian Wars,Appian,Horace White,The Macmillan Company,1899,English,125691,data/tlg0551/tlg013,data
tlg0551.tlg014.perseus-eng2.xml,,Mithridatic Wars,Appian,Horace White,The Macmillan Company,1899,English,218456,data/tlg0551/tlg014,data
tlg0551.tlg014.perseus-grc2.xml,urn:cts:greekLit:tlg0551.tlg014.perseus-grc2,Μιθριδάτειος,Appian,Ludwig Mendelssohn,Teubner,1879,English,340919,data/tlg0551/tlg014,data
tlg0551.tlg003.perseus-grc2.xml,urn:cts:greekLit:tlg0551.tlg003.perseus-grc2,ἐκ τῆς Ἰταλικῆς,Appian,Ludwig Mendelssohn,Teubner,1879,Greek,21274,data/tlg0551/tlg003,data
tlg0551.tlg003.perseus-eng2.xml,,Italy,Appian,Horace White,The Macmillan Company,1899,English,17943,data/tlg0551/tlg003,data
tlg0551.tlg004.perseus-eng2.xml,,Samnite History,Appian,Horace White,The Macmillan Company,1899,English,36589,data/tlg0551/tlg004,data
tlg0551.tlg004.perseus-grc2.xml,urn:cts:greekLit:tlg0551.tlg004.perseus-grc2,ἐκ τῆς Σαυνιτικῆς,Appian,Ludwig Mendelssohn,Teubner,1879,Greek,54696,data/tlg0551/tlg004,data
tlg0551.tlg005.perseus-eng2.xml,,Gallic History,Appian,Horace White,The Macmillan Company,1899,English,30307,data/tlg0551/tlg005,data
tlg0551.tlg005.perseus-grc2.xml,urn:cts:greekLit:tlg0551.tlg005.perseus-grc2,ἐκ τῆς Κελτῖκης,Appian,Ludwig Mendelssohn,Teubner,1879,Greek,39543,data/tlg0551/tlg005,data
tlg0551.tlg002.perseus-grc2.xml,urn:cts:greekLit:tlg0551.tlg002.perseus-grc2,ἐκ τῆς βασιλικῆς,Appian,Ludwig Mendelssohn,Teubner,1879,Greek,18436,data/tlg0551/tlg002,data
tlg0551.tlg002.perseus-eng2.xml,,Kings,Appian,Horace White,The Macmillan Company,1899,English,14200,data/tlg0551/tlg002,data
tlg0551.tlg011.perseus-eng2.xml,,Macedonian Affairs,Appian,Horace White,The Macmillan Company,1899,English,39556,data/tlg0551/tlg011,data
tlg0551.tlg011.perseus-grc2.xml,urn:cts:greekLit:tlg0551.tlg011.perseus-grc2,ἐκ τῆς Μακεδονικῆς,Appian,Ludwig Mendelssohn,Teubner,1879,Greek,59608,data/tlg0551/tlg011,data
tlg0551.tlg017.perseus-grc2.xml,urn:cts:greekLit:tlg0551.tlg017.perseus-grc2,Ἐμφυλίων Πρώτη,Appian,Ludwig Mendelssohn,Teubner,1881,Greek,1556600,data/tlg0551/tlg017,data
tlg0551.tlg017.perseus-eng2.xml,,The Civil Wars,Appian,Horace White,The Macmillan Company,1899,English,1314147,data/tlg0551/tlg017,data
tlg0551.tlg010.perseus-eng2.xml,,Numidian Affairs,Appian,Horace White,The Macmillan Company,1899,English,7871,data/tlg0551/tlg010,data
tlg0551.tlg010.perseus-grc2.xml,urn:cts:greekLit:tlg0551.tlg010.perseus-grc2,ἐκ τῆς Νομαδικῆς,Appian,Ludwig  Mendelssohn,Teubner,1879,Greek,9652,data/tlg0551/tlg010,data
tlg5023.tlg001.1st1K-grc1.xml,urn:cts:greekLit:tlg5023.tlg001.1st1K-grc1,Scholia in Euripidem (scholia vetera),Scholia in Euripidem,Eduard Schwartz,G. Reimer,1887,Greek,3933841,data/tlg5023/tlg001,data
tlg5023.tlg015.1st1K-grc1.xml,urn:cts:greekLit:tlg5023.tlg015.1st1K-grc1,"Scholia in Euripidis Orestem (scholia vetera et scholia recentiora Thomae Magistri, Triclinii, Moschopuli et anonyma)",Scholia in Euripidem,Wilhelm Dindorf,Oxford University Press,1863,Greek,1810243,data/tlg5023/tlg015,data
tlg5023.tlg012.1st1K-grc1.xml,urn:cts:greekLit:tlg5023.tlg012.1st1K-grc1,Scholia in Euripidis Troiades,Scholia in Euripidem,Wilhelm Dindorf,Oxford University Press,1863,Greek,158396,data/tlg5023/tlg012,data
tlg5023.tlg013.1st1K-grc1.xml,urn:cts:greekLit:tlg5023.tlg013.1st1K-grc1,Scholia in Euripidis Hippolytum,Scholia in Euripidem,Wilhelm Dindorf,Oxford University Press,1863,Greek,693913,data/tlg5023/tlg013,data
tlg5023.tlg014.1st1K-grc1.xml,urn:cts:greekLit:tlg5023.tlg014.1st1K-grc1,"Scholia in Euripidis Hecubam (scholia vetera et scholia
                    recentiora Thomae Magistri, Triclinii, Moschopuli et anonyma)",Scholia in Euripidem,Wilhelm Dindorf,Oxford University Press,1863,Greek,1709602,data/tlg5023/tlg014,data
tlg5023.tlg011.1st1K-grc1.xml,urn:cts:greekLit:tlg5023.tlg011.1st1K-grc1,Scholia in Euripidis Rhesum,Scholia in Euripidem,Wilhelm Dindorf,Oxford University Press,1863,Greek,129879,data/tlg5023/tlg011,data
tlg5023.tlg016.1st1K-grc1.xml,urn:cts:greekLit:tlg5023.tlg016.1st1K-grc1,"Scholia in Euripidis Phoenissas (scholia vetera et scholia recentiora Thomae Magistri, Triclinii, Moschopuli et anonyma)",Scholia in Euripidem,Wilhelm Dindorf,Oxford University Press,1863,Greek,1938348,data/tlg5023/tlg016,data
tlg5023.tlg010.1st1K-grc1.xml,urn:cts:greekLit:tlg5023.tlg010.1st1K-grc1,Vitae Euripidis,Scholia in Euripidem,Wilhelm Dindorf,Oxford University Press,1863,Greek,71782,data/tlg5023/tlg010,data
tlg2034.tlg007.opp-grc1.xml,urn:cts:greekLit:tlg2034.tlg007.opp-grc1,In Aristotelis categorias expositio per interrogationem et responsionem,Porphyrius,Adolf Busse,Reimer,1887,Greek,459051,data/tlg2034/tlg007,data
tlg2034.tlg006.opp-grc1.xml,urn:cts:greekLit:tlg2034.tlg006.opp-grc1,Isagoge sive quinque voces,Porphyrius,Adolf Busse,Reimer,1887,Greek,119978,data/tlg2034/tlg006,data
tlg2034.tlg006.opp-lat1.xml,,Isagoge sive quinque voces,Porphyrius,Adolf Busse,Reimer,1887,Greek,88359,data/tlg2034/tlg006,data
tlg2034.tlg015.1st1K-grc1.xml,urn:cts:greekLit:tlg2034.tlg015.1st1K-grc1,Zetemata codicis Vaticani,Porphyry,Hermannus Schrader,In Aedibus B.G. Teubneri,1882,Greek,339382,data/tlg2034/tlg015,data
tlg2034.tlg014.1st1K-grc1.xml,urn:cts:greekLit:tlg2034.tlg014.1st1K-grc1,Quaestionum Homericanum ad Iliadem pertinentium reliquiae,Porphyry,Hermannus Schrader,In Aedibus B.G. Teubneri,1880-1882,Greek,1869834,data/tlg2034/tlg014,data
tlg2034.tlg003.1st1K-grc1.xml,urn:cts:greekLit:tlg2034.tlg003.1st1K-grc1,De abstinentia,Porphyrius,August Nauck,Teubner,1860,Greek,457508,data/tlg2034/tlg003,data
tlg2034.tlg005.1st1K-grc1.xml,urn:cts:greekLit:tlg2034.tlg005.1st1K-grc1,Ad Marcellam,Porphyrius,August Nauck,Teubner,1860,Greek,63490,data/tlg2034/tlg005,data
tlg2034.tlg002.1st1K-grc1.xml,urn:cts:greekLit:tlg2034.tlg002.1st1K-grc1,Vita Pythagorae,Porphyrius,August Nauck,Teubner,1860,Greek,85236,data/tlg2034/tlg002,data
tlg2034.tlg027.1st1K-grc1.xml,urn:cts:greekLit:tlg2034.tlg027.1st1K-grc1,Historia philosophiae (fragmenta),Porphyrius,August Nauck,Teubner,1860,Greek,30791,data/tlg2034/tlg027,data
tlg4102.tlg036.1st1K-grc1.xml,urn:cts:greekLit:tlg4102.tlg036.1st1K-grc1,Catena In Epistulam Ad Titum,Catenae (Novum Testamentum),John Anthony Cramer,Oxford University Press,1843,Greek,66075,data/tlg4102/tlg036,data
tlg4102.tlg038.1st1K-grc1.xml,urn:cts:greekLit:tlg4102.tlg038.1st1K-grc1,Catena In Epistulam Ad Hebraeos,Catenae (Novum Testamentum),John Anthony Cramer,Oxford University Press,1843,Greek,1996464,data/tlg4102/tlg038,data
tlg4102.tlg007.1st1K-grc1.xml,urn:cts:greekLit:tlg4102.tlg007.1st1K-grc1,Supplementum et varietas lectionis ad catenam in evangelium sancti Joannis (e cod. Bodl. B.),Catenae (Novum Testamentum),John Anthony Cramer,Oxford University Press,1841,Greek,181223,data/tlg4102/tlg007,data
tlg4102.tlgX01.1st1K-grc1.xml,urn:cts:greekLit:tlg4102.tlgX01.1st1K-grc1,Prooemium Pseudo-Oecumenii In Apocalypsin Commentarii,Catenae (Novum Testamentum),J. A. Cramer,Oxford University Press,1840,Greek,15265,data/tlg4102/tlgX01,data
tlg4102.tlg001.1st1K-grc1.xml,urn:cts:greekLit:tlg4102.tlg001.1st1K-grc1,Catena In Matthaeum,Catenae (Novum Testamentum),John Anthony Cramer,Oxford University Press,1840,Greek,1040502,data/tlg4102/tlg001,data
tlg4102.tlg006.1st1K-grc1.xml,urn:cts:greekLit:tlg4102.tlg006.1st1K-grc1,Supplementum Et Varietas Lectionis Ad Catenam In Evangelium sancti Lucae,Catenae (Novum Testamentum),John Anthony Cramer,Oxford University Press,1841,Greek,124497,data/tlg4102/tlg006,data
tlg4102.tlg008.1st1K-grc1.xml,urn:cts:greekLit:tlg4102.tlg008.1st1K-grc1,Catena In Acta,Catenae (Novum Testamentum),John Anthony Cramer,Oxford University Press,1838,Greek,1605852,data/tlg4102/tlg008,data
tlg4102.tlg037.1st1K-grc1.xml,urn:cts:greekLit:tlg4102.tlg037.1st1K-grc1,Catena In Epistulam Ad Philemonem,Catenae (Novum Testamentum),John Anthony Cramer,Oxford University Press,1843,Greek,33536,data/tlg4102/tlg037,data
tlg4102.tlg012.1st1K-grc1.xml,urn:cts:greekLit:tlg4102.tlg012.1st1K-grc1,Catena In Epistulam I Ad Corinthios,Catenae (Novum Testamentum),John Anthony Cramer,Oxford University Press,1841,Greek,1386895,data/tlg4102/tlg012,data
tlg4102.tlg024.1st1K-grc1.xml,urn:cts:greekLit:tlg4102.tlg024.1st1K-grc1,Catena In Epistulam II Ad Thessalonicenses,Catenae (Novum Testamentum),John Anthony Cramer,Oxford University Press,1842,Greek,131295,data/tlg4102/tlg024,data
tlg4102.tlg023.1st1K-grc1.xml,urn:cts:greekLit:tlg4102.tlg023.1st1K-grc1,Catena In Epistulam I Ad Thessalonicenses,Catenae (Novum Testamentum),John Anthony Cramer,Oxford University Press,1842,Greek,132932,data/tlg4102/tlg023,data
tlg4102.tlg046.1st1K-grc1.xml,urn:cts:greekLit:tlg4102.tlg046.1st1K-grc1,Catena In Epistulam Juda,Catenae (Novum Testamentum),J.A. Cramer,Oxford University Press,1840,Greek,71560,data/tlg4102/tlg046,data
tlg4102.tlg041.1st1K-grc1.xml,urn:cts:greekLit:tlg4102.tlg041.1st1K-grc1,Catena In Epistulam Petri I,Catenae (Novum Testamentum),J. A. Cramer,Oxford University Press,1840,Greek,161440,data/tlg4102/tlg041,data
tlg4102.tlg022.1st1K-grc1.xml,urn:cts:greekLit:tlg4102.tlg022.1st1K-grc1,Catena In Epistulam Ad Colossenses,Catenae (Novum Testamentum),John Anthony Cramer,Oxford University Press,1842,Greek,186127,data/tlg4102/tlg022,data
tlg4102.tlg013.1st1K-grc1.xml,urn:cts:greekLit:tlg4102.tlg013.1st1K-grc1,Catena In Epistulam II Ad Corinthios,Catenae (Novum Testamentum),John Anthony Cramer,Oxford University Press,1841,Greek,465429,data/tlg4102/tlg013,data
tlg4102.tlg040.1st1K-grc1.xml,urn:cts:greekLit:tlg4102.tlg040.1st1K-grc1,Catena In Epistulam Jacobi,Catenae (Novum Testamentum),J. A. Cramer,Oxford University Press,1840,Greek,150807,data/tlg4102/tlg040,data
tlg4102.tlg035.1st1K-grc1.xml,urn:cts:greekLit:tlg4102.tlg035.1st1K-grc1,Catena In Epistulam II Ad Timotheum,Catenae (Novum Testamentum),John Anthony Cramer,Oxford University Press,1843,Greek,111244,data/tlg4102/tlg035,data
tlg4102.tlg003.1st1K-grc1.xml,urn:cts:greekLit:tlg4102.tlg003.1st1K-grc1,Supplementum et varietas lectionis ad commentarium Chrysostomi in evangelium sancti Matthaei,Catenae (Novum Testamentum),John Anthony Cramer,Oxford University Press,1840,Greek,311673,data/tlg4102/tlg003,data
tlg4102.tlgX02.1st1K-grc1.xml,urn:cts:greekLit:tlg4102.tlgX02.1st1K-grc1,Commentarius In Apocalypsin,Catenae (Novum Testamentum),J.A. Cramer,Oxford University Press,1840,Greek,1227242,data/tlg4102/tlgX02,data
tlg4102.tlg004.1st1K-grc1.xml,urn:cts:greekLit:tlg4102.tlg004.1st1K-grc1,Catena In Lucam,Catenae (Novum Testamentum),John Anthony Cramer,Oxford University Press,1841,Greek,678943,data/tlg4102/tlg004,data
tlg4102.tlg005.1st1K-grc1.xml,urn:cts:greekLit:tlg4102.tlg005.1st1K-grc1,Catena In Joannem,Catenae (Novum Testamentum),John Anthony Cramer,Oxford University Press,1841,Greek,971330,data/tlg4102/tlg005,data
tlg4102.tlg002.1st1K-grc1.xml,urn:cts:greekLit:tlg4102.tlg002.1st1K-grc1,Catena In Marcum,Catenae (Novum Testamentum),John Anthony Cramer,Oxford University Press,1840,Greek,733090,data/tlg4102/tlg002,data
tlg4102.tlgX03.1st1K-grc1.xml,urn:cts:greekLit:tlg4102.tlgX03.1st1K-grc1,Commentarius In Apocalypsin,Catenae (Novum Testamentum),J. A. Cramer,Oxford University Press,1840,Greek,338641,data/tlg4102/tlgX03,data
tlg4102.tlg034.1st1K-grc1.xml,urn:cts:greekLit:tlg4102.tlg034.1st1K-grc1,Catena In Epistulam I Ad Timotheum,>Catenae (Novum Testamentum),John Anthony Cramer,Oxford University Press,1843,Greek,191739,data/tlg4102/tlg034,data
tlg4102.tlg042.1st1K-grc1.xml,urn:cts:greekLit:tlg4102.tlg042.1st1K-grc1,Catena In Epistulam Petri II,Catenae (Novum Testamentum),J.A. Cramer,Oxford University Press,1840,Greek,75681,data/tlg4102/tlg042,data
tlg4102.tlg045.1st1K-grc1.xml,urn:cts:greekLit:tlg4102.tlg045.1st1K-grc1,Catena In Epistulam Joannis III,Catenae (Novum Testamentum),J. A. Cramer,Oxford University Press,1840,Greek,16387,data/tlg4102/tlg045,data
tlg4102.tlg011.1st1K-grc1.xml,urn:cts:greekLit:tlg4102.tlg011.1st1K-grc1,Catena In Epistulam Ad Romanos (typus Monacensis),Catenae (Novum Testamentum),John Anthony Cramer,Oxford University Press,1844,Greek,1565392,data/tlg4102/tlg011,data
tlg4102.tlg020.1st1K-grc1.xml,urn:cts:greekLit:tlg4102.tlg020.1st1K-grc1,Catena In Epistulam Ad Ephesios,Catenae (Novum Testamentum),John Anthony Cramer,Oxford University Press,1842,Greek,510355,data/tlg4102/tlg020,data
tlg4102.tlg044.1st1K-grc1.xml,urn:cts:greekLit:tlg4102.tlg044.1st1K-grc1,Catena In Epistulam Joannis II,Catenae (Novum Testamentum),J. A. Cramer,Oxford University Press,1840,Greek,12856,data/tlg4102/tlg044,data
tlg4102.tlg043.1st1K-grc1.xml,urn:cts:greekLit:tlg4102.tlg043.1st1K-grc1,Catena In Epistulam Joannis I,Catenae (Novum Testamentum),J. A. Cramer,Oxford University Press,1840,Greek,154620,data/tlg4102/tlg043,data
tlg4102.tlg019.1st1K-grc1.xml,urn:cts:greekLit:tlg4102.tlg019.1st1K-grc1,Catena In Epistulam Ad Galatas,Catenae (Novum Testamentum),John Anthony Cramer,Oxford University Press,1842,Greek,363160,data/tlg4102/tlg019,data
tlg4102.tlg021.1st1K-grc1.xml,urn:cts:greekLit:tlg4102.tlg021.1st1K-grc1,Catena In Epistulam Ad Philippenses,Catenae (Novum Testamentum),John Anthony Cramer,Oxford University Press,1842,Greek,246981,data/tlg4102/tlg021,data
tlg4102.tlg010.1st1K-grc1.xml,urn:cts:greekLit:tlg4102.tlg010.1st1K-grc1,Catena In Epistulam Ad Romanos (typus Vaticanus),Catenae (Novum Testamentum),John Anthony Cramer,Oxford University Press,1844,Greek,647987,data/tlg4102/tlg010,data
tlg2691.tlg002.1st1K-grc1.xml,urn:cts:greekLit:tlg2691.tlg002.1st1K-grc1,Fragmenta,Eleusinius Musaeus,Hermann Diels,Weidmann,1922,Greek,26278,data/tlg2691/tlg002,data
tlg1484.tlg001.perseus-eng1.xml,,The Martydom of Polycarp,,Kirsopp Lake,"Cambridge, MA, Harvard University Press; London, William Heinemann
                            Ltd.",1913,English,34704,data/tlg1484/tlg001,data
tlg1484.tlg001.1st1K-grc1.xml,urn:cts:greekLit:tlg1484.tlg001.1st1K-grc1,Martyrium Polycarpi,Anonymous,Kirsopp Lake,William Heinemann Ltd.,1917,Greek,59036,data/tlg1484/tlg001,data
tlg0556.tlg001.perseus-grc2.xml,urn:cts:greekLit:tlg0556.tlg001.perseus-grc2,Τέχνη τακτική,Asclepiodotus,William Abbott Oldfather,William Heinemann,1923,Greek,97733,data/tlg0556/tlg001,data
tlg2050.tlg001.1st1K-grc1.xml,urn:cts:greekLit:tlg2050.tlg001.1st1K-grc1,Vitae Sophistarum,Eunapius,Richard Foerster,Teubner,1903,Latin,22202,data/tlg2050/tlg001,data
tlg0535.tlg001.perseus-grc2.xml,urn:cts:greekLit:tlg0535.tlg001.perseus-grc2,Ὑπὲρ τῆς δωδεκαετίας,Demades,J. O. Burtt,"William Heinemann, Ltd.",1954,Greek,41953,data/tlg0535/tlg001,data
tlg0535.tlg001.perseus-eng2.xml,,On the Twelve Years ,Demades,John Ormiston Burtt,"William Heinemann, Ltd.",1954,Greek,31131,data/tlg0535/tlg001,data
tlg0363.tlg007.1st1K-grc1.xml,urn:cts:greekLit:tlg0363.tlg007.1st1K-grc1,Apotelesmatica (= Tetrabiblos),Claudius Ptolemaeus,Franz Johannes Boll,B.G. Teubner,1954,Greek,784511,data/tlg0363/tlg007,data
tlg0363.tlg001.1st1K-grc1.xml,urn:cts:greekLit:tlg0363.tlg001.1st1K-grc1,Μαθηματικὴ Σύνταξις,Claudius Ptolemaeus,J. L. Heiberg,Leipzig,1898,Greek,2884946,data/tlg0363/tlg001,data
tlg0363.tlg011.1st1K-grc1.xml,urn:cts:greekLit:tlg0363.tlg011.1st1K-grc1,Musica,Claudius Ptolemaeus,Karl von Jan,Teubner,1895,Greek,40103,data/tlg0363/tlg011,data
tlg1413.tlg001.1st1K-eng1.xml,,On Unbelievable Stories,Heraclitus Paradoxographus,Billie Hall,Center for Hellenic Studies,11/19/2021,English,29447,data/tlg1413/tlg001,data
tlg1414.tlg001.1st1K-grc1.xml,urn:cts:greekLit:tlg1414.tlg001.1st1K-grc1,Allegoriae (= Quaestiones Homericae),Heraclitus,E. Mehler,Brill,1851,Greek,215636,data/tlg1414/tlg001,data
tlg1626.tlg001.1st1K-grc1.xml,urn:cts:greekLit:tlg1626.tlg001.1st1K-grc1,Fragmentum Synodicae Epistulae,Polycrates Ephesius,Martin Joseph Routh,Oxford University Press,1846,Greek,9992,data/tlg1626/tlg001,data
tlg2601.tlg001.1st1K-grc1.xml,urn:cts:greekLit:tlg2601.tlg001.1st1K-grc1,Περὶ τῶν παρὰ Δημοσθένει σχημάτων,Tiberius Rhetor,Leonhard von Spengel,Teubner,1856,Greek,71908,data/tlg2601/tlg001,data
tlg0532.tlg001.perseus-grc2.xml,urn:cts:greekLit:tlg0532.tlg001.perseus-grc2,τὰ κατὰ Λευκίππην καὶ Kλειτoφῶντα,Achilles Tatius,Rudolf Hercher,Teubner,1858,Greek,662295,data/tlg0532/tlg001,data
tlg2057.tlg002.1st1K-grc1.xml,urn:cts:greekLit:tlg2057.tlg002.1st1K-grc1,Historia Ecclesiastica,"Socrates, Scholasticus",Robert Hussey,Oxford at the Clarendon Press,1893,Greek,1689895,data/tlg2057/tlg002,data
tlg9010.tlg001.1st1K-grc1.xml,urn:cts:greekLit:tlg9010.tlg001.1st1K-grc1,Suidae lexicon,Suda,Ada Adler,Teubner,1928,Greek,17296493,data/tlg9010/tlg001,data
tlg9019.tlg001.1st1K-grc1.xml,urn:cts:greekLit:tlg9019.tlg001.1st1K-grc1,In Aristotelis librum de interpretatione commentarium,Stephanus of Alexandria,Michael Hayduck,Reimer,1885,Greek,393393,data/tlg9019/tlg001,data
tlg1287.tlg001.1st1K-grc1.xml,urn:cts:greekLit:tlg1287.tlg001.1st1K-grc1,Fragmenta,Cranto,Friedrich Wilhelm August Mullach,Firmin-Didot,1881,Greek,26507,data/tlg1287/tlg001,data
tlg0731.tlg001.1st1K-grc1.xml,urn:cts:greekLit:tlg0731.tlg001.1st1K-grc1,Physiognomonica,Adamantius Judaeus,Richard Foerster,Teubner,1893,Greek,168741,data/tlg0731/tlg001,data
tlg0731.tlg003.1st1K-grc1.xml,urn:cts:greekLit:tlg0731.tlg003.1st1K-grc1,Physiognomonica (epitome Matritensis),Adamantius,Richard Foerster,Teubner,1893,Greek,77601,data/tlg0731/tlg003,data
tlg1617.tlg001.1st1K-grc1.xml,urn:cts:greekLit:tlg1617.tlg001.1st1K-grc1,Declamationes,Marcus Antonius Polemon,Hugo Hinck,Teubner,1873,Greek,97812,data/tlg1617/tlg001,data
tlg0557.tlg001.perseus-grc2.xml,urn:cts:greekLit:tlg0557.tlg001.perseus-grc2,Ἀρριανοῦ τῶν Ἐπικτήτου Διατριβῶν,Epictetus,Heinrich Schenkl,Teubner,1916,Greek,1261046,data/tlg0557/tlg001,data
tlg0557.tlg001.perseus-eng3.xml,,Arrian's Discourses of Epictetus,Epictetus,George Long,George Bell and Sons,1890,English,937795,data/tlg0557/tlg001,data
tlg0557.tlg001.perseus-eng4.xml,,The Discourses of Epictetus,Epictetus,Thomas Wentworth Higginson,Thomas Nelson and Sons,1890,English,620706,data/tlg0557/tlg001,data
tlg0557.tlg003a.perseus-eng4.xml,,Fragments,Epictetus,Thomas Wentworth Higginson,Thomas Nelson and Sons,1890,English,51778,data/tlg0557/tlg003a,data
tlg0557.tlg003a.perseus-eng3.xml,,Fragments,Epictetus,George Long,George Bell and Sons,1890,English,73606,data/tlg0557/tlg003a,data
tlg0557.tlg003.perseus-grc2.xml,urn:cts:greekLit:tlg0557.tlg003.perseus-grc2,Dissertationum Epictetearum sive ab Arriano sive ab aliis digestarum fragmenta,Epictetus,Heinrich Schenkl,B. G. Teubner,1916,Greek,31220,data/tlg0557/tlg003,data
tlg0557.tlg004.1st1K-grc1.xml,urn:cts:greekLit:tlg0557.tlg004.1st1K-grc1,Gnomologium Epicteteum (e Stobaei libris 1-2),Epictetus,Heinrich Schenkl,Teubner,1916,Greek,8056,data/tlg0557/tlg004,data
tlg0557.tlg005.1st1K-grc1.xml,urn:cts:greekLit:tlg0557.tlg005.1st1K-grc1,Gnomologium Epicteteum (e Stobaei libris 3‑4),Epictetus,Heinrich Schenkl,Teubner,1916,Greek,38486,data/tlg0557/tlg005,data
tlg0557.tlg002.perseus-eng3.xml,,"The Encheiridion, or Manual.",Epictetus,George Long,George Bell and Sons,1890,English,60917,data/tlg0557/tlg002,data
tlg0557.tlg002.perseus-eng4.xml,,The Enchiridion,Epictetus,Thomas Wentworth Higginson,Thomas Nelson and Sons,1890,English,45307,data/tlg0557/tlg002,data
tlg0557.tlg002.perseus-grc2.xml,urn:cts:greekLit:tlg0557.tlg002.perseus-grc2,Ἐγχειρίδιον,Epictetus,Heinrich Schenkl,Teubner,1916,Greek,84906,data/tlg0557/tlg002,data
tlg2200.tlg00443.opp-grc1.xml,urn:cts:greekLit:tlg2200.tlg00443.opp-grc1,Oratio 43,Libanius,Richard Foerster,B.G. Teubner,1906,Latin,40051,data/tlg2200/tlg00443,data
tlg2200.tlg00444.opp-grc1.xml,urn:cts:greekLit:tlg2200.tlg00444.opp-grc1,Oratio 44,Libanius,Richard Foerster,B.G. Teubner,1906,Latin,11918,data/tlg2200/tlg00444,data
tlg2200.tlg00426.opp-grc1.xml,urn:cts:greekLit:tlg2200.tlg00426.opp-grc1,Oratio 26,Libanius,Richard Foerster,B.G. Teubner,1906,Latin,52878,data/tlg2200/tlg00426,data
tlg2200.tlg00410.opp-grc1.xml,urn:cts:greekLit:tlg2200.tlg00410.opp-grc1,Oratio 10,Libanius,Richard Foerster,Teubner,1903,Latin,39288,data/tlg2200/tlg00410,data
tlg2200.tlg00428.opp-grc1.xml,urn:cts:greekLit:tlg2200.tlg00428.opp-grc1,Oratio 28,Libanius,Richard Foerster,B.G. Teubner,1906,Latin,40783,data/tlg2200/tlg00428,data
tlg2200.tlg00445.opp-grc1.xml,urn:cts:greekLit:tlg2200.tlg00445.opp-grc1,Oratio 45,Libanius,Richard Foerster,B.G. Teubner,1906,Latin,58584,data/tlg2200/tlg00445,data
tlg2200.tlg00442.opp-grc1.xml,urn:cts:greekLit:tlg2200.tlg00442.opp-grc1,Oratio 42,Libanius,Richard Foerster,B.G. Teubner,1906,Latin,84026,data/tlg2200/tlg00442,data
tlg2200.tlg00429.opp-grc1.xml,urn:cts:greekLit:tlg2200.tlg00429.opp-grc1,Oratio 29,Libanius,Richard Foerster,B.G. Teubner,1906,Latin,56843,data/tlg2200/tlg00429,data
tlg2200.tlg00411.opp-grc1.xml,urn:cts:greekLit:tlg2200.tlg00411.opp-grc1,Oratio 11,Libanius,Richard Foerster,Teubner,1903,Latin,317492,data/tlg2200/tlg00411,data
tlg2200.tlg00427.opp-grc1.xml,urn:cts:greekLit:tlg2200.tlg00427.opp-grc1,Oratio 27,Libanius,Richard Foerster,B.G. Teubner,1906,Latin,67400,data/tlg2200/tlg00427,data
tlg2200.tlg00530.opp-grc1.xml,urn:cts:greekLit:tlg2200.tlg00530.opp-grc1,Declamatio 30,Libanius,Richard Foerster,B.G. Teubner,1911,Latin,137795,data/tlg2200/tlg00530,data
tlg2200.tlg00508.opp-grc1.xml,urn:cts:greekLit:tlg2200.tlg00508.opp-grc1,Declamatio 8,Libanius,Richard Foerster,B.G. Teubner,1909,Latin,58079,data/tlg2200/tlg00508,data
tlg2200.tlg00537.opp-grc1.xml,urn:cts:greekLit:tlg2200.tlg00537.opp-grc1,Declamatio 37,Libanius,Richard Foerster,B.G. Teubner,1913,Latin,68866,data/tlg2200/tlg00537,data
tlg2200.tlg00501.opp-grc1.xml,urn:cts:greekLit:tlg2200.tlg00501.opp-grc1,Declamatio I,Libanius,Richard Foerstser,B.G. Teubner,1909,Latin,343785,data/tlg2200/tlg00501,data
tlg2200.tlg00539.opp-grc1.xml,urn:cts:greekLit:tlg2200.tlg00539.opp-grc1,Declamatio 39,Libanius,Richard Foerster,B.G. Teubner,1913,Latin,75209,data/tlg2200/tlg00539,data
tlg2200.tlg00506.opp-grc1.xml,urn:cts:greekLit:tlg2200.tlg00506.opp-grc1,Declamatio 6,Libanius,Richard Foerster,B.G. Teubner,1909,deu,141124,data/tlg2200/tlg00506,data
tlg2200.tlg00538.opp-grc1.xml,urn:cts:greekLit:tlg2200.tlg00538.opp-grc1,Declamatio 38,Libanius,Richard Foerster,B.G. Teubner,1913,Latin,90066,data/tlg2200/tlg00538,data
tlg2200.tlg00507.opp-grc1.xml,urn:cts:greekLit:tlg2200.tlg00507.opp-grc1,Declamatio 7,Libanius,Richard Foerster,B.G. Teubner,1909,Latin,47728,data/tlg2200/tlg00507,data
tlg2200.tlg001.1st1K-grc1.xml,urn:cts:greekLit:tlg2200.tlg001.1st1K-grc1,Epistulae 1-839,Libanius,,Georg Olms Verlagsbuchhandlung,1963,Latin,2527243,data/tlg2200/tlg001,data
tlg2200.tlg00509.opp-grc1.xml,urn:cts:greekLit:tlg2200.tlg00509.opp-grc1,Declamatio 9,Libanius,Richard Foerster,B.G. Teubner,1909,Latin,84945,data/tlg2200/tlg00509,data
tlg2200.tlg00536.opp-grc1.xml,urn:cts:greekLit:tlg2200.tlg00536.opp-grc1,Declamatio 36,Libanius,Richard Foerster,B.G. Teubner,1913,Greek,114458,data/tlg2200/tlg00536,data
tlg2200.tlg008.1st1K-grc1.xml,urn:cts:greekLit:tlg2200.tlg008.1st1K-grc1,Characteres Epistolici,Libanius,Eberhard Richtsteig,Georg Olms Verlagsbuchhandlung,1963,Latin,81874,data/tlg2200/tlg008,data
tlg2200.tlg00531.opp-grc1.xml,urn:cts:greekLit:tlg2200.tlg00531.opp-grc1,Declamatio 31,Libanius,Richard Foerster,B.G. Teubner,1913,Latin,104133,data/tlg2200/tlg00531,data
tlg2200.tlg00513.opp-grc1.xml,urn:cts:greekLit:tlg2200.tlg00513.opp-grc1,Declamatio 13,Libanius,Richard Foerster,B.G. Teubner,1911,Latin,140305,data/tlg2200/tlg00513,data
tlg2200.tlg00514.opp-grc1.xml,urn:cts:greekLit:tlg2200.tlg00514.opp-grc1,Declamatio 14,Libanius,Richard Foerster,B.G. Teubner,1911,Greek,75779,data/tlg2200/tlg00514,data
tlg2200.tlg00522.opp-grc1.xml,urn:cts:greekLit:tlg2200.tlg00522.opp-grc1,Declamatio 22,Libanius,Richard Foerster,B.G. Teubner,1911,Latin,78416,data/tlg2200/tlg00522,data
tlg2200.tlg00525.opp-grc1.xml,urn:cts:greekLit:tlg2200.tlg00525.opp-grc1,Declamatio 25,Libanius,Richard Foerster,B.G. Teubner,1911,Greek,93396,data/tlg2200/tlg00525,data
tlg2200.tlg00549.opp-grc1.xml,urn:cts:greekLit:tlg2200.tlg00549.opp-grc1,Declamatio 49,Libanius,Richard Foerster,B.G. Teubner,1913,Greek,183913,data/tlg2200/tlg00549,data
tlg2200.tlg00540.opp-grc1.xml,urn:cts:greekLit:tlg2200.tlg00540.opp-grc1,Declamatio 40,Libanius,Richard Foerster,B.G. Teubner,1913,Latin,180696,data/tlg2200/tlg00540,data
tlg2200.tlg00547.opp-grc1.xml,urn:cts:greekLit:tlg2200.tlg00547.opp-grc1,Declamatio 47,Libanius,Richard Foerster,B.G. Teubner,1913,Latin,86187,data/tlg2200/tlg00547,data
tlg2200.tlg00524.opp-grc1.xml,urn:cts:greekLit:tlg2200.tlg00524.opp-grc1,Declamatio 24,Libanius,Richard Foerster,B.G. Teubner,1911,Greek,64884,data/tlg2200/tlg00524,data
tlg2200.tlg00523.opp-grc1.xml,urn:cts:greekLit:tlg2200.tlg00523.opp-grc1,Declamatio 23,Libanius,Richard Foerster,B.G. Teubner,1911,Latin,196887,data/tlg2200/tlg00523,data
tlg2200.tlg00515.opp-grc1.xml,urn:cts:greekLit:tlg2200.tlg00515.opp-grc1,Declamatio 15,Libanius,Richard Foerster,B.G. Teubner,1911,Latin,103143,data/tlg2200/tlg00515,data
tlg2200.tlg00512.opp-grc1.xml,urn:cts:greekLit:tlg2200.tlg00512.opp-grc1,Declamatio 12,Libanius,Richard Foerster,B.G. Teubner,1909,Latin,101377,data/tlg2200/tlg00512,data
tlg2200.tlg00546.opp-grc1.xml,urn:cts:greekLit:tlg2200.tlg00546.opp-grc1,Declamatio 46,Libanius,Richard Foerster,B.G. Teubner,1913,Greek,97343,data/tlg2200/tlg00546,data
tlg2200.tlg00541.opp-grc1.xml,urn:cts:greekLit:tlg2200.tlg00541.opp-grc1,Declamatio 41,Libanius,Richard Foerster,B.G. Teubner,1913,Latin,79025,data/tlg2200/tlg00541,data
tlg2200.tlg00548.opp-grc1.xml,urn:cts:greekLit:tlg2200.tlg00548.opp-grc1,Declamatio 48,Libanius,Richard Foerster,B.G. Teubner,1913,Latin,91766,data/tlg2200/tlg00548,data
tlg2200.tlg00402.opp-grc1.xml,urn:cts:greekLit:tlg2200.tlg00402.opp-grc1,Oratio 2,Libanius,Richard Foerster,Teubner,1903,Latin,76647,data/tlg2200/tlg00402,data
tlg2200.tlg00405.opp-grc1.xml,urn:cts:greekLit:tlg2200.tlg00405.opp-grc1,Oratio V,Libanius,Richard Foerster,Teubner,1903,Latin,55044,data/tlg2200/tlg00405,data
tlg2200.tlg00433.opp-grc1.xml,urn:cts:greekLit:tlg2200.tlg00433.opp-grc1,Oratio 33,Libanius,Richard Foerster,B.G. Teubner,1906,Latin,73834,data/tlg2200/tlg00433,data
tlg2200.tlg00434.opp-grc1.xml,urn:cts:greekLit:tlg2200.tlg00434.opp-grc1,Oratio 34,Libanius,Richard Foerster,B.G. Teubner,1906,Latin,50900,data/tlg2200/tlg00434,data
tlg2200.tlg00460.opp-grc1.xml,urn:cts:greekLit:tlg2200.tlg00460.opp-grc1,Oratio 60,Libanius,Richard Foerster,Teubner,1908,Latin,39076,data/tlg2200/tlg00460,data
tlg2200.tlg00458.opp-grc1.xml,urn:cts:greekLit:tlg2200.tlg00458.opp-grc1,Oratio 58,Libanius,Richard Foerster,Teubner,1908,Latin,64710,data/tlg2200/tlg00458,data
tlg2200.tlg00451.opp-grc1.xml,urn:cts:greekLit:tlg2200.tlg00451.opp-grc1,Oratio 51,Libanius,Richard Foerster,Teubner,1908,Latin,57812,data/tlg2200/tlg00451,data
tlg2200.tlg00456.opp-grc1.xml,urn:cts:greekLit:tlg2200.tlg00456.opp-grc1,Oratio 56,Libanius,Richard Foerster,Teubner,1908,Latin,50995,data/tlg2200/tlg00456,data
tlg2200.tlg00435.opp-grc1.xml,urn:cts:greekLit:tlg2200.tlg00435.opp-grc1,Oratio 35,Libanius,Richard Foerster,B.G. Teubner,1906,Latin,48799,data/tlg2200/tlg00435,data
tlg2200.tlg00432.opp-grc1.xml,urn:cts:greekLit:tlg2200.tlg00432.opp-grc1,Oratio 32,Libanius,Richard Foerster,B.G. Teubner,1906,Latin,44051,data/tlg2200/tlg00432,data
tlg2200.tlg00404.opp-grc1.xml,urn:cts:greekLit:tlg2200.tlg00404.opp-grc1,Oratio 4,Libanius,Richard Foerster,Teubner,1903,Latin,46423,data/tlg2200/tlg00404,data
tlg2200.tlg00403.opp-grc1.xml,urn:cts:greekLit:tlg2200.tlg00403.opp-grc1,Oratio 3,Libanius,Richard Foerster,Teubner,1903,Latin,37659,data/tlg2200/tlg00403,data
tlg2200.tlg00457.opp-grc1.xml,urn:cts:greekLit:tlg2200.tlg00457.opp-grc1,Oratio 57,Libanius,Richard Foerster,Teubner,1908,Latin,80927,data/tlg2200/tlg00457,data
tlg2200.tlg00450.opp-grc1.xml,urn:cts:greekLit:tlg2200.tlg00450.opp-grc1,Orationes L,Libanius,Richard Foerster,B.G. Teubner,1906,Latin,49713,data/tlg2200/tlg00450,data
tlg2200.tlg00459.opp-grc1.xml,urn:cts:greekLit:tlg2200.tlg00459.opp-grc1,Oratio 59,Libanius,Richard Foerster,Teubner,1908,Latin,285667,data/tlg2200/tlg00459,data
tlg2200.tlg00461.opp-grc1.xml,urn:cts:greekLit:tlg2200.tlg00461.opp-grc1,Oratio 61,Libanius,Richard Foerster,Teubner,1908,Latin,43157,data/tlg2200/tlg00461,data
tlg2200.tlg00447.opp-grc1.xml,urn:cts:greekLit:tlg2200.tlg00447.opp-grc1,Oratio 47,Libanius,Richard Foerster,B.G. Teubner,1906,Latin,64233,data/tlg2200/tlg00447,data
tlg2200.tlg00440.opp-grc1.xml,urn:cts:greekLit:tlg2200.tlg00440.opp-grc1,Oratio 40,Libanius,Richard Foerster,B.G. Teubner,1906,Latin,46325,data/tlg2200/tlg00440,data
tlg2200.tlg00449.opp-grc1.xml,urn:cts:greekLit:tlg2200.tlg00449.opp-grc1,Oratio 49,Libanius,Richard Foerster,B.G. Teubner,1906,Latin,55196,data/tlg2200/tlg00449,data
tlg2200.tlg00448.opp-grc1.xml,urn:cts:greekLit:tlg2200.tlg00448.opp-grc1,Oratio 48,Libanius,Richard Foerster,B.G. Teubner,1906,Latin,69799,data/tlg2200/tlg00448,data
tlg2200.tlg00441.opp-grc1.xml,urn:cts:greekLit:tlg2200.tlg00441.opp-grc1,Oratio 41,Libanius,Richard Foerster,B.G. Teubner,1906,Latin,33277,data/tlg2200/tlg00441,data
tlg2200.tlg00446.opp-grc1.xml,urn:cts:greekLit:tlg2200.tlg00446.opp-grc1,Oratio 46,Libanius,Richard Foerster,B.G. Teubner,1906,Latin,71966,data/tlg2200/tlg00446,data
tlg2200.tlg00534.opp-grc1.xml,urn:cts:greekLit:tlg2200.tlg00534.opp-grc1,Declamatio 34,Libanius,Richard Foerster,B.G. Teubner,1913,Greek,255669,data/tlg2200/tlg00534,data
tlg2200.tlg00533.opp-grc1.xml,urn:cts:greekLit:tlg2200.tlg00533.opp-grc1,Declamatio 33,Libanius,Richard Foerster,B.G. Teubner,1913,Latin,103857,data/tlg2200/tlg00533,data
tlg2200.tlg00505.opp-grc1.xml,urn:cts:greekLit:tlg2200.tlg00505.opp-grc1,Declamatio 5,Libanius,Richard Foerster,B.G. Teubner,1909,Latin,194093,data/tlg2200/tlg00505,data
tlg2200.tlg00502.opp-grc1.xml,urn:cts:greekLit:tlg2200.tlg00502.opp-grc1,Declamatio 2,Libanius,Richard Foerstser,B.G. Teubner,1909,Latin,69135,data/tlg2200/tlg00502,data
tlg2200.tlg00551.opp-grc1.xml,urn:cts:greekLit:tlg2200.tlg00551.opp-grc1,Declamatio 51,Libanius,Richard Foerster,B.G. Teubner,1913,Latin,27277,data/tlg2200/tlg00551,data
tlg2200.tlg00503.opp-grc1.xml,urn:cts:greekLit:tlg2200.tlg00503.opp-grc1,Declamatio 3,Libanius,Richard Foerster,B.G. Teubner,1909,Latin,79330,data/tlg2200/tlg00503,data
tlg2200.tlg00504.opp-grc1.xml,urn:cts:greekLit:tlg2200.tlg00504.opp-grc1,Declamatio 4,Libanius,Richard Foerster,B.G. Teubner,1909,Latin,192384,data/tlg2200/tlg00504,data
tlg2200.tlg00532.opp-grc1.xml,urn:cts:greekLit:tlg2200.tlg00532.opp-grc1,Declamatio 32,Libanius,Richard Foerster,B.G. Teubner,1913,Latin,103020,data/tlg2200/tlg00532,data
tlg2200.tlg00535.opp-grc1.xml,urn:cts:greekLit:tlg2200.tlg00535.opp-grc1,Declamatio 35,Libanius,Richard Foerster,B.G. Teubner,1913,Greek,72459,data/tlg2200/tlg00535,data
tlg2200.tlg00550.opp-grc1.xml,urn:cts:greekLit:tlg2200.tlg00550.opp-grc1,Declamatio 50,Libanius,Richard Foerster,B.G. Teubner,1913,Latin,81063,data/tlg2200/tlg00550,data
tlg2200.tlg00544.opp-grc1.xml,urn:cts:greekLit:tlg2200.tlg00544.opp-grc1,Declamatio 44,Libanius,Richard Foerster,B.G. Teubner,1913,Latin,142783,data/tlg2200/tlg00544,data
tlg2200.tlg00543.opp-grc1.xml,urn:cts:greekLit:tlg2200.tlg00543.opp-grc1,Declamatio 43,Libanius,Richard Foerster,B.G. Teubner,1913,Latin,124998,data/tlg2200/tlg00543,data
tlg2200.tlg00517.opp-grc1.xml,urn:cts:greekLit:tlg2200.tlg00517.opp-grc1,Declamatio 17,Libanius,Richard Foerster,B.G. Teubner,1911,Latin,159140,data/tlg2200/tlg00517,data
tlg2200.tlg00528.opp-grc1.xml,urn:cts:greekLit:tlg2200.tlg00528.opp-grc1,Declamatio 28,Libanius,Richard Foerster,B.G. Teubner,1911,Latin,54202,data/tlg2200/tlg00528,data
tlg2200.tlg00510.opp-grc1.xml,urn:cts:greekLit:tlg2200.tlg00510.opp-grc1,Declamatio 10,Libanius,Richard Foerster,B.G. Teubner,1909,Latin,78770,data/tlg2200/tlg00510,data
tlg2200.tlg00526.opp-grc1.xml,urn:cts:greekLit:tlg2200.tlg00526.opp-grc1,Declamatio 26,Libanius,Richard Foerster,B.G. Teubner,1911,Greek,121290,data/tlg2200/tlg00526,data
tlg2200.tlg00519.opp-grc1.xml,urn:cts:greekLit:tlg2200.tlg00519.opp-grc1,Declamatio 19,Libanius,Richard Foerster,B.G. Teubner,1911,Latin,75704,data/tlg2200/tlg00519,data
tlg2200.tlg00521.opp-grc1.xml,urn:cts:greekLit:tlg2200.tlg00521.opp-grc1,Declamatio 21,Libanius,Richard Foerster,B.G. Teubner,1911,Latin,68575,data/tlg2200/tlg00521,data
tlg2200.tlg00542.opp-grc1.xml,urn:cts:greekLit:tlg2200.tlg00542.opp-grc1,Declamatio 42,Libanius,Richard Foerster,B.G. Teubner,1913,Latin,103417,data/tlg2200/tlg00542,data
tlg2200.tlg00545.opp-grc1.xml,urn:cts:greekLit:tlg2200.tlg00545.opp-grc1,Declamatio 45,Libanius,Richard Foerster,B.G. Teubner,1913,Greek,62958,data/tlg2200/tlg00545,data
tlg2200.tlg00520.opp-grc1.xml,urn:cts:greekLit:tlg2200.tlg00520.opp-grc1,Declamatio 20,Libanius,Richard Foerster,B.G. Teubner,1911,Latin,65358,data/tlg2200/tlg00520,data
tlg2200.tlg00527.opp-grc1.xml,urn:cts:greekLit:tlg2200.tlg00527.opp-grc1,Declamatio 27,Libanius,Richard Foerster,B.G. Teubner,1911,Latin,49773,data/tlg2200/tlg00527,data
tlg2200.tlg00518.opp-grc1.xml,urn:cts:greekLit:tlg2200.tlg00518.opp-grc1,Declamatio 18,Libanius,Richard Foerster,B.G. Teubner,1911,Latin,62666,data/tlg2200/tlg00518,data
tlg2200.tlg00511.opp-grc1.xml,urn:cts:greekLit:tlg2200.tlg00511.opp-grc1,Declamatio 11,Libanius,Richard Foerster,B.G. Teubner,1909,Latin,60934,data/tlg2200/tlg00511,data
tlg2200.tlg00516.opp-grc1.xml,urn:cts:greekLit:tlg2200.tlg00516.opp-grc1,Declamatio 16,Libanius,Richard Foerster,B.G. Teubner,1911,Latin,127260,data/tlg2200/tlg00516,data
tlg2200.tlg00529.opp-grc1.xml,urn:cts:greekLit:tlg2200.tlg00529.opp-grc1,Declamatio 29,Libanius,Richard Foerster,B.G. Teubner,1911,Latin,62214,data/tlg2200/tlg00529,data
tlg2200.tlg00464.opp-grc1.xml,urn:cts:greekLit:tlg2200.tlg00464.opp-grc1,Oratio 64,Libanius,Richard Foerster,Teubner,1908,Latin,250653,data/tlg2200/tlg00464,data
tlg2200.tlg00463.opp-grc1.xml,urn:cts:greekLit:tlg2200.tlg00463.opp-grc1,Oratio 63,Libanius,Richard Foerster,Teubner,1908,Latin,59255,data/tlg2200/tlg00463,data
tlg2200.tlg00455.opp-grc1.xml,urn:cts:greekLit:tlg2200.tlg00455.opp-grc1,Oratio 55,Libanius,Richard Foerster,Teubner,1908,Latin,61960,data/tlg2200/tlg00455,data
tlg2200.tlg00452.opp-grc1.xml,urn:cts:greekLit:tlg2200.tlg00452.opp-grc1,Oratio 52,Libanius,Richard Foerster,Teubner,1908,Latin,84520,data/tlg2200/tlg00452,data
tlg2200.tlg00406.opp-grc1.xml,urn:cts:greekLit:tlg2200.tlg00406.opp-grc1,Oratio VI,Libanius,Richard Foerster,Teubner,1903,Latin,23743,data/tlg2200/tlg00406,data
tlg2200.tlg00439.opp-grc1.xml,urn:cts:greekLit:tlg2200.tlg00439.opp-grc1,Oratio 39,Libanius,Richard Foerster,B.G. Teubner,1906,Latin,36331,data/tlg2200/tlg00439,data
tlg2200.tlg00401.opp-grc1.xml,urn:cts:greekLit:tlg2200.tlg00401.opp-grc1,Oratio I,Libanius,Richard Foerster,Teubner,1903,Latin,415326,data/tlg2200/tlg00401,data
tlg2200.tlg00437.opp-grc1.xml,urn:cts:greekLit:tlg2200.tlg00437.opp-grc1,Oratio 37,Libanius,Richard Foerster,B.G. Teubner,1906,Latin,37301,data/tlg2200/tlg00437,data
tlg2200.tlg00408.opp-grc1.xml,urn:cts:greekLit:tlg2200.tlg00408.opp-grc1,Oratio VIII,Libanius,Richard Foerster,Teubner,1903,Latin,22274,data/tlg2200/tlg00408,data
tlg2200.tlg00430.opp-grc1.xml,urn:cts:greekLit:tlg2200.tlg00430.opp-grc1,Oratio 30,Libanius,Richard Foerster,B.G. Teubner,1906,Latin,101646,data/tlg2200/tlg00430,data
tlg2200.tlg00453.opp-grc1.xml,urn:cts:greekLit:tlg2200.tlg00453.opp-grc1,Oratio 53,Libanius,Richard Foerster,Teubner,1908,Latin,55448,data/tlg2200/tlg00453,data
tlg2200.tlg00454.opp-grc1.xml,urn:cts:greekLit:tlg2200.tlg00454.opp-grc1,Oratio 54,Libanius,Richard Foerster,Teubner,1908,Latin,111998,data/tlg2200/tlg00454,data
tlg2200.tlg00462.opp-grc1.xml,urn:cts:greekLit:tlg2200.tlg00462.opp-grc1,Oratio 62,Libanius,Richard Foerster,Teubner,1908,Latin,120294,data/tlg2200/tlg00462,data
tlg2200.tlg00431.opp-grc1.xml,urn:cts:greekLit:tlg2200.tlg00431.opp-grc1,Oratio 31,Libanius,Richard Foerster,B.G. Teubner,1906,Latin,74243,data/tlg2200/tlg00431,data
tlg2200.tlg00436.opp-grc1.xml,urn:cts:greekLit:tlg2200.tlg00436.opp-grc1,Oratio 36,Libanius,Richard Foerster,In Aedibus B.G. Teubneri,1906,Latin,29234,data/tlg2200/tlg00436,data
tlg2200.tlg00409.opp-grc1.xml,urn:cts:greekLit:tlg2200.tlg00409.opp-grc1,Oratio 9,Libanius,Richard Foerster,Teubner,1903,Latin,20554,data/tlg2200/tlg00409,data
tlg2200.tlg00407.opp-grc1.xml,urn:cts:greekLit:tlg2200.tlg00407.opp-grc1,Oratio 7,Libanius,Richard Foerster,Teubner,1903,Latin,15430,data/tlg2200/tlg00407,data
tlg2200.tlg00438.opp-grc1.xml,urn:cts:greekLit:tlg2200.tlg00438.opp-grc1,Oratio 38,Libanius,Richard Foerster,B.G. Teubner,1906,Latin,37886,data/tlg2200/tlg00438,data
tlg2032.tlg001.1st1K-grc1.xml,urn:cts:greekLit:tlg2032.tlg001.1st1K-grc1,Synagoge,Pappus Alexandrinus,Friedrich Hultsch,Weidmann,1876,Greek,935602,data/tlg2032/tlg001,data
tlg1220.tlg001.1st1K-grc1.xml,urn:cts:greekLit:tlg1220.tlg001.1st1K-grc1,Batrachomyomachia,,Thomas W. Allen,Clarendon,1912,Greek,61211,data/tlg1220/tlg001,data
tlg2035.tlg117.1st1K-grc1.xml,urn:cts:greekLit:tlg2035.tlg117.1st1K-grc1,Oratio quarta contra Arianos [Sp.],Athanasius,William Bright,Clarendon,1884,Greek,138224,data/tlg2035/tlg117,data
tlg2035.tlg132.1st1K-grc1.xml,urn:cts:greekLit:tlg2035.tlg132.1st1K-grc1,Oratio III contra Arianos,Athanasius,William Bright,Clarendon,1884,Greek,309830,data/tlg2035/tlg132,data
tlg2035.tlg003.1st1K-lat1.xml,,De decretis Nicaenae synodi (Chapters 41 and 42),Athanasius of Alexandria,Gerhard Loeschke,J. C. Hinrichs'Sche Buchhandlung,1918,Latin,14898,data/tlg2035/tlg003,data
tlg2035.tlg003.1st1K-grc1.xml,urn:cts:greekLit:tlg2035.tlg003.1st1K-grc1,De decretis Nicaenae synodi (Chapters 41 and 42),Athanasius of Alexandria,Gerhard Loeschke,J. C. Hinrichs'Sche Buchhandlung,1918,Greek,30235,data/tlg2035/tlg003,data
tlg2035.tlg002.1st1K-grc1.xml,urn:cts:greekLit:tlg2035.tlg002.1st1K-grc1,De Incarnatione Verbi,Athanasius of Alexandria,Archibald Robertson,David Nutt,1893,Greek,291317,data/tlg2035/tlg002,data
tlg2035.tlg131.1st1K-grc1.xml,urn:cts:greekLit:tlg2035.tlg131.1st1K-grc1,Oratio II contra Arianos,Athanasius,William Bright,Clarendon,1884,Greek,382794,data/tlg2035/tlg131,data
tlg2035.tlg130.1st1K-grc1.xml,urn:cts:greekLit:tlg2035.tlg130.1st1K-grc1,Oratio I contra Arianos,Athanasius,William Bright,Clarendon,1884,Greek,301666,data/tlg2035/tlg130,data
tlg5022.tlg007.1st1K-grc1.xml,urn:cts:greekLit:tlg5022.tlg007.1st1K-grc1,Scholia in Euclidis data et catoptrica (scholia vetera),Scholia in Euclidem,Heinrich Menge,Leipzig,1916,Greek,12583,data/tlg5022/tlg007,data
tlg5022.tlg006.1st1K-grc1.xml,urn:cts:greekLit:tlg5022.tlg006.1st1K-grc1,Scholia in Euclidis phaenomena (scholia vetera),Scholia in Euclidem,Heinrich Menge,Leipzig,1916,Greek,94816,data/tlg5022/tlg006,data
tlg5022.tlg003.1st1K-grc1.xml,urn:cts:greekLit:tlg5022.tlg003.1st1K-grc1,Scholia in Euclidis optica (scholia vetera),Scholia in Euclidem,Johan Ludvig Heiberg,Teubner,1895,Greek,66333,data/tlg5022/tlg003,data
tlg5022.tlg004.1st1K-grc1.xml,urn:cts:greekLit:tlg5022.tlg004.1st1K-grc1,"Scholia in opticorum recensionem Theonis (scholia
                    vetera)",Scholia in Euclidem,Johan Ludvig Heiberg,Teubner,1895,Greek,114733,data/tlg5022/tlg004,data
tlg5022.tlg005.1st1K-grc1.xml,urn:cts:greekLit:tlg5022.tlg005.1st1K-grc1,Scholia in Euclidis catoptrica (scholia vetera),Scholia in Euclidem,Johan Ludvig Heiberg,Teubner,1895,Greek,55502,data/tlg5022/tlg005,data
tlg5022.tlg002.1st1K-grc1.xml,urn:cts:greekLit:tlg5022.tlg002.1st1K-grc1,Scholia in Euclidis Data,Scholia in Euclidem,Heinrich Menge,Teubner,1896,Greek,180752,data/tlg5022/tlg002,data
tlg1482.tlg001.1st1K-grc1.xml,urn:cts:greekLit:tlg1482.tlg001.1st1K-grc1,Cyranides,Cyranides,Fernand de Mély,Ernest Leroux,1898,Greek,506183,data/tlg1482/tlg001,data
tlg0550.tlg001.1st1K-grc1.xml,urn:cts:greekLit:tlg0550.tlg001.1st1K-grc1,Conica,Apollonius of Perga,J. L. Heiberg,Teubner,1893,Greek,109222,data/tlg0550/tlg001,data
tlg0559.tlg007.1st1K-grc1.xml,urn:cts:greekLit:tlg0559.tlg007.1st1K-grc1,Dioptra,Hero of Alexandria,Hermann Schöne,Teubner,1903,Greek,178478,data/tlg0559/tlg007,data
tlg0559.tlg001.1st1K-grc1.xml,urn:cts:greekLit:tlg0559.tlg001.1st1K-grc1,Πνευματικά,Hero of Alexandria,Wilhelm Schmidt,Teubner,1899,Greek,483130,data/tlg0559/tlg001,data
tlg0559.tlg006.1st1K-grc1.xml,urn:cts:greekLit:tlg0559.tlg006.1st1K-grc1,Metrica,Hero of Alexandria,Hermann Schöne,Teubner,1903,Greek,242934,data/tlg0559/tlg006,data
tlg0559.tlg015.1st1K-grc1.xml,urn:cts:greekLit:tlg0559.tlg015.1st1K-grc1,Geodaesia [Sp.],Hero of Alexandria,Johan Ludvig Heiberg,Teubner,1914,Greek,91795,data/tlg0559/tlg015,data
tlg0559.tlg012.1st1K-grc1.xml,urn:cts:greekLit:tlg0559.tlg012.1st1K-grc1,Belopoeica,Hero of Alexandria,E. W. Marsden,Clarendon,1971,Greek,73482,data/tlg0559/tlg012,data
tlg0559.tlg014.1st1K-grc1.xml,urn:cts:greekLit:tlg0559.tlg014.1st1K-grc1,Fragmenta Heroniana,Hero of Alexandria,Frederick Hultsch,Teubner,1864,Greek,62117,data/tlg0559/tlg014,data
tlg0559.tlg004.1st1K-grc1.xml,urn:cts:greekLit:tlg0559.tlg004.1st1K-grc1,Mechanicorum fragmenta,Hero of Alexandria ,Wilhelm Schmidt,Teubner,1900,Greek,64060,data/tlg0559/tlg004,data
tlg0559.tlg005.1st1K-grc1.xml,urn:cts:greekLit:tlg0559.tlg005.1st1K-grc1,Catoptrica,Hero of Alexandria ,Wilhelm Schmidt,Teubner,1900,Greek,10030,data/tlg0559/tlg005,data
tlg0559.tlg002.1st1K-grc1.xml,urn:cts:greekLit:tlg0559.tlg002.1st1K-grc1,De automatis,Hero of Alexandria ,Wilhelm Schmidt,Teubner,1899,Greek,163815,data/tlg0559/tlg002,data
tlg0559.tlg011.1st1K-grc1.xml,urn:cts:greekLit:tlg0559.tlg011.1st1K-grc1,De mensuris,Hero of Alexandria,Johan Ludvig Heiberg,Teubner,1914,Greek,85488,data/tlg0559/tlg011,data
tlg0559.tlg016.1st1K-grc1.xml,urn:cts:greekLit:tlg0559.tlg016.1st1K-grc1,Liber geeponicus [Sp.],Hero of Alexandria,Friedrich Hultsch,Weidmann,1864,Greek,99396,data/tlg0559/tlg016,data
tlg0559.tlg010.1st1K-grc1.xml,urn:cts:greekLit:tlg0559.tlg010.1st1K-grc1,Stereometrica,Hero of Alexandria,Johan Ludvig Heiberg,Teubner,1914,Greek,259773,data/tlg0559/tlg010,data
tlg0592.tlg001.1st1K-grc1.xml,urn:cts:greekLit:tlg0592.tlg001.1st1K-grc1,Progymnasmata [Dub.],Hermogenes,Hugo Rabe,Teubner,1913,Greek,85907,data/tlg0592/tlg001,data
tlg0592.tlg003.1st1K-grc1.xml,urn:cts:greekLit:tlg0592.tlg003.1st1K-grc1,Περὶ εὑρέσεως,Hermogenes,Hugo Rabe,Teubner,1913,Greek,384475,data/tlg0592/tlg003,data
tlg0592.tlg004.1st1K-grc1.xml,urn:cts:greekLit:tlg0592.tlg004.1st1K-grc1,Περὶ ἰδεῶν λόγου,Hermogenes,Hugo Rabe,Teubner,1913,Greek,638054,data/tlg0592/tlg004,data
tlg0592.tlg005.1st1K-grc1.xml,urn:cts:greekLit:tlg0592.tlg005.1st1K-grc1,Περὶ μεθόδου δεινότητος,Hermogenes,Hugo Rabe,Teubner,1913,Greek,129674,data/tlg0592/tlg005,data
tlg0592.tlg002.1st1K-grc1.xml,urn:cts:greekLit:tlg0592.tlg002.1st1K-grc1,Περὶ τῶν στάσεων,Hermogenes,Hugo Rabe,Teubner,1913,Greek,216668,data/tlg0592/tlg002,data
tlg1216.tlg001.perseus-eng1.xml,,The Epistle of Barnabas,Barnabas,Kirsopp Lake,Harvard University Press,1912,English,70833,data/tlg1216/tlg001,data
tlg1216.tlg001.opp-grc1.xml,urn:cts:greekLit:tlg1216.tlg001.opp-grc1,Βαρνάβα ἐπιστολή,Barnabas,Kirsopp Lake,Harvard University Press,1912,Greek,121958,data/tlg1216/tlg001,data
tlg1216.tlg001.perseus-grc2.xml,urn:cts:greekLit:tlg1216.tlg001.perseus-grc2,Βαρνάβα ἐπιστολή,Barnabas,Kirsopp Lake,Harvard University Press,1912,English,119040,data/tlg1216/tlg001,data
tlg2655.tlg002.1st1K-grc1.xml,urn:cts:greekLit:tlg2655.tlg002.1st1K-grc1,De lapidibus,Damigeron,Fernand de Mély,Ernest Leroux,1898,Greek,52922,data/tlg2655/tlg002,data
tlg2003.tlg009.perseus-grc2.xml,urn:cts:greekLit:tlg2003.tlg009.perseus-grc2,Εἰς τοὺς ἀπαιδεύτους κύνας,Julian the Emperor,Wilmer Cave Wright,William Heinemann,1913,Greek,82800,data/tlg2003/tlg009,data
tlg2003.tlg007.perseus-grc2.xml,urn:cts:greekLit:tlg2003.tlg007.perseus-grc2,Πρὸς Ἡράκλειον κυνικὸν περὶ τοῦ πῶς κυνιστέον καὶ εἰ πρέπει τῷ κυνὶ μύθους πλάττειν,Julian the Emperor,Wilmer Cave Wright,William Heinemann,1913,Greek,123403,data/tlg2003/tlg007,data
tlg2003.tlg001.perseus-grc2.xml,urn:cts:greekLit:tlg2003.tlg001.perseus-grc2,Ἐγκώμιον εἰς τὸν αὐτοκράτορα Κωνστάντιον,Julian the Emperor,Wilmer Cave Wright,William Heinemann,1913,Greek,168471,data/tlg2003/tlg001,data
tlg2003.tlg006.perseus-grc2.xml,urn:cts:greekLit:tlg2003.tlg006.perseus-grc2,Θεμιστίῳ φιλοσόφῳ,Julian the Emperor,Wilmer Cave Wright,William Heinemann,1913,Greek,49566,data/tlg2003/tlg006,data
tlg2003.tlg008.perseus-grc2.xml,urn:cts:greekLit:tlg2003.tlg008.perseus-grc2,Εἰς τὴν μητέρα τῶν θεῶν,Julian the Emperor,Wilmer Cave Wright,William Heinemann,1913,Greek,81000,data/tlg2003/tlg008,data
tlg2003.tlg012.perseus-grc2.xml,urn:cts:greekLit:tlg2003.tlg012.perseus-grc2,Μισοπώγων,Julian the Emperor,Wilmer Cave Wright,William Heinemann,1913,Greek,121462,data/tlg2003/tlg012,data
tlg2003.tlg013.perseus-grc2.xml,urn:cts:greekLit:tlg2003.tlg013.perseus-grc2,Epistulae,Julian the Emperor,Wilmer Cave Wright,William Heinemann,1913-1923,Greek,399480,data/tlg2003/tlg013,data
tlg2003.tlg003.perseus-grc2.xml,urn:cts:greekLit:tlg2003.tlg003.perseus-grc2,Περὶ τῶν τοῦ αὐτοκράτορος πράξεων ἢ περὶ βασιλείας,Julian the Emperor,Wilmer Cave Wright,William Heinemann,1913,Greek,185686,data/tlg2003/tlg003,data
tlg2003.tlg004.perseus-grc2.xml,urn:cts:greekLit:tlg2003.tlg004.perseus-grc2,Ἐπὶ τῇ ἐξόδῳ τοῦ ἀγαθωτάτου Σαλουστίου παραμυθητικὸς εἰς ἑαυτόν,Julian the Emperor,Wilmer Cave Wright,William Heinemann,1913,Greek,45650,data/tlg2003/tlg004,data
tlg2003.tlg005.perseus-grc2.xml,urn:cts:greekLit:tlg2003.tlg005.perseus-grc2,Ἀθηναίων τῇ βουλῇ καὶ τῷ δήμῳ,Julian the Emperor,Wilmer Cave Wright,William Heinemann,1913,Greek,69313,data/tlg2003/tlg005,data
tlg2003.tlg002.perseus-grc2.xml,urn:cts:greekLit:tlg2003.tlg002.perseus-grc2,Εὐσεβίας τῆς βασιλίδος ἐγκώμιον,Julian the Emperor,Wilmer Cave Wright,William Heinemann,1913,Greek,99486,data/tlg2003/tlg002,data
tlg2003.tlg011.perseus-grc2.xml,urn:cts:greekLit:tlg2003.tlg011.perseus-grc2,Εἰς τὸν βασιλέα Ἥλιον πρὸς Σαλούστιον,Julian the Emperor,Wilmer Cave Wright,William Heinemann,1913,Greek,106204,data/tlg2003/tlg011,data
tlg2003.tlg017.perseus-grc2.xml,urn:cts:greekLit:tlg2003.tlg017.perseus-grc2,Κατὰ Γαλιλαίων,Julian the Emperor,Wilmer Cave Wright,William Heinemann,1923,Greek,156007,data/tlg2003/tlg017,data
tlg2003.tlg010.perseus-grc2.xml,urn:cts:greekLit:tlg2003.tlg010.perseus-grc2,Συμπόσιον ἢ Κρόνια,Julian the Emperor,Wilmer Cave Wright,William Heinemann,1913,Greek,99001,data/tlg2003/tlg010,data
tlg0561.tlg001.perseus-grc2.xml,urn:cts:greekLit:tlg0561.tlg001.perseus-grc2,Δάφνις καὶ Χλόη,Longus,Rudolf Hercher,Teubner,1858,Greek,289522,data/tlg0561/tlg001,data
tlg1681.tlg001.1st1K-grc1.xml,urn:cts:greekLit:tlg1681.tlg001.1st1K-grc1,Epistulae,Solonis Epistulae,Rudolf Hercher,A. F. Didot,1873,Greek,12570,data/tlg1681/tlg001,data
tlg1447.tlg009.1st1K-grc1.xml,urn:cts:greekLit:tlg1447.tlg009.1st1K-grc1,Fragmenta Synodicae Epistulae,"Irenaeus, Saint, Bishop of Lyon",Martin Joseph Routh,Oxford University Press,1846,Greek,11302,data/tlg1447/tlg009,data
tlg1447.tlg001.1st1K-grc1.xml,urn:cts:greekLit:tlg1447.tlg001.1st1K-grc1,Libros quinque adversus haereses,Irenaeus,William Wigan Harvey,Cantabrigiæ,1857,Greek,397627,data/tlg1447/tlg001,data
tlg0083.tlg003.1st1K-grc1.xml,urn:cts:greekLit:tlg0083.tlg003.1st1K-grc1,De Bospori Navigatione,Dionysius of Byzantium,Karl Müller,Ambroise-Firmin Didot,1861,Greek,8455,data/tlg0083/tlg003,data
tlg0077.tlg001.1st1K-grc1.xml,urn:cts:greekLit:tlg0077.tlg001.1st1K-grc1,Stadiasmus Magni Maris,Anonymous,Carolus Müllerus,Ambroise-Firmin Didot,1855,Greek,104534,data/tlg0077/tlg001,data
tlg0048.tlg001.1st1K-grc1.xml,urn:cts:greekLit:tlg0048.tlg001.1st1K-grc1,Epistulae,"Philip II, King of Macedonia",Rudolf Hercher,A. F. Didot,1873,Greek,42503,data/tlg0048/tlg001,data
tlg0626.tlg002.1st1K-grc1.xml,urn:cts:greekLit:tlg0626.tlg002.1st1K-grc1,Fragmenta,Heraclitus of Ephesus,Hermann Diels,Weidmann,1922,Greek,69307,data/tlg0626/tlg002,data
tlg0070.tlg001.1st1K-grc1.xml,urn:cts:greekLit:tlg0070.tlg001.1st1K-grc1,Mansiones Parthicae,Isidore of Charax,Karl Müller,Ambroise-Firmin Didot,1855,Greek,27206,data/tlg0070/tlg001,data
tlg1390.tlg004.1st1K-grc1.xml,urn:cts:greekLit:tlg1390.tlg004.1st1K-grc1,Fragmenta,Hecataeus of Abderita,Hermann Diels,Weidmann,1922,Greek,34362,data/tlg1390/tlg004,data
tlg0084.tlg001.1st1K-grc1.xml,urn:cts:greekLit:tlg0084.tlg001.1st1K-grc1,Orbis Descriptio,Dionysius Periegetes,Karl Müller,Ambroise-Firmin Didot,1861,Greek,124955,data/tlg0084/tlg001,data
tlg2972.tlg001.1st1K-grc1.xml,urn:cts:greekLit:tlg2972.tlg001.1st1K-grc1,Anonymi Dissertatio De Terrae Motibus,Anonymi de Terrae Motibus,,Teubner,1897,Greek,20069,data/tlg2972/tlg001,data
tlg0046.tlg001.1st1K-grc1.xml,urn:cts:greekLit:tlg0046.tlg001.1st1K-grc1,Epistula,Niciae Epistula,Rudolf Hercher,A. F. Didot,1873,Greek,15101,data/tlg0046/tlg001,data
tlg1194.tlg001.1st1K-grc1.xml,urn:cts:greekLit:tlg1194.tlg001.1st1K-grc1,Περὶ Σημίων Ὀδυσσείας,Aristonicus of Alexandria,Otto Carnuth,Hirzel,1869,Greek,601997,data/tlg1194/tlg001,data
tlg0610.perseus002.perseus-grc1.xml,urn:cts:greekLit:tlg0610.perseus002.perseus-grc1,Περὶ Σοφιστῶν,Alcidamas,Friedrich Blass,Teubner,1892,Greek,36036,data/tlg0610/perseus002,data
tlg0610.tlg001.1st1K-grc1.xml,urn:cts:greekLit:tlg0610.tlg001.1st1K-grc1,Ὀδυσσεύς,Alcidamas,Friedrich Blass,Tevbneri,1892,Greek,60148,data/tlg0610/tlg001,data
tlg2178.tlg001.1st1K-grc1.xml,urn:cts:greekLit:tlg2178.tlg001.1st1K-grc1,Ars rhetorica,Cassius Longinus,Leonhard von Spengel,Teubner,1853,Greek,94685,data/tlg2178/tlg001,data
tlg2178.tlg004.1st1K-grc1.xml,urn:cts:greekLit:tlg2178.tlg004.1st1K-grc1,Prolegomena Longini commentariique reliquiae,Cassius Longinus,Maximilian Consbruch,Teubner,1906,Greek,34375,data/tlg2178/tlg004,data
tlg2178.tlg002.1st1K-grc1.xml,urn:cts:greekLit:tlg2178.tlg002.1st1K-grc1,Excerpta,Cassius Longinus,Leonhard von Spengel,Teubner,1853,Greek,16908,data/tlg2178/tlg002,data
tlg2140.tlg001.1st1K-grc1.xml,urn:cts:greekLit:tlg2140.tlg001.1st1K-grc1,Fragmenta alchemica,Iamblichus Alchemista,Marcellin Berthelot,Georges Steinheil,1888,Greek,18686,data/tlg2140/tlg001,data
tlg0041.tlg001.1st1K-grc1.xml,urn:cts:greekLit:tlg0041.tlg001.1st1K-grc1,Epistulae,Chionis Epistulae,Rudolf Hercher,A. F. Didot,1873,Greek,75416,data/tlg0041/tlg001,data
tlg1193.tlg001.1st1K-grc1.xml,urn:cts:greekLit:tlg1193.tlg001.1st1K-grc1,Testimonia et Fragmenta,Ariston of Chios,Hans Friedrich August von Arnim,Teubner,1903,Greek,73388,data/tlg1193/tlg001,data
tlg0628.tlg001.1st1K-grc1.xml,urn:cts:greekLit:tlg0628.tlg001.1st1K-grc1,Dissertationum a Lucio digestarum reliquiae,Musonius Rufus,Otto Hense,Teubner,1905,Greek,202888,data/tlg0628/tlg001,data
tlg0628.tlg003.1st1K-grc1.xml,urn:cts:greekLit:tlg0628.tlg003.1st1K-grc1,Epistulae spuriae,Musonius Rufus,Otto Hense,Teubner,1905,Greek,33762,data/tlg0628/tlg003,data
tlg0628.tlg002.1st1K-grc1.xml,urn:cts:greekLit:tlg0628.tlg002.1st1K-grc1,Fragmenta minora,Musonius Rufus,Otto Hense,Teubner,1905,Greek,49886,data/tlg0628/tlg002,data
tlg1765.tlg003.1st1K-grc1.xml,urn:cts:greekLit:tlg1765.tlg003.1st1K-grc1,Vita Aesopi Pl vel Accursiana (sub auctore Maximo Planude) (recensio 1),Vitae Aesopi,Alfred Eberhard,Teubner,1872,Greek,260401,data/tlg1765/tlg003,data
tlg1765.tlg004.1st1K-grc1.xml,urn:cts:greekLit:tlg1765.tlg004.1st1K-grc1,Vita Aesopi (fort. auctore Aphthonio),Vitae Aesopi,Alfred Eberhard,Teubner,1872,Greek,10268,data/tlg1765/tlg004,data
tlg1765.tlg005.1st1K-grc1.xml,urn:cts:greekLit:tlg1765.tlg005.1st1K-grc1,Βιβλίον μυθικὸν τοῦ Αἰσώπου,Vitae Aesopi,Alfred Eberhard,Teubner,1872,Greek,6978,data/tlg1765/tlg005,data
tlg0643.tlg001.1st1K-mul2.xml,,Index Nominum to Iatrica,,Hermann Diels,Reimer,1893,Greek,26803,data/tlg0643/tlg001,data
tlg0643.tlg001.1st1K-lat1.xml,,Signorum Explicatio to Iatrica,K. F. G. Kenyon,Hermann Diels,Reimer,1893,Latin,6283,data/tlg0643/tlg001,data
tlg0643.tlg001.1st1K-mul1.xml,urn:cts:greekLit:tlg0643.tlg001.1st1K-mul1,Index Verborum to Iatrica,,Hermann Diels,Reimer,1893,Greek,244934,data/tlg0643/tlg001,data
tlg0643.tlg001.1st1K-grc2.xml,,Sigla to Anonymus Londinensis Iatrica,Hermann Diels,,Reimer,1893,Greek,5726,data/tlg0643/tlg001,data
tlg0643.tlg001.1st1K-grc1.xml,urn:cts:greekLit:tlg0643.tlg001.1st1K-grc1,Iatrica,Anonymus Londinensis,Hermann Diels,Reimer,1893,Greek,296315,data/tlg0643/tlg001,data
tlg0643.opp001.1st1K-lat1.xml,,Preface to Anonymi Londinensis ex Aristotelis iatricis Menoniis et aliis medicis eclogae,Hermann Diels,,Reimer,1893,Latin,43116,data/tlg0643/opp001,data
tlg0643.tlg002.1st1K-grc1.xml,urn:cts:greekLit:tlg0643.tlg002.1st1K-grc1,Anonymus Londinensis Fragmenta,,Hermann Diels,Reimer,1893,Greek,7862,data/tlg0643/tlg002,data
tlg0643.opp003.1st1K-grc1.xml,urn:cts:greekLit:tlg0643.opp003.1st1K-grc1,Iatrica Fragmenta Reliqua,,Hermann Diels,Reimer,1893,Greek,10330,data/tlg0643/opp003,data
tlg0643.opp002.1st1K-lat1.xml,,Epimetrum to Anonymi Londinensis ex Aristotelis iatricis Menoniis et aliis medicis eclogae,Hermann Diels,,Reimer,1893,Latin,6512,data/tlg0643/opp002,data
tlg0015.tlg001.1st1K-grc1.xml,urn:cts:greekLit:tlg0015.tlg001.1st1K-grc1,Ab excessu divi Marci,Herodian,Immanuel Bekker,Teubner,1855,Latin,684403,data/tlg0015/tlg001,data
tlg0012.tlg001.perseus-eng4.xml,,The Iliad,Homer,Samuel Butler,"Longmans, Green and Co.",1898,English,1232022,data/tlg0012/tlg001,data
tlg0012.tlg001.perseus-eng3.xml,,Iliad,Homer,Augustus Taber Murray,"William Heinemann, Ltd.",1924-1925,English,1134380,data/tlg0012/tlg001,data
tlg0012.tlg001.perseus-grc2.xml,urn:cts:greekLit:tlg0012.tlg001.perseus-grc2,Ἰλιάς,Homer,David B. Monro,Clarendon Press,1908-1920,Greek,2060375,data/tlg0012/tlg001,data
tlg0012.tlg003.perseus-grc1.xml,urn:cts:greekLit:tlg0012.tlg003.perseus-grc1,Ἐπιγράμματα,Homer,Hugh G. Evelyn-White,"William Heinemann, Ltd.",1914,English,17157,data/tlg0012/tlg003,data
tlg0012.tlg003.perseus-eng1.xml,,Epigrams,Homer,Hugh G. Evelyn-White,"William Heinemann, Ltd.",1914,English,16271,data/tlg0012/tlg003,data
tlg0012.tlg002.perseus-grc2.xml,urn:cts:greekLit:tlg0012.tlg002.perseus-grc2,Ὀδύσσεια,Homer,Augustus Taber Murray,"William Heinemann, Ltd.",1919,Greek,1560142,data/tlg0012/tlg002,data
tlg0012.tlg002.perseus-eng4.xml,,The Odyssey,Homer,Samuel Butler,A. C. Fifield,1900 (?),English,939110,data/tlg0012/tlg002,data
tlg0012.tlg002.perseus-eng3.xml,,Odyssey,Homer,Augustus Taber Murray,"William Heinemann, Ltd.",1919,English,870908,data/tlg0012/tlg002,data
tlg0644.tlg001.1st1K-grc1.xml,urn:cts:greekLit:tlg0644.tlg001.1st1K-grc1,Historiae Animalium Epitome,Aristophanes of Byzantium,Spyridon Paulou Lampros,Reimer,1885,Greek,1220265,data/tlg0644/tlg001,data
tlg2583.tlg001.1st1K-grc1.xml,urn:cts:greekLit:tlg2583.tlg001.1st1K-grc1,Apotelesmatica,Manetho Astrologus,Hermann Koechly,Leipzig,1858,Greek,324970,data/tlg2583/tlg001,data
tlg1134.tlg001.1st1K-grc1.xml,urn:cts:greekLit:tlg1134.tlg001.1st1K-grc1,Fragmenta,Anonymous Iamblichi,Hermann Diels,Weidmann,1922,Greek,37499,data/tlg1134/tlg001,data
tlg0024.tlg001.perseus-grc2.xml,urn:cts:greekLit:tlg0024.tlg001.perseus-grc2,Κυνηγετικά,Oppian of Apamea,A. W. Mair,William Heinemann Ltd.,1928,Greek,357078,data/tlg0024/tlg001,data
tlg4013.tlg001.1st1K-grc1.xml,urn:cts:greekLit:tlg4013.tlg001.1st1K-grc1,In Aristotelis quattuor libros de caelo commentaria,Simplicius,J.L. Heiberg,Reimer,1894,Greek,4111149,data/tlg4013/tlg001,data
tlg4013.tlg003.1st1K-grc1.xml,urn:cts:greekLit:tlg4013.tlg003.1st1K-grc1,In Aristotelis Categorias Commentarium,Simplicius,Karl Kalblfleisch,Reimer,1907,Greek,2523836,data/tlg4013/tlg003,data
tlg4013.tlg004.1st1K-grc1.xml,urn:cts:greekLit:tlg4013.tlg004.1st1K-grc1,In Aristotelis physicorum libros commentaria,Simplicius,Hermann Diels,Reimer,1882-1895,Greek,6315609,data/tlg4013/tlg004,data
tlg4013.tlg005.1st1K-grc1.xml,urn:cts:greekLit:tlg4013.tlg005.1st1K-grc1,In Aristotelis libros de anima commentaria [Sp.?] (fort. auctore Prisciano Lydo),Simplicius,Michael Hayduck,Reimer,1882,Greek,1785985,data/tlg4013/tlg005,data
tlg1337.tlg003.1st1K-grc1.xml,urn:cts:greekLit:tlg1337.tlg003.1st1K-grc1,Fragmenta alia antiqua,Dorotheus of Sidon,Hermann Koechly,Teubner,1858,Greek,13085,data/tlg1337/tlg003,data
tlg0023.tlg001.perseus-grc2.xml,urn:cts:greekLit:tlg0023.tlg001.perseus-grc2,Ἁλιευτικά,Oppian,A. W. Mair,"William Heinemann, Ltd.",1928,Greek,564592,data/tlg0023/tlg001,data
tlg1595.tlg370.1st1K-grc1.xml,urn:cts:greekLit:tlg1595.tlg370.1st1K-grc1,Volumina Rhetorica,Philodemus,Siegfried Sudhaus,Teubner,1895,Greek,141127,data/tlg1595/tlg370,data
tlg1595.tlg221.1st1K-grc1.xml,urn:cts:greekLit:tlg1595.tlg221.1st1K-grc1,De Musica Librorum Quae Exstant,Philodemus,Johannes Kemke,Teubner,1884,Greek,226543,data/tlg1595/tlg221,data
tlg0616.tlg001.1st1K-grc1.xml,urn:cts:greekLit:tlg0616.tlg001.1st1K-grc1,Strategemata,Polyaenus,Johannes Melber,Teubner,1887,Greek,1219826,data/tlg0616/tlg001,data
tlg0616.tlg002.1st1K-grc1.xml,urn:cts:greekLit:tlg0616.tlg002.1st1K-grc1,Excerpta Polyaeni,Polyaenus,Johannes Melber,Teubner,1887,Greek,262813,data/tlg0616/tlg002,data
tlg4084.tlg001.1st1K-grc1.xml,urn:cts:greekLit:tlg4084.tlg001.1st1K-grc1,Historia Nova,Zosimus,Ludwig Mendelssohn,Teubner,1887,Greek,1192315,data/tlg4084/tlg001,data
tlg0629.tlg001.1st1K-grc1.xml,urn:cts:greekLit:tlg0629.tlg001.1st1K-grc1,Epistulae,Periander,Rudolf Hercher,A. F. Didot,1873,Greek,7923,data/tlg0629/tlg001,data
tlg0085.tlg007.1st1K-grc1.xml,urn:cts:greekLit:tlg0085.tlg007.1st1K-grc1,Εὐμενίδες,Aeschylus,Arthur Sidgwick,Clarendon Press,1902,Greek,174129,data/tlg0085/tlg007,data
tlg0085.tlg007.perseus-grc2.xml,urn:cts:greekLit:tlg0085.tlg007.perseus-grc2,Εὐμενίδες,Aeschylus,Herbert Weir Smyth,William Heinemann,1926,Greek,130616,data/tlg0085/tlg007,data
tlg0085.tlg007.perseus-eng2.xml,,Eumenides,Aeschylus,Herbert Weir Smyth,William Heinemann,1926,English,97033,data/tlg0085/tlg007,data
tlg0085.tlg001.1st1K-grc1.xml,urn:cts:greekLit:tlg0085.tlg001.1st1K-grc1,Ἱκέτιδες,Aeschylus,Arthur Sidgwick,Clarendon Press,1902,Greek,209901,data/tlg0085/tlg001,data
tlg0085.tlg001.perseus-eng2.xml,,Suppliant Maidens,Aeschylus,Herbert Weir Smyth,William Heinemann,1922,English,108571,data/tlg0085/tlg001,data
tlg0085.tlg001.perseus-grc2.xml,urn:cts:greekLit:tlg0085.tlg001.perseus-grc2,Ἱκέτιδες,Aeschylus,Herbert Weir Smyth,William Heinemann,1922,Greek,139055,data/tlg0085/tlg001,data
tlg0085.tlg006.1st1K-grc1.xml,urn:cts:greekLit:tlg0085.tlg006.1st1K-grc1,Χοηφóρoι,Aeschylus,Arthur Sidgwick,Clarendon Press,1902,Greek,198504,data/tlg0085/tlg006,data
tlg0085.tlg006.perseus-grc2.xml,urn:cts:greekLit:tlg0085.tlg006.perseus-grc2,Χοηφóρoι,Aeschylus,Herbert Weir Smyth,William Heinemann,1926,Greek,141862,data/tlg0085/tlg006,data
tlg0085.tlg006.perseus-eng2.xml,,Libation Bearers,Aeschylus,Herbert Weir Smyth,William Heinemann,1926,English,105497,data/tlg0085/tlg006,data
tlg0085.tlg003.perseus-grc2.xml,urn:cts:greekLit:tlg0085.tlg003.perseus-grc2,Προμηθεὺς δεσμώτης,Aeschylus,Herbert Weir Smyth,William Heinemann,1922,Greek,151112,data/tlg0085/tlg003,data
tlg0085.tlg003.1st1K-grc1.xml,urn:cts:greekLit:tlg0085.tlg003.1st1K-grc1,Προμηθεὺς Δεσμώτης,Aeschylus,Arthur Sidgwick,Clarendon Press,1902,Greek,172209,data/tlg0085/tlg003,data
tlg0085.tlg003.perseus-eng2.xml,,Prometheus Bound,Aeschylus,Herbert Weir Smyth,William Heinemann,1922,English,92801,data/tlg0085/tlg003,data
tlg0085.tlg004.1st1K-grc1.xml,urn:cts:greekLit:tlg0085.tlg004.1st1K-grc1,Ἑπτὰ ἐπὶ Θήβας,Aeschylus,Arthur Sidgwick,Clarendon Press,1902,Greek,176793,data/tlg0085/tlg004,data
tlg0085.tlg004.perseus-eng2.xml,,Seven Against Thebes,Aeschylus,Herbert Weir Smyth,William Heinemann,1922,English,92123,data/tlg0085/tlg004,data
tlg0085.tlg004.perseus-grc2.xml,urn:cts:greekLit:tlg0085.tlg004.perseus-grc2,Ἑπτὰ ἐπὶ Θήβας,Aeschylus,Herbert Weir Smyth,William Heinemann,1922,greek,133186,data/tlg0085/tlg004,data
tlg0085.tlg005.perseus-eng4.xml,,Agamemnon,Aeschylus,Robert Browning,"Smith, Elder, and Co.",1889,English,174553,data/tlg0085/tlg005,data
tlg0085.tlg005.perseus-eng3.xml,,Agamemnon,Aeschylus,Herbert Weir Smyth,William Heinemann,1926,English,141540,data/tlg0085/tlg005,data
tlg0085.tlg005.1st1K-grc1.xml,urn:cts:greekLit:tlg0085.tlg005.1st1K-grc1,Ἀγαμέμνων,Aeschylus,Arthur Sidgwick,Clarendon Press,1902,Greek,253454,data/tlg0085/tlg005,data
tlg0085.tlg005.perseus-grc2.xml,urn:cts:greekLit:tlg0085.tlg005.perseus-grc2,Ἀγαμέμνων,Aeschylus,Herbert Weir Smyth,William Heinemann,1926,Greek,201483,data/tlg0085/tlg005,data
tlg0085.tlg002.perseus-grc2.xml,urn:cts:greekLit:tlg0085.tlg002.perseus-grc2,Πέρσαι,Aeschylus,Herbert Weir Smyth,William Heinemann,1922,Greek,104428,data/tlg0085/tlg002,data
tlg0085.tlg002.1st1K-grc1.xml,urn:cts:greekLit:tlg0085.tlg002.1st1K-grc1,Πέρσαι,Aeschylus,Arthur Sidgwick,Clarendon Press,1902,Greek,179789,data/tlg0085/tlg002,data
tlg0085.tlg002.perseus-eng2.xml,,Persians,Aeschylus,Herbert Weir Smyth,William Heinemann,1922,English,94474,data/tlg0085/tlg002,data
tlg1701.tlg001.1st1K-grc1.xml,urn:cts:greekLit:tlg1701.tlg001.1st1K-grc1,The Testament of Abraham Recension A,Testamentum Abrahae,Montague Rhodes James,Cambridge University Press,1892,Greek,149746,data/tlg1701/tlg001,data
tlg1701.tlg002.1st1K-grc1.xml,urn:cts:greekLit:tlg1701.tlg002.1st1K-grc1,The Testament of Abraham Recension B,Testamentum Abrahae,Montague Rhodes James,Cambridge University Press,1892,Greek,81929,data/tlg1701/tlg002,data
tlg0627.tlg053.1st1K-grc1.xml,urn:cts:greekLit:tlg0627.tlg053.1st1K-grc1,De diebus criticis,Hippocrates,Émile Littré,Baillière,1861,Greek,20695,data/tlg0627/tlg053,data
tlg0627.tlg009.perseus-eng2.xml,,On Fractures,Hippocrates,Francis Adams,William Wood and Company,1886,English,98070,data/tlg0627/tlg009,data
tlg0627.tlg009.1st1K-grc1.xml,urn:cts:greekLit:tlg0627.tlg009.1st1K-grc1,De fracturis,Hippocrates,Émile Littré,Baillière,1841,Greek,178421,data/tlg0627/tlg009,data
tlg0627.tlg009.perseus-grc2.xml,urn:cts:greekLit:tlg0627.tlg009.perseus-grc2,Περὶ ἀγμῶν,Hippocrates,Émile Littré,Adolf M. Hakkert,1961,Greek,146275,data/tlg0627/tlg009,data
tlg0627.tlg036.1st1K-grc1.xml,urn:cts:greekLit:tlg0627.tlg036.1st1K-grc1,De muliebribus,Hippocrates,Émile Littré,Baillière,1853,Greek,655053,data/tlg0627/tlg036,data
tlg0627.tlg031.1st1K-grc1.xml,urn:cts:greekLit:tlg0627.tlg031.1st1K-grc1,De diaeta,Hippocrates,Émile Littré,Baillière,1849,Greek,333514,data/tlg0627/tlg031,data
tlg0627.tlg038.1st1K-grc1.xml,urn:cts:greekLit:tlg0627.tlg038.1st1K-grc1,De superfoetatione,Hippocrates,Émile Littré,Baillière,1853,Greek,61188,data/tlg0627/tlg038,data
tlg0627.tlg007.perseus-eng2.xml,,On Injuries of the Head,Hippocrates,Francis Adams,William Wood and Company,1886,English,40899,data/tlg0627/tlg007,data
tlg0627.tlg007.perseus-grc2.xml,urn:cts:greekLit:tlg0627.tlg007.perseus-grc2,Περὶ τῶν ἐν κεφαλῇ τρωμάτων,Hippocrates,Émile Littré,Adolf M. Hakkert,1961,Greek,64390,data/tlg0627/tlg007,data
tlg0627.tlg007.1st1K-grc1.xml,urn:cts:greekLit:tlg0627.tlg007.1st1K-grc1,De capitis vulneribus,Hippocrates,Émile Littré,Baillière,1841,Greek,78826,data/tlg0627/tlg007,data
tlg0627.tlg052.1st1K-grc1.xml,urn:cts:greekLit:tlg0627.tlg052.1st1K-grc1,De crisibus,Hippocrates,Émile Littré,Baillière,1861,Greek,42577,data/tlg0627/tlg052,data
tlg0627.tlg055.1st1K-grc1.xml,urn:cts:greekLit:tlg0627.tlg055.1st1K-grc1,"Epistulae, Decretum, Orationes",Hippocrates,Émile Littré,Baillière,1861,Greek,196004,data/tlg0627/tlg055,data
tlg0627.tlg001.perseus-grc2.xml,urn:cts:greekLit:tlg0627.tlg001.perseus-grc2,Περὶ ἀρχαίας ἰατρικῆς,Hippocrates,William Henry Samuel Jones,William Heinemann Ltd.,1923,Greek,75371,data/tlg0627/tlg001,data
tlg0627.tlg001.1st1K-grc1.xml,urn:cts:greekLit:tlg0627.tlg001.1st1K-grc1,De prisca medicina,Hippocrates,Émile Littré,Baillière,1839,Greek,89952,data/tlg0627/tlg001,data
tlg0627.tlg001.perseus-eng3.xml,,On Ancient Medicine,Hippocrates,Francis Adams,William Wood and Company,1886,English,46930,data/tlg0627/tlg001,data
tlg0627.tlg001.perseus-eng4.xml,,Ancient Medicine,Hippocrates,William Henry Samuel Jones,William Heinemann Ltd.,1923,English,55141,data/tlg0627/tlg001,data
tlg0627.tlg039.1st1K-grc1.xml,urn:cts:greekLit:tlg0627.tlg039.1st1K-grc1,De exsectione foetus,Hippocrates,Émile Littré,Baillière,1853,Greek,12063,data/tlg0627/tlg039,data
tlg0627.tlg006.perseus-eng4.xml,,Epidemics I and III,Hippocrates,William Henry Samuel Jones,William Heinemann Ltd.,1923,English,137714,data/tlg0627/tlg006,data
tlg0627.tlg006.perseus-eng3.xml,,The Epidemics,Hippocrates,Francis Adams,William Wood and Company,1886,English,119894,data/tlg0627/tlg006,data
tlg0627.tlg006.1st1K-grc1.xml,urn:cts:greekLit:tlg0627.tlg006.1st1K-grc1,Epidemiarum,Hippocrates,Émile Littré,Baillière,1840,Greek,805608,data/tlg0627/tlg006,data
tlg0627.tlg006.perseus-grc2.xml,urn:cts:greekLit:tlg0627.tlg006.perseus-grc2,Ἐπιδημίων,Hippocrates,William Henry Samuel Jones,William Heinemann Ltd.,1923,Greek,172179,data/tlg0627/tlg006,data
tlg0627.tlg030.perseus-grc2.xml,urn:cts:greekLit:tlg0627.tlg030.perseus-grc2,Περὶ συρίγγων,Hippocrates,Émile Littré,Adolf M. Hakkert,1961,Greek,23828,data/tlg0627/tlg030,data
tlg0627.tlg030.1st1K-grc1.xml,urn:cts:greekLit:tlg0627.tlg030.1st1K-grc1,De fistulis,Hippocrates,Émile Littré,Baillière,1849,Greek,29410,data/tlg0627/tlg030,data
tlg0627.tlg030.perseus-eng2.xml,,On Fistulae,Hippocrates,Francis Adams,William Wood and Company,1886,English,17393,data/tlg0627/tlg030,data
tlg0627.tlg008.perseus-eng2.xml,,On the Surgery,Hippocrates,Francis Adams,William Wood and Company,1886,English,27772,data/tlg0627/tlg008,data
tlg0627.tlg008.perseus-grc2.xml,urn:cts:greekLit:tlg0627.tlg008.perseus-grc2,Κατ’ ἰητρεῖον,Hippocrates,Émile Littré,Adolf M. Hakkert,1961,Greek,32606,data/tlg0627/tlg008,data
tlg0627.tlg008.1st1K-grc1.xml,urn:cts:greekLit:tlg0627.tlg008.1st1K-grc1,De officina medici,Hippocrates,Émile Littré,Baillière,1841,Greek,39650,data/tlg0627/tlg008,data
tlg0627.tlg037.1st1K-grc1.xml,urn:cts:greekLit:tlg0627.tlg037.1st1K-grc1,De virginum morbis,Hippocrates,Émile Littré,Baillière,1853,Greek,9624,data/tlg0627/tlg037,data
tlg0627.tlg015.1st1K-grc1.xml,urn:cts:greekLit:tlg0627.tlg015.1st1K-grc1,De humoribus,Hippocrates,Émile Littré,Baillière,1846,Greek,35196,data/tlg0627/tlg015,data
tlg0627.tlg012.perseus-eng2.xml,,Aphorisms,Hippocrates,Francis Adams,William Wood and Company,1886,English,122355,data/tlg0627/tlg012,data
tlg0627.tlg012.1st1K-grc1.xml,urn:cts:greekLit:tlg0627.tlg012.1st1K-grc1,Aphorismi,Hippocrates,Émile Littré,Baillière,1844,Greek,174674,data/tlg0627/tlg012,data
tlg0627.tlg012.perseus-grc2.xml,urn:cts:greekLit:tlg0627.tlg012.perseus-grc2,Ἀφορισμοί,Hippocrates,Émile Littré,Adolf M. Hakkert,1961,Greek,163408,data/tlg0627/tlg012,data
tlg0627.tlg023.1st1K-grc1.xml,urn:cts:greekLit:tlg0627.tlg023.1st1K-grc1,De morbis i-iii,Hippocrates,Émile Littré,Baillière,1849-1851,Greek,558791,data/tlg0627/tlg023,data
tlg0627.tlg048.1st1K-grc1.xml,urn:cts:greekLit:tlg0627.tlg048.1st1K-grc1,De natura ossium,Hippocrates,Émile Littré,Baillière,1861,Greek,55483,data/tlg0627/tlg048,data
tlg0627.tlg046.perseus-eng2.xml,,Nutrimen,Hippocrates,William Henry Samuel Jones,William Heinemann Ltd.,1923,English,22027,data/tlg0627/tlg046,data
tlg0627.tlg046.1st1K-grc1.xml,urn:cts:greekLit:tlg0627.tlg046.1st1K-grc1,De alimento,Hippocrates,Émile Littré,Baillière,1861,Greek,29917,data/tlg0627/tlg046,data
tlg0627.tlg046.perseus-grc2.xml,urn:cts:greekLit:tlg0627.tlg046.perseus-grc2,Περὶ τροφῆς,Hippocrates,William Henry Samuel Jones,William Heinemann Ltd.,1923,Greek,28965,data/tlg0627/tlg046,data
tlg0627.tlg041.1st1K-grc1.xml,urn:cts:greekLit:tlg0627.tlg041.1st1K-grc1,De dentitione,Hippocrates,Émile Littré,Baillière,1853,Greek,14422,data/tlg0627/tlg041,data
tlg0627.tlg022.1st1K-grc1.xml,urn:cts:greekLit:tlg0627.tlg022.1st1K-grc1,De liquidorum usu,Hippocrates,Émile Littré,Baillière,1849,Greek,28568,data/tlg0627/tlg022,data
tlg0627.tlg025.1st1K-grc1.xml,urn:cts:greekLit:tlg0627.tlg025.1st1K-grc1,De affectionibus,Hippocrates,Émile Littré,Baillière,1849,Greek,120735,data/tlg0627/tlg025,data
tlg0627.tlg013.perseus-eng5.xml,,Oath,Hippocrates,William Henry Samuel Jones,William Heinemann Ltd.,1923,English,6345,data/tlg0627/tlg013,data
tlg0627.tlg013.perseus-eng4.xml,,The Oath,Hippocrates,Francis Adams,William Wood and Company,1886,English,4722,data/tlg0627/tlg013,data
tlg0627.tlg013.perseus-grc2.xml,urn:cts:greekLit:tlg0627.tlg013.perseus-grc2,Ὅρκος,Hippocrates,William Henry Samuel Jones,William Heinemann Ltd.,1923,Greek,6725,data/tlg0627/tlg013,data
tlg0627.tlg013.1st1K-grc1.xml,urn:cts:greekLit:tlg0627.tlg013.1st1K-grc1,Iusiurandum,Hippocrates,Émile Littré,Baillière,1844,Greek,7284,data/tlg0627/tlg013,data
tlg0627.tlg014.perseus-eng2.xml,,The Law,Hippocrates,Francis Adams,William Wood and Company,1886,English,6674,data/tlg0627/tlg014,data
tlg0627.tlg014.1st1K-grc1.xml,urn:cts:greekLit:tlg0627.tlg014.1st1K-grc1,Lex,Hippocrates,Émile Littré,Baillière,1844,Greek,10002,data/tlg0627/tlg014,data
tlg0627.tlg040.1st1K-grc1.xml,urn:cts:greekLit:tlg0627.tlg040.1st1K-grc1,De anatomia,Hippocrates,Émile Littré,Baillière,1853,Greek,8479,data/tlg0627/tlg040,data
tlg0627.tlg047.1st1K-grc1.xml,urn:cts:greekLit:tlg0627.tlg047.1st1K-grc1,De visu,Hippocrates,Émile Littré,Baillière,1861,Greek,17674,data/tlg0627/tlg047,data
tlg0627.tlg049.1st1K-grc1.xml,urn:cts:greekLit:tlg0627.tlg049.1st1K-grc1,De medico,Hippocrates,Émile Littré,Baillière,1861,Greek,29333,data/tlg0627/tlg049,data
tlg0627.tlg024a.1st1K-grc1.xml,urn:cts:greekLit:tlg0627.tlg024a.1st1K-grc1,De genitura,Hippocrates,Émile Littré,Baillière,1851,Greek,33420,data/tlg0627/tlg024a,data
tlg0627.tlg032.1st1K-grc1.xml,urn:cts:greekLit:tlg0627.tlg032.1st1K-grc1,De affectionibus interioribus,Hippocrates,Émile Littré,Baillière,1851,Greek,253306,data/tlg0627/tlg032,data
tlg0627.tlg035.1st1K-grc1.xml,urn:cts:greekLit:tlg0627.tlg035.1st1K-grc1,De octimestri partu,Hippocrates,Émile Littré,Baillière,1851,Greek,14304,data/tlg0627/tlg035,data
tlg0627.tlg003.perseus-eng2.xml,,The Book of Prognostics,Hippocrates,Francis Adams,William Wood and Company,1886,English,45989,data/tlg0627/tlg003,data
tlg0627.tlg003.perseus-grc2.xml,urn:cts:greekLit:tlg0627.tlg003.perseus-grc2,Προγνωστικόν,Hippocrates,Émile Littré,Adolf M. Hakkert,1961,Greek,71350,data/tlg0627/tlg003,data
tlg0627.tlg003.1st1K-grc1.xml,urn:cts:greekLit:tlg0627.tlg003.1st1K-grc1,Prognosticon,Hippocrates,Émile Littré,Baillière,1840,Greek,87297,data/tlg0627/tlg003,data
tlg0627.tlg004.perseus-grc2.xml,urn:cts:greekLit:tlg0627.tlg004.perseus-grc2,Περὶ διαίτης ὀξέων,Hippocrates,Émile Littré,Adolf M. Hakkert,1961,Greek,81676,data/tlg0627/tlg004,data
tlg0627.tlg004.1st1K-grc1.xml,urn:cts:greekLit:tlg0627.tlg004.1st1K-grc1,De diaeta in morbis acutis,Hippocrates,Émile Littré,Baillière,1840,Greek,101055,data/tlg0627/tlg004,data
tlg0627.tlg004.perseus-eng2.xml,,On Regimen in Acute Diseases,Hippocrates,Francis Adams,William Wood and Company,1886,English,106977,data/tlg0627/tlg004,data
tlg0627.tlg050.1st1K-grc1.xml,urn:cts:greekLit:tlg0627.tlg050.1st1K-grc1,De habitu decenti,Hippocrates,Émile Littré,Baillière,1861,Greek,30141,data/tlg0627/tlg050,data
tlg0627.tlg005.perseus-grc2.xml,urn:cts:greekLit:tlg0627.tlg005.perseus-grc2,Περὶ διαίτης ὀξέων. Νόθα,Hippocrates,Émile Littré,Adolf M. Hakkert,1961,Greek,75571,data/tlg0627/tlg005,data
tlg0627.tlg005.1st1K-grc1.xml,urn:cts:greekLit:tlg0627.tlg005.1st1K-grc1,De diaeta acutorum (spurium),Hippocrates,Émile Littré,Baillière,1840,Greek,93913,data/tlg0627/tlg005,data
tlg0627.tlg002.perseus-eng3.xml,,"On Airs, Waters, and Places",Hippocrates,Francis Adams,William Wood and Company,1886,English,61457,data/tlg0627/tlg002,data
tlg0627.tlg002.perseus-eng4.xml,,Airs Waters Places,Hippocrates,William Henry Samuel Jones,William Heinemann Ltd.,1923,English,59255,data/tlg0627/tlg002,data
tlg0627.tlg002.1st1K-grc1.xml,urn:cts:greekLit:tlg0627.tlg002.1st1K-grc1,"De aere, aquis, locis",Hippocrates,Émile Littré,Baillière,1840,Greek,119899,data/tlg0627/tlg002,data
tlg0627.tlg002.perseus-grc2.xml,urn:cts:greekLit:tlg0627.tlg002.perseus-grc2,"Περὶ ἀέρων, ὑδάτων, τόπων",Hippocrates,William Henry Samuel Jones,William Heinemann Ltd.,1923,Greek,100520,data/tlg0627/tlg002,data
tlg0627.tlg033.1st1K-grc1.xml,urn:cts:greekLit:tlg0627.tlg033.1st1K-grc1,De natura muliebri,Hippocrates,Émile Littré,Baillière,1851,Greek,202666,data/tlg0627/tlg033,data
tlg0627.tlg051.perseus-grc2.xml,urn:cts:greekLit:tlg0627.tlg051.perseus-grc2,Παραγγελίαι,Hippocrates,William Henry Samuel Jones,William Heinemann Ltd.,1923,Greek,24280,data/tlg0627/tlg051,data
tlg0627.tlg051.1st1K-grc1.xml,urn:cts:greekLit:tlg0627.tlg051.1st1K-grc1,Praeceptiones,Hippocrates,Émile Littré,Baillière,1861,Greek,28652,data/tlg0627/tlg051,data
tlg0627.tlg051.perseus-eng2.xml,,Precepts,Hippocrates,William Henry Samuel Jones,William Heinemann Ltd.,1923,English,25026,data/tlg0627/tlg051,data
tlg0627.tlg042.1st1K-grc1.xml,urn:cts:greekLit:tlg0627.tlg042.1st1K-grc1,De glandulis,Hippocrates,Émile Littré,Baillière,1853,Greek,26754,data/tlg0627/tlg042,data
tlg0627.tlg045.1st1K-grc1.xml,urn:cts:greekLit:tlg0627.tlg045.1st1K-grc1,De corde,Hippocrates,Émile Littré,Baillière,1861,Greek,19185,data/tlg0627/tlg045,data
tlg0627.tlg011.perseus-grc2.xml,urn:cts:greekLit:tlg0627.tlg011.perseus-grc2,Μοχλικός,Hippocrates,Émile Littré,Adolf M. Hakkert,1961,Greek,70343,data/tlg0627/tlg011,data
tlg0627.tlg011.1st1K-grc1.xml,urn:cts:greekLit:tlg0627.tlg011.1st1K-grc1,Vectiarius,Hippocrates,Émile Littré,Baillière,1844,Greek,84431,data/tlg0627/tlg011,data
tlg0627.tlg011.perseus-eng2.xml,,Mochlicus,Hippocrates,Francis Adams,William Wood and Company,1886,English,57404,data/tlg0627/tlg011,data
tlg0627.tlg016.1st1K-grc1.xml,urn:cts:greekLit:tlg0627.tlg016.1st1K-grc1,Prorrheticon I,Hippocrates,Émile Littré,Baillière,1846,Greek,197611,data/tlg0627/tlg016,data
tlg0627.tlg029.1st1K-grc1.xml,urn:cts:greekLit:tlg0627.tlg029.1st1K-grc1,De haemorrhoidibus,Hippocrates,Émile Littré,Baillière,1849,Greek,19512,data/tlg0627/tlg029,data
tlg0627.tlg029.perseus-eng2.xml,,On Hemorrhoids,Hippocrates,Francis Adams,William Wood and Company,1886,English,11905,data/tlg0627/tlg029,data
tlg0627.tlg029.perseus-grc2.xml,urn:cts:greekLit:tlg0627.tlg029.perseus-grc2,Περὶ αἱμοῤῥοίδων,Hippocrates,Émile Littré,Adolf M. Hakkert,1961,Greek,16761,data/tlg0627/tlg029,data
tlg0627.tlg020.1st1K-grc1.xml,urn:cts:greekLit:tlg0627.tlg020.1st1K-grc1,De salubri diaeta,Hippocrates,Émile Littré,Baillière,1849,Greek,27946,data/tlg0627/tlg020,data
tlg0627.tlg027.perseus-eng2.xml,,On the Sacred Disease,Hippocrates,Francis Adams,William Wood and Company,1886,English,38534,data/tlg0627/tlg027,data
tlg0627.tlg027.1st1K-grc1.xml,urn:cts:greekLit:tlg0627.tlg027.1st1K-grc1,De morbo sacro,Hippocrates,Émile Littré,Baillière,1849,Greek,76866,data/tlg0627/tlg027,data
tlg0627.tlg027.perseus-grc2.xml,urn:cts:greekLit:tlg0627.tlg027.perseus-grc2,Περὶ ἱερῆς νούσου,Hippocrates,Émile Littré,Adolf M. Hakkert,1961,Greek,62630,data/tlg0627/tlg027,data
tlg0627.tlg018.1st1K-grc1.xml,urn:cts:greekLit:tlg0627.tlg018.1st1K-grc1,De arte,Hippocrates,Émile Littré,Baillière,1849,Greek,38693,data/tlg0627/tlg018,data
tlg0627.tlg043.1st1K-grc1.xml,urn:cts:greekLit:tlg0627.tlg043.1st1K-grc1,De carnibus,Hippocrates,Émile Littré,Baillière,1853,Greek,55178,data/tlg0627/tlg043,data
tlg0627.tlg026.1st1K-grc1.xml,urn:cts:greekLit:tlg0627.tlg026.1st1K-grc1,De locis in homine,Hippocrates,Émile Littré,Baillière,1849,Greek,135205,data/tlg0627/tlg026,data
tlg0627.tlg019.1st1K-grc1.xml,urn:cts:greekLit:tlg0627.tlg019.1st1K-grc1,De natura hominis,Hippocrates,Émile Littré,Baillière,1849,Greek,62848,data/tlg0627/tlg019,data
tlg0627.tlg021.1st1K-grc1.xml,urn:cts:greekLit:tlg0627.tlg021.1st1K-grc1,De flatibus,Hippocrates,Émile Littré,Baillière,1849,Greek,48469,data/tlg0627/tlg021,data
tlg0627.tlg017.1st1K-grc1.xml,urn:cts:greekLit:tlg0627.tlg017.1st1K-grc1,Coa praesagia,Hippocrates,Émile Littré,Baillière,1846,Greek,221655,data/tlg0627/tlg017,data
tlg0627.tlg028.perseus-eng2.xml,,On Ulcers,Hippocrates,Francis Adams,William Wood and Company,1886,English,33597,data/tlg0627/tlg028,data
tlg0627.tlg028.1st1K-grc1.xml,urn:cts:greekLit:tlg0627.tlg028.1st1K-grc1,De ulceribus,Hippocrates,Émile Littré,Baillière,1849,Greek,58263,data/tlg0627/tlg028,data
tlg0627.tlg028.perseus-grc2.xml,urn:cts:greekLit:tlg0627.tlg028.perseus-grc2,Περὶ ἑλκῶν,Hippocrates,Émile Littré,Adolf M. Hakkert,1961,Greek,48399,data/tlg0627/tlg028,data
tlg0627.tlg010.perseus-grc2.xml,urn:cts:greekLit:tlg0627.tlg010.perseus-grc2,Περὶ ἄρθρων,Hippocrates,Émile Littré,Adolf M. Hakkert,1961,Greek,274767,data/tlg0627/tlg010,data
tlg0627.tlg010.1st1K-grc1.xml,urn:cts:greekLit:tlg0627.tlg010.1st1K-grc1,De articulis,Hippocrates,Émile Littré,Baillière,1844,Greek,335056,data/tlg0627/tlg010,data
tlg0627.tlg010.perseus-eng2.xml,,On the Articulations,Hippocrates,Francis Adams,William Wood and Company,1886,English,174975,data/tlg0627/tlg010,data
tlg0627.tlg024b.1st1K-grc1.xml,urn:cts:greekLit:tlg0627.tlg024b.1st1K-grc1,De natura pueri,Hippocrates,Émile Littré,Baillière,1851,Greek,110154,data/tlg0627/tlg024b,data
tlg0071.tlg001.1st1K-grc1.xml,urn:cts:greekLit:tlg0071.tlg001.1st1K-grc1,"Anonymi (Arriani, ut fertur) periplus maris Erythraei",Pseudo-Arrianus,Karl Müller,Ambroise-Firmin Didot,1855,Greek,90453,data/tlg0071/tlg001,data
tlg0618.tlg001.1st1K-grc1.xml,urn:cts:greekLit:tlg0618.tlg001.1st1K-grc1,Epistula,Antigoni Epistula,Rudolf Hercher,A. F. Didot,1873,Greek,7643,data/tlg0618/tlg001,data
tlg0620.tlg002.1st1K-grc1.xml,urn:cts:greekLit:tlg0620.tlg002.1st1K-grc1,Fragmenta,Archytas of Tarentum,Hermann Diels,Weidmann,1922,Greek,22877,data/tlg0620/tlg002,data
tlg0082.tlg001.1st1K-grc1.xml,urn:cts:greekLit:tlg0082.tlg001.1st1K-grc1,Περὶ ἀντωνυμίας,Apollonius Dyscolus,Richard Schneider,Leipzig,1878,Greek,544093,data/tlg0082/tlg001,data
tlg0082.tlg003.1st1K-grc1.xml,urn:cts:greekLit:tlg0082.tlg003.1st1K-grc1,Περὶ συνδέσμων,Apollonius Dyscolus,Richard Schneider,Leipzig,1878,Greek,165775,data/tlg0082/tlg003,data
tlg0082.tlg004.1st1K-grc1.xml,urn:cts:greekLit:tlg0082.tlg004.1st1K-grc1,Περὶ συντάξεως,Apollonius Dyscolus,Gustav Uhlig,Leipzig,1910,Greek,2448738,data/tlg0082/tlg004,data
tlg0082.tlg002.1st1K-grc1.xml,urn:cts:greekLit:tlg0082.tlg002.1st1K-grc1,Περὶ ἐπιρρημάτων,Apollonius Dyscolus,Richard Schneider,Leipzig,1878,Greek,469254,data/tlg0082/tlg002,data
tlg1799.tlg009.1st1K-grc1.xml,urn:cts:greekLit:tlg1799.tlg009.1st1K-grc1,Optica,Euclid,Johan Ludvig Heiberg,Teubner,1895,Greek,199366,data/tlg1799/tlg009,data
tlg1799.tlg007.1st1K-grc1.xml,urn:cts:greekLit:tlg1799.tlg007.1st1K-grc1,Data,Euclid,Johan Ludvig Heiberg,Teubner,1896,Greek,256192,data/tlg1799/tlg007,data
tlg1799.tlg001.perseus-eng2.xml,,The Thirteen Books of Euclid's Elements,Euclid,Thomas Little Heath,Cambridge University Press,1908,English,1847701,data/tlg1799/tlg001,data
tlg1799.tlg001.perseus-grc2.xml,urn:cts:greekLit:tlg1799.tlg001.perseus-grc2,Στοιχεῖα,Euclid,Johan Ludvig Heiberg,Teubner,1883-1888,Greek,1957674,data/tlg1799/tlg001,data
tlg1799.tlg008.1st1K-grc1.xml,urn:cts:greekLit:tlg1799.tlg008.1st1K-grc1,Data (demonstrationes alterae),Euclid,Johan Ludvig Heiberg,Teubner,1896,Greek,56292,data/tlg1799/tlg008,data
tlg1799.tlg015.1st1K-grc2.xml,urn:cts:greekLit:tlg1799.tlg015.1st1K-grc2,Sectio canonis [Sp.],Euclid,Karl von Jan,Teubner,1895,Greek,48760,data/tlg1799/tlg015,data
tlg1799.tlg015.1st1K-grc1.xml,urn:cts:greekLit:tlg1799.tlg015.1st1K-grc1,Sectio canonis [Sp.],Euclid,Heinrich Menge,Leipzig,1916,Greek,48866,data/tlg1799/tlg015,data
tlg1799.tlg012.1st1K-grc1.xml,urn:cts:greekLit:tlg1799.tlg012.1st1K-grc1,Phaenomena,Euclid,Heinrich Menge,Leipzig,1916,Greek,191623,data/tlg1799/tlg012,data
tlg1799.tlg013.1st1K-grc1.xml,urn:cts:greekLit:tlg1799.tlg013.1st1K-grc1,Phaenomena (recensio b),Euclid,Heinrich Menge,Leipzig,1916,Greek,15857,data/tlg1799/tlg013,data
tlg1799.tlg014.1st1K-grc1.xml,urn:cts:greekLit:tlg1799.tlg014.1st1K-grc1,Phaenomena (demonstrationes alterae recensionis b),Euclid,Heinrich Menge,Leipzig,1916,Greek,37723,data/tlg1799/tlg014,data
tlg1799.tlg011.1st1K-grc1.xml,urn:cts:greekLit:tlg1799.tlg011.1st1K-grc1,Catoptrica (recensio Theonis?),Euclid,Johan Ludvig Heiberg,Teubner,1895,Greek,108975,data/tlg1799/tlg011,data
tlg1799.tlg016.1st1K-grc1.xml,urn:cts:greekLit:tlg1799.tlg016.1st1K-grc1,Fragmenta,Euclid,Heinrich Menge,Leipzig,1916,Greek,156509,data/tlg1799/tlg016,data
tlg1799.tlg017.1st1K-grc1.xml,urn:cts:greekLit:tlg1799.tlg017.1st1K-grc1,Epigramma,Euclid,Heinrich Menge,Leipzig,1916,Greek,7007,data/tlg1799/tlg017,data
tlg1799.tlg010.1st1K-grc1.xml,urn:cts:greekLit:tlg1799.tlg010.1st1K-grc1,Opticorum recensio Theonis,Euclid,Johan Ludvig Heiberg,Teubner,1895,Greek,183843,data/tlg1799/tlg010,data
tlg1309.tlg001.1st1K-grc1.xml,urn:cts:greekLit:tlg1309.tlg001.1st1K-grc1,Fragmenta,Dialexeis,Hermann Diels,Weidmann,1922,Greek,76264,data/tlg1309/tlg001,data
tlg0022.tlg001.1st1K-grc1.xml,urn:cts:greekLit:tlg0022.tlg001.1st1K-grc1,Θηριακά,Nicander of Colophon,Otto Schneider,Teubner,1856,Greek,165763,data/tlg0022/tlg001,data
tlg0022.tlg002.1st1K-grc1.xml,urn:cts:greekLit:tlg0022.tlg002.1st1K-grc1,Αλεξιφάρμακα,Nicander of Colophon,Otto Schneider,Teubner,1856,Greek,110776,data/tlg0022/tlg002,data
ggm0001.ggm001.1st1K-grc1.xml,urn:cts:greekLit:ggm0001.ggm001.1st1K-grc1,Anametresis Pontou,Anonymous,Karl Müller,Ambroise-Firmin Didot,1855,Greek,13263,data/ggm0001/ggm001,data
stoa0121.stoa001.opp-grc1.xml,urn:cts:greekLit:stoa0121.stoa001.opp-grc1,Breviarium historiae romanae,Eutropius,Hans Droysen,Weidmann,1879,Greek,365081,data/stoa0121/stoa001,data
tlg4015.tlg009.1st1K-grc1.xml,urn:cts:greekLit:tlg4015.tlg009.1st1K-grc1,In Aristotelis Physicorum Libros Commentaria,John Philoponus,Girolamo Vitelli,Reimer,1887-1888,Greek,4737879,data/tlg4015/tlg009,data
tlg4015.tlg007.1st1K-grc1.xml,urn:cts:greekLit:tlg4015.tlg007.1st1K-grc1,In Libros De Generatione Animalium Commentaria,John Philoponus,Michael Hayduck,Reimer,1903,Greek,1409543,data/tlg4015/tlg007,data
tlg4015.tlg001.1st1K-grc1.xml,urn:cts:greekLit:tlg4015.tlg001.1st1K-grc1,In Aristotelis Categorias Commentarium,John Philoponus,Adolf Busse,Reimer,1898,Greek,1120036,data/tlg4015/tlg001,data
tlg4015.tlg006.1st1K-grc1.xml,urn:cts:greekLit:tlg4015.tlg006.1st1K-grc1,In Aristotelis Libros De Generatione Et Corruptione Commentaria,John Philoponus,Girolamo Vitelli,Reimer,1897,Greek,1648705,data/tlg4015/tlg006,data
tlg4015.tlg008.1st1K-grc1.xml,urn:cts:greekLit:tlg4015.tlg008.1st1K-grc1,in Aristotelis de Anima libros commentaria,John Philoponus,Michael Hayduck,Reimer,1897,Greek,3298471,data/tlg4015/tlg008,data
tlg4015.tlg004.1st1K-grc1.xml,urn:cts:greekLit:tlg4015.tlg004.1st1K-grc1,In Aristotelis Analytica Posteriora Commentaria,John Philoponus,Maximilian Wallies,Reimer,1909,Greek,2243359,data/tlg4015/tlg004,data
tlg4015.tlg005.1st1K-grc1.xml,urn:cts:greekLit:tlg4015.tlg005.1st1K-grc1,in Aristotelis Meteorologicorum librum primum commentarium,John Philoponus,Michael Hayduck,Reimer,1901,Greek,912054,data/tlg4015/tlg005,data
tlg4015.tlg002.1st1K-grc1.xml,urn:cts:greekLit:tlg4015.tlg002.1st1K-grc1,in Aristotelis Analytica Priora commentaria,John Philoponus,Maxmillian Wallies,Reimer,1905,Greek,2496423,data/tlg4015/tlg002,data
tlg1763.tlg001.1st1K-grc1.xml,urn:cts:greekLit:tlg1763.tlg001.1st1K-grc1,Γρηγορίου τοῦ Κορινθίου περὶ τρόπων,Tryphon II Grammaticus,Leonhard von Spengel,Teubner,1856,Greek,42467,data/tlg1763/tlg001,data
tlg1551.tlg001.1st1K-grc1.xml,urn:cts:greekLit:tlg1551.tlg001.1st1K-grc1,Oracula,Oracula Sibyllina,Johannes Geffcken,J. C. Hinrichs'sche Bechhandlung,1902,Greek,934413,data/tlg1551/tlg001,data
tlg1551.tlg002.1st1K-grc1.xml,urn:cts:greekLit:tlg1551.tlg002.1st1K-grc1,Fragmenta,Oracula Sibyllina,Johannes Geffcken,J. C. Hinrichs'sche Buchhandlung,1902,Greek,31115,data/tlg1551/tlg002,data
tlg0013.tlg009.perseus-eng2.xml,,Hymn 9 To Artemis,Anonymous,Hugh G. Evelyn-White,William Heinemann Ltd.,1914,English,4311,data/tlg0013/tlg009,data
tlg0013.tlg009.perseus-grc2.xml,urn:cts:greekLit:tlg0013.tlg009.perseus-grc2,Hymn 9 To Artemis,Anonymous,Hugh G. Evelyn-White,William Heinemann Ltd.,1914,Greek,4493,data/tlg0013/tlg009,data
tlg0013.tlg031.perseus-grc2.xml,urn:cts:greekLit:tlg0013.tlg031.perseus-grc2,Hymn 31 To Helios,Anonymous,Hugh G. Evelyn-White,William Heinemann Ltd.,1914,Greek,5710,data/tlg0013/tlg031,data
tlg0013.tlg031.perseus-eng2.xml,,Hymn 31 To Helios,Anonymous,Hugh G. Evelyn-White,William Heinemann Ltd.,1914,English,5176,data/tlg0013/tlg031,data
tlg0013.tlg007.perseus-eng2.xml,,Hymn 7 Το Dionysus,Anonymous,Hugh G. Evelyn-White,William Heinemann Ltd.,1914,English,9290,data/tlg0013/tlg007,data
tlg0013.tlg007.perseus-grc2.xml,urn:cts:greekLit:tlg0013.tlg007.perseus-grc2,Hymn 7 To Dionysus,Anonymous,Hugh G. Evelyn-White,William Heinemann Ltd.,1914,Greek,10736,data/tlg0013/tlg007,data
tlg0013.tlg001.perseus-grc2.xml,urn:cts:greekLit:tlg0013.tlg001.perseus-grc2,Hymn 1 To Dionysus,Anonymous,Hugh G. Evelyn-White,William Heinemann Ltd.,1914,Greek,6259,data/tlg0013/tlg001,data
tlg0013.tlg001.perseus-eng2.xml,,Hymn 1 To Dionysus,Anonymous,Hugh G. Evelyn-White,William Heinemann Ltd.,1914,English,5726,data/tlg0013/tlg001,data
tlg0013.tlg006.perseus-eng2.xml,,Hymn 6 To Aphrodite,Anonymous,Hugh G. Evelyn-White,William Heinemann Ltd.,1914,English,5278,data/tlg0013/tlg006,data
tlg0013.tlg006.perseus-grc2.xml,urn:cts:greekLit:tlg0013.tlg006.perseus-grc2,Hymn 6 To Aphrodite,,Hugh G. Evelyn-White,William Heinemann Ltd.,1914,Greek,6048,data/tlg0013/tlg006,data
tlg0013.tlg030.perseus-grc2.xml,urn:cts:greekLit:tlg0013.tlg030.perseus-grc2,Hymn 30 To Earth,Anonymous,Hugh G. Evelyn-White,William Heinemann Ltd.,1914,Greek,5661,data/tlg0013/tlg030,data
tlg0013.tlg030.perseus-eng2.xml,,Hymn 30 To Earth,Anonymous,Hugh G. Evelyn-White,William Heinemann Ltd.,1914,English,4904,data/tlg0013/tlg030,data
tlg0013.tlg008.perseus-eng2.xml,,Hymn 8 To Ares,Anonymous,Hugh G. Evelyn-White,William Heinemann Ltd.,1914,English,4807,data/tlg0013/tlg008,data
tlg0013.tlg008.perseus-grc2.xml,urn:cts:greekLit:tlg0013.tlg008.perseus-grc2,Hymn 8 To Ares,Anonymous,Hugh G. Evelyn-White,William Heinemann Ltd.,1914,Greek,5322,data/tlg0013/tlg008,data
tlg0013.tlg015.perseus-grc2.xml,urn:cts:greekLit:tlg0013.tlg015.perseus-grc2,Hymn 15 To Heracles the Lion-Hearted,Anonymous,Hugh G. Evelyn-White,William Heinemann Ltd.,1914,Greek,4574,data/tlg0013/tlg015,data
tlg0013.tlg015.perseus-eng2.xml,,Hymn 15 To Heracles the Lion-Hearted,Anonymous,Hugh G. Evelyn-White,William Heinemann Ltd.,1914,English,4348,data/tlg0013/tlg015,data
tlg0013.tlg012.perseus-eng2.xml,,Hymn 12 To Hera,Anonymous,Hugh G. Evelyn-White,William Heinemann Ltd.,1914,English,4017,data/tlg0013/tlg012,data
tlg0013.tlg012.perseus-grc2.xml,urn:cts:greekLit:tlg0013.tlg012.perseus-grc2,Hymn 12 To Hera,Anonymous,Hugh G. Evelyn-White,William Heinemann Ltd.,1914,Greek,4011,data/tlg0013/tlg012,data
tlg0013.tlg024.perseus-grc2.xml,urn:cts:greekLit:tlg0013.tlg024.perseus-grc2,Hymn 24 To Hestia,Anonymous,Hugh G. Evelyn-White,William Heinemann Ltd.,1914,Greek,4046,data/tlg0013/tlg024,data
tlg0013.tlg024.perseus-eng2.xml,,Hymn 24 To Hestia,Anonymous,Hugh G. Evelyn-White,William Heinemann Ltd.,1914,English,3984,data/tlg0013/tlg024,data
tlg0013.tlg023.perseus-eng2.xml,,Hymn 23 to Zeus,Anonymous,Hugh G. Evelyn-White,William Heinemann Ltd.,1914,English,3954,data/tlg0013/tlg023,data
tlg0013.tlg023.perseus-grc2.xml,urn:cts:greekLit:tlg0013.tlg023.perseus-grc2,Hymn 23 to Zeus,Anonymous,Hugh G. Evelyn-White,William Heinemann Ltd.,1914,Greek,3978,data/tlg0013/tlg023,data
tlg0013.tlg022.perseus-eng2.xml,,Hymn 22 To Poseidon,Anonymous,Hugh G. Evelyn-White,William Heinemann Ltd.,1914,English,4167,data/tlg0013/tlg022,data
tlg0013.tlg022.perseus-grc2.xml,urn:cts:greekLit:tlg0013.tlg022.perseus-grc2,Hymn 22 To Poseidon,Anonymous,Hugh G. Evelyn-White,William Heinemann Ltd.,1914,Greek,4315,data/tlg0013/tlg022,data
tlg0013.tlg025.perseus-grc2.xml,urn:cts:greekLit:tlg0013.tlg025.perseus-grc2,Hymn 25 To the Muses and Apollo,Anonymous,Hugh G. Evelyn-White,William Heinemann Ltd.,1914,Greek,4322,data/tlg0013/tlg025,data
tlg0013.tlg025.perseus-eng2.xml,,Hymn 25 To the Muses and Apollo,Anonymous,Hugh G. Evelyn-White,William Heinemann Ltd.,1914,English,4093,data/tlg0013/tlg025,data
tlg0013.tlg013.perseus-eng2.xml,,Hymn 13 To Demeter,Anonymous,Hugh G. Evelyn-White,William Heinemann Ltd.,1914,English,3937,data/tlg0013/tlg013,data
tlg0013.tlg013.perseus-grc2.xml,urn:cts:greekLit:tlg0013.tlg013.perseus-grc2,Hymn 13 To Demeter,Anonymous,Hugh G. Evelyn-White,William Heinemann Ltd.,1914,Greek,3827,data/tlg0013/tlg013,data
tlg0013.tlg014.perseus-grc2.xml,urn:cts:greekLit:tlg0013.tlg014.perseus-grc2,Hymn 14 to the Mother of the Gods,Anonymous,Hugh G. Evelyn-White,William Heinemann Ltd.,1914,Greek,4205,data/tlg0013/tlg014,data
tlg0013.tlg014.perseus-eng2.xml,,Hymn 14 to the Mother of the Gods,Anonymous,Hugh G. Evelyn-White,William Heinemann Ltd.,1914,English,4061,data/tlg0013/tlg014,data
tlg0013.tlg032.perseus-eng2.xml,,Hymn 32 To Selene,Anonymous,Hugh G. Evelyn-White,William Heinemann Ltd.,1914,English,5195,data/tlg0013/tlg032,data
tlg0013.tlg032.perseus-grc2.xml,urn:cts:greekLit:tlg0013.tlg032.perseus-grc2,Hymn 32 To Selene,Anonymous,Hugh G. Evelyn-White,William Heinemann Ltd.,1914,Greek,5724,data/tlg0013/tlg032,data
tlg0013.tlg003.perseus-eng2.xml,,Hymn 3 To Delian Apollo,Anonymous,Hugh G. Evelyn-White,William Heinemann Ltd.,1914,English,46464,data/tlg0013/tlg003,data
tlg0013.tlg003.perseus-grc2.xml,urn:cts:greekLit:tlg0013.tlg003.perseus-grc2,Hymn 3 To Apollo,Anonymous,Hugh G. Evelyn-White,William Heinemann Ltd.,1914,Greek,69072,data/tlg0013/tlg003,data
tlg0013.tlg004.perseus-grc2.xml,urn:cts:greekLit:tlg0013.tlg004.perseus-grc2,Hymn 4 To Hermes,Anonymous,Hugh G. Evelyn-White,William Heinemann Ltd.,1914,Greek,71437,data/tlg0013/tlg004,data
tlg0013.tlg004.perseus-eng2.xml,,Hymn 4 To Hermes,Anonymous,Hugh G. Evelyn-White,William Heinemann Ltd.,1914,English,48684,data/tlg0013/tlg004,data
tlg0013.tlg005.perseus-grc2.xml,urn:cts:greekLit:tlg0013.tlg005.perseus-grc2,Hymn 5 To Aphrodite,Anonymous,Hugh G. Evelyn-White,William Heinemann Ltd.,1914,Greek,36531,data/tlg0013/tlg005,data
tlg0013.tlg005.perseus-eng2.xml,,Hymn 5 To Aphrodite,Anonymous,Hugh G. Evelyn-White,William Heinemann Ltd.,1914,English,25200,data/tlg0013/tlg005,data
tlg0013.tlg002.perseus-eng2.xml,,Hymn 2 To Demeter,Anonymous,Hugh G. Evelyn-White,William Heinemann Ltd.,1914,English,41206,data/tlg0013/tlg002,data
tlg0013.tlg002.perseus-grc2.xml,urn:cts:greekLit:tlg0013.tlg002.perseus-grc2,Hymn 2 To Demeter,Anonymous,Hugh G. Evelyn-White,William Heinemann Ltd.,1914,Greek,64966,data/tlg0013/tlg002,data
tlg0013.tlg033.perseus-eng2.xml,,Hymn 32 To the Dioscuri,Anonymous,Hugh G. Evelyn-White,William Heinemann Ltd.,1914,English,4556,data/tlg0013/tlg033,data
tlg0013.tlg033.perseus-grc2.xml,urn:cts:greekLit:tlg0013.tlg033.perseus-grc2,Hymn 33 To the Dioscuri,Anonymous,Hugh G. Evelyn-White,William Heinemann Ltd.,1914,Greek,5682,data/tlg0013/tlg033,data
tlg0013.tlg011.perseus-grc2.xml,urn:cts:greekLit:tlg0013.tlg011.perseus-grc2,Hymn 11 To Athena,Anonymous,Hugh G. Evelyn-White,William Heinemann Ltd.,1914,Greek,4062,data/tlg0013/tlg011,data
tlg0013.tlg011.perseus-eng2.xml,,Hymn 11 To Athena,Anonymous,Hugh G. Evelyn-White,William Heinemann Ltd.,1914,English,3966,data/tlg0013/tlg011,data
tlg0013.tlg016.perseus-eng2.xml,,Hymn 16 To Asclepius,Anonymous,Hugh G. Evelyn-White,William Heinemann Ltd.,1914,English,3951,data/tlg0013/tlg016,data
tlg0013.tlg016.perseus-grc2.xml,urn:cts:greekLit:tlg0013.tlg016.perseus-grc2,Hymn 16 To Asclepius,Anonymous,Hugh G. Evelyn-White,William Heinemann Ltd.,1914,Greek,4091,data/tlg0013/tlg016,data
tlg0013.tlg029.perseus-eng2.xml,,Hymn 29 To Hestia,Anonymous,Hugh G. Evelyn-White,William Heinemann Ltd.,1914,English,4652,data/tlg0013/tlg029,data
tlg0013.tlg029.perseus-grc2.xml,urn:cts:greekLit:tlg0013.tlg029.perseus-grc2,Hymn 29 To Hestia,Anonymous,Hugh G. Evelyn-White,William Heinemann Ltd.,1914,Greek,5125,data/tlg0013/tlg029,data
tlg0013.tlg020.perseus-grc2.xml,urn:cts:greekLit:tlg0013.tlg020.perseus-grc2,Hymn 20 To Hephaestus,Anonymous,Hugh G. Evelyn-White,William Heinemann Ltd.,1914,Greek,4411,data/tlg0013/tlg020,data
tlg0013.tlg020.perseus-eng2.xml,,Hymn 20 To Hephaestus,Anonymous,Hugh G. Evelyn-White,William Heinemann Ltd.,1914,English,4164,data/tlg0013/tlg020,data
tlg0013.tlg027.perseus-eng2.xml,,Hymn 27 To Artemis,Anonymous,Hugh G. Evelyn-White,William Heinemann Ltd.,1914,English,4958,data/tlg0013/tlg027,data
tlg0013.tlg027.perseus-grc2.xml,urn:cts:greekLit:tlg0013.tlg027.perseus-grc2,Hymn 27 To Artemis,Anonymous,Hugh G. Evelyn-White,William Heinemann Ltd.,1914,Greek,5885,data/tlg0013/tlg027,data
tlg0013.tlg018.perseus-eng2.xml,,Hymn 18 To Hermes,Anonymous,Hugh G. Evelyn-White,William Heinemann Ltd.,1914,English,4538,data/tlg0013/tlg018,data
tlg0013.tlg018.perseus-grc2.xml,urn:cts:greekLit:tlg0013.tlg018.perseus-grc2,Hymn 18 To Hermes,Anonymous,Hugh G. Evelyn-White,William Heinemann Ltd.,1914,Greek,5035,data/tlg0013/tlg018,data
tlg0013.tlg026.perseus-eng2.xml,,Hymn 26 To Dionysus,Anonymous,Hugh G. Evelyn-White,William Heinemann Ltd.,1914,English,4639,data/tlg0013/tlg026,data
tlg0013.tlg026.perseus-grc2.xml,urn:cts:greekLit:tlg0013.tlg026.perseus-grc2,Hymn 26 To Dionysus,Anonymous,Hugh G. Evelyn-White,William Heinemann Ltd.,1914,greek,4983,data/tlg0013/tlg026,data
tlg0013.tlg019.perseus-eng2.xml,,Hymn 19 To Pan,Anonymous,Hugh G. Evelyn-White,William Heinemann Ltd.,1914,English,7352,data/tlg0013/tlg019,data
tlg0013.tlg019.perseus-grc2.xml,urn:cts:greekLit:tlg0013.tlg019.perseus-grc2,Hymn 19 to Pan,Anonymous,Hugh G. Evelyn-White,William Heinemann Ltd.,1914,Greek,8855,data/tlg0013/tlg019,data
tlg0013.tlg021.perseus-grc2.xml,urn:cts:greekLit:tlg0013.tlg021.perseus-grc2,Hymn 21 To Apollo,Anonymous,Hugh G. Evelyn-White,William Heinemann Ltd.,1914,Greek,4085,data/tlg0013/tlg021,data
tlg0013.tlg021.perseus-eng2.xml,,Hymn 21 To Apollo,Anonymous,Hugh G. Evelyn-White,William Heinemann Ltd.,1914,English,4017,data/tlg0013/tlg021,data
tlg0013.tlg017.perseus-eng2.xml,,Hymn 17 To the Dioscuri,Anonymous,Hugh G. Evelyn-White,William Heinemann Ltd.,1914,English,3974,data/tlg0013/tlg017,data
tlg0013.tlg017.perseus-grc2.xml,urn:cts:greekLit:tlg0013.tlg017.perseus-grc2,Hymn 17 To the Dioscuri,Anonymous,Hugh G. Evelyn-White,William Heinemann Ltd.,1914,Greek,4077,data/tlg0013/tlg017,data
tlg0013.tlg028.perseus-eng2.xml,,Hymn 28 To Athena,Anonymous,Hugh G. Evelyn-White,William Heinemann Ltd.,1914,English,4835,data/tlg0013/tlg028,data
tlg0013.tlg028.perseus-grc2.xml,urn:cts:greekLit:tlg0013.tlg028.perseus-grc2,Hymn 28 To Athena ,Anonymous,Hugh G. Evelyn-White,William Heinemann Ltd.,1914,greek,5575,data/tlg0013/tlg028,data
tlg0013.tlg010.perseus-grc2.xml,urn:cts:greekLit:tlg0013.tlg010.perseus-grc2,Hymn 10 To Aphrodite,Anonymous,Hugh G. Evelyn-White,William Heinemann Ltd.,1914,Greek,4210,data/tlg0013/tlg010,data
tlg0013.tlg010.perseus-eng2.xml,,Hymn 10 To Aphrodite,Anonymous,Hugh G. Evelyn-White,William Heinemann Ltd.,1914,English,4356,data/tlg0013/tlg010,data
tlg0645.tlg001.1st1K-grc1.xml,urn:cts:greekLit:tlg0645.tlg001.1st1K-grc1,Apologia,Justin Martyr,Gerhard Rauschen,Petri Hanstein,1911,Greek,195802,data/tlg0645/tlg001,data
tlg0645.tlg003.perseus-grc2.xml,urn:cts:greekLit:tlg0645.tlg003.perseus-grc2,Dialogus cum Tryphone,Justin Martyr,Georges Archambault,A. Picard,1909,Greek,769085,data/tlg0645/tlg003,data
tlg0645.tlg002.perseus-grc2.xml,urn:cts:greekLit:tlg0645.tlg002.perseus-grc2,Apologia Secunda,Justin Martyr,Gerhard Rauschen,P. Hanstein,1911,Greek,55596,data/tlg0645/tlg002,data
tlg2115.tlg060.opp-grc1.xml,urn:cts:greekLit:tlg2115.tlg060.opp-grc1,Refutatio Omnium Haeresium,Hippolytus,Paul Wendland,J. C. Hinrichs'sche Buchhandlung,1916,Greek,1435357,data/tlg2115/tlg060,data
tlg2115.tlg060.perseus-grc1.xml,urn:cts:greekLit:tlg2115.tlg060.perseus-grc1,Refutatio Omnium Haeresium,Hippolytus,Ludwig Duncker,Dieterich,1859,Greek,954062,data/tlg2115/tlg060,data
tlg0014.tlg054.perseus-grc2.xml,urn:cts:greekLit:tlg0014.tlg054.perseus-grc2,κατὰ Κόνωνος αἰκείας,Demosthenes,William Rennie,Clarendon Press,1931,Greek,45718,data/tlg0014/tlg054,data
tlg0014.tlg054.perseus-eng2.xml,,Against Conon,Demosthenes,Augustus Taber Murray,William Heinemann Ltd.,1939,English,41590,data/tlg0014/tlg054,data
tlg0014.tlg053.perseus-eng2.xml,,Apollodorus Against Nicostratus,Demosthenes,Augustus Taber Murray,William Heinemann Ltd.,1939,English,23861,data/tlg0014/tlg053,data
tlg0014.tlg053.perseus-grc2.xml,urn:cts:greekLit:tlg0014.tlg053.perseus-grc2,πρὸς Νικόστρατον περὶ ἀνδραπόδων ἀπογραφῆς Ἀρεθουσίου,Demosthenes,William Rennie,Clarendon Press,1931,Greek,29901,data/tlg0014/tlg053,data
tlg0014.tlg062.perseus-eng2.xml,,Exordia,Demosthenes,Norman W. DeWitt,William Heinemann Ltd.,1949,English,114639,data/tlg0014/tlg062,data
tlg0014.tlg062.perseus-grc2.xml,urn:cts:greekLit:tlg0014.tlg062.perseus-grc2,προοίμια δημηγορικά,Demosthenes,William Rennie,Clarendon Press,1931,Greek,136300,data/tlg0014/tlg062,data
tlg0014.tlg009.perseus-eng2.xml,,Third Philippic,Demosthenes,James Herbert Vince,William Heinemann Ltd.,1930,English,49088,data/tlg0014/tlg009,data
tlg0014.tlg009.perseus-grc2.xml,urn:cts:greekLit:tlg0014.tlg009.perseus-grc2,κατὰ Φιλίππου γ΄,Demosthenes,Samuel Henry Butcher,Clarendon Press,1903,Greek,61254,data/tlg0014/tlg009,data
tlg0014.tlg036.perseus-eng2.xml,,For Phormio,Demosthenes,Augustus Taber Murray,William Heinemann Ltd.,1936,English,49634,data/tlg0014/tlg036,data
tlg0014.tlg036.perseus-grc2.xml,urn:cts:greekLit:tlg0014.tlg036.perseus-grc2,παραγραφὴ ὑπὲρ Φορμίωνος,Demosthenes,William Rennie,Clarendon Press,1921,Greek,56103,data/tlg0014/tlg036,data
tlg0014.tlg031.perseus-grc2.xml,urn:cts:greekLit:tlg0014.tlg031.perseus-grc2,πρὸς Ὀνήτορα ἐξούλης β΄,Demosthenes,William Rennie,Clarendon Press,1921,Greek,15196,data/tlg0014/tlg031,data
tlg0014.tlg031.perseus-eng2.xml,,Against Onetor II,Demosthenes,Augustus Taber Murray,William Heinemann Ltd.,1936,English,13124,data/tlg0014/tlg031,data
tlg0014.tlg038.perseus-eng2.xml,,Against Nausimachus and Xenopeithes,Demosthenes,Augustus Taber Murray,William Heinemann Ltd.,1936,English,23363,data/tlg0014/tlg038,data
tlg0014.tlg038.perseus-grc2.xml,urn:cts:greekLit:tlg0014.tlg038.perseus-grc2,παραγραφὴ πρὸς Ναυσίμακον καὶ Ξενοπείθην,Demosthenes,William Rennie,Clarendon Press,1921,Greek,27577,data/tlg0014/tlg038,data
tlg0014.tlg007.perseus-eng2.xml,,On Halonnesus,Demosthenes,James Herbert Vince,William Heinemann Ltd.,1930,English,30050,data/tlg0014/tlg007,data
tlg0014.tlg007.perseus-grc2.xml,urn:cts:greekLit:tlg0014.tlg007.perseus-grc2,περὶ Ἀλοννήσου,Demosthenes,Samuel Henry Butcher,Clarendon Press,1903,Greek,36926,data/tlg0014/tlg007,data
tlg0014.tlg063.perseus-eng2.xml,,Letters,Demosthenes,Norman W. DeWitt,William Heinemann Ltd.,1949,English,88101,data/tlg0014/tlg063,data
tlg0014.tlg063.perseus-grc2.xml,urn:cts:greekLit:tlg0014.tlg063.perseus-grc2,Δημοσθένους ἐπιστολαὶ,Demosthenes,William Rennie,Clarendon Press,1931,Greek,87996,data/tlg0014/tlg063,data
tlg0014.tlg052.perseus-eng2.xml,,Apollodorus Against Callipus,Demosthenes,Augustus Taber Murray,William Heinemann Ltd.,1939,English,24870,data/tlg0014/tlg052,data
tlg0014.tlg052.perseus-grc2.xml,urn:cts:greekLit:tlg0014.tlg052.perseus-grc2,πρὸς Κάλλιππον,Demosthenes,William Rennie,Clarendon Press,1931,Greek,31300,data/tlg0014/tlg052,data
tlg0014.tlg055.perseus-grc2.xml,urn:cts:greekLit:tlg0014.tlg055.perseus-grc2,πρὸς Καλλικλέα περὶ χωρίου βλάβης,Demosthenes,William Rennie,Clarendon Press,1931,Greek,31655,data/tlg0014/tlg055,data
tlg0014.tlg055.perseus-eng2.xml,,Against Callicles,Demosthenes,Augustus Taber Murray,William Heinemann Ltd.,1939,English,24420,data/tlg0014/tlg055,data
tlg0014.tlg001.perseus-grc2.xml,urn:cts:greekLit:tlg0014.tlg001.perseus-grc2,Ὀλυνθιακὸς α΄,Demosthenes,Samuel Henry Butcher,Clarendon Press,1903,Greek,27500,data/tlg0014/tlg001,data
tlg0014.tlg001.perseus-eng2.xml,,First Olynthiac,Demosthenes,James Herbert Vince,William Heinemann Ltd.,1930,English,22985,data/tlg0014/tlg001,data
tlg0014.tlg039.perseus-eng2.xml,,Against Boeotus I,Demosthenes,Augustus Taber Murray,William Heinemann Ltd.,1936,English,35544,data/tlg0014/tlg039,data
tlg0014.tlg039.perseus-grc2.xml,urn:cts:greekLit:tlg0014.tlg039.perseus-grc2,πρὸς Βοιωτὸν περὶ τοῦ Ὀνόματος,Demosthenes,William Rennie,Clarendon Press,1921,Greek,38178,data/tlg0014/tlg039,data
tlg0014.tlg006.perseus-eng2.xml,,Second Philippic,Demosthenes,James Herbert Vince,William Heinemann Ltd.,1930,English,27294,data/tlg0014/tlg006,data
tlg0014.tlg006.perseus-grc2.xml,urn:cts:greekLit:tlg0014.tlg006.perseus-grc2,κατὰ Φιλίππου β΄,Demosthenes,Samuel Henry Butcher,Clarendon Press,1903,Greek,30390,data/tlg0014/tlg006,data
tlg0014.tlg030.perseus-grc2.xml,urn:cts:greekLit:tlg0014.tlg030.perseus-grc2,πρὸς Ὀνήτορα ἐξούλης α΄,Demosthenes,William Rennie,Clarendon Press,1921,Greek,35545,data/tlg0014/tlg030,data
tlg0014.tlg030.perseus-eng2.xml,,Against Onetor I,Demosthenes,Augustus Taber Murray,William Heinemann Ltd.,1936,English,30034,data/tlg0014/tlg030,data
tlg0014.tlg008.perseus-eng2.xml,,On the Chersonese,Demosthenes,James Herbert Vince,William Heinemann Ltd.,1930,English,46340,data/tlg0014/tlg008,data
tlg0014.tlg008.perseus-grc2.xml,urn:cts:greekLit:tlg0014.tlg008.perseus-grc2,περὶ τῶν ἐν Χερρονήσῳ,Demosthenes,Samuel Henry Butcher,Clarendon Press,1903,Greek,60357,data/tlg0014/tlg008,data
tlg0014.tlg037.perseus-eng2.xml,,Against Pantaenetus,Demosthenes,Augustus Taber Murray,William Heinemann Ltd.,1936,English,46308,data/tlg0014/tlg037,data
tlg0014.tlg037.perseus-grc2.xml,urn:cts:greekLit:tlg0014.tlg037.perseus-grc2,παραγραφὴ πρὸς Πανταίνετον,Demosthenes,William Rennie,Clarendon Press,1921,Greek,54156,data/tlg0014/tlg037,data
tlg0014.tlg015.perseus-grc2.xml,urn:cts:greekLit:tlg0014.tlg015.perseus-grc2,ὑπὲρ τῆς Ῥοδίων ἐλευθερίας,Demosthenes,Samuel Henry Butcher,Clarendon Press,1903,Greek,33880,data/tlg0014/tlg015,data
tlg0014.tlg015.perseus-eng2.xml,,For the Liberty of the Rhodians,Demosthenes,James Herbert Vince,William Heinemann Ltd.,1930,English,25163,data/tlg0014/tlg015,data
tlg0014.tlg012.perseus-eng2.xml,,Philip’s Letter,Demosthenes,James Herbert Vince,William Heinemann Ltd.,1930,English,21635,data/tlg0014/tlg012,data
tlg0014.tlg012.perseus-grc2.xml,urn:cts:greekLit:tlg0014.tlg012.perseus-grc2,ἐπιστολή [Φιλίππου],Demosthenes,Samuel Henry Butcher,Clarendon Press,1903,Greek,23455,data/tlg0014/tlg012,data
tlg0014.tlg024.perseus-grc2.xml,urn:cts:greekLit:tlg0014.tlg024.perseus-grc2,κατὰ Τιμοκράτους,Demosthenes,Samuel Henry Butcher,Clarendon Press,1907,Greek,199489,data/tlg0014/tlg024,data
tlg0014.tlg024.perseus-eng2.xml,,Against Timocrates,Demosthenes,James Herbert Vince,William Heinemann Ltd.,1935,English,144586,data/tlg0014/tlg024,data
tlg0014.tlg023.perseus-eng2.xml,,Against Aristocrates,Demosthenes,James Herbert Vince,William Heinemann Ltd.,1935,English,158760,data/tlg0014/tlg023,data
tlg0014.tlg023.perseus-grc2.xml,urn:cts:greekLit:tlg0014.tlg023.perseus-grc2,κατὰ Ἀριστοκράτους,Demosthenes,Samuel Henry Butcher,Clarendon Press,1907,Greek,209651,data/tlg0014/tlg023,data
tlg0014.tlg048.perseus-eng2.xml,,Against Olympiodorus,Demosthenes,Augustus Taber Murray,William Heinemann Ltd.,1939,English,36009,data/tlg0014/tlg048,data
tlg0014.tlg048.perseus-grc2.xml,urn:cts:greekLit:tlg0014.tlg048.perseus-grc2,κατὰ Ὀλυμπιοδώρου βλάβης,Demosthenes,William Rennie,Clarendon Press,1931,Greek,51342,data/tlg0014/tlg048,data
tlg0014.tlg046.perseus-eng2.xml,,Apollodorus Against Stephanus II,Demosthenes,Augustus Taber Murray,William Heinemann Ltd.,1939,English,24142,data/tlg0014/tlg046,data
tlg0014.tlg046.perseus-grc2.xml,urn:cts:greekLit:tlg0014.tlg046.perseus-grc2,κατὰ Στεφάνου ψευδομαρτυριῶν β΄,Demosthenes,William Rennie,Clarendon Press,1931,Greek,28577,data/tlg0014/tlg046,data
tlg0014.tlg041.perseus-grc2.xml,urn:cts:greekLit:tlg0014.tlg041.perseus-grc2,πρὸς Σπουδίαν ὑπὲρ προικός,Demosthenes,William Rennie,Clarendon Press,1931,Greek,29674,data/tlg0014/tlg041,data
tlg0014.tlg041.perseus-eng2.xml,,Against Spudias,Demosthenes,Augustus Taber Murray,William Heinemann Ltd.,1939,English,23882,data/tlg0014/tlg041,data
tlg0014.tlg022.perseus-eng2.xml,,Against Androtion,Demosthenes,James Herbert Vince,William Heinemann Ltd.,1935,English,56485,data/tlg0014/tlg022,data
tlg0014.tlg022.perseus-grc2.xml,urn:cts:greekLit:tlg0014.tlg022.perseus-grc2,κατὰ Ἀνδροτίωνος παρανόμων,Demosthenes,Samuel Henry Butcher,Clarendon Press,1907,Greek,76592,data/tlg0014/tlg022,data
tlg0014.tlg025.perseus-grc2.xml,urn:cts:greekLit:tlg0014.tlg025.perseus-grc2,κατὰ Ἀριστογείτονος α΄,Demosthenes,Samuel Henry Butcher,Clarendon Press,1907,Greek,91341,data/tlg0014/tlg025,data
tlg0014.tlg025.perseus-eng2.xml,,Against Aristogeiton I,Demosthenes,James Herbert Vince,William Heinemann Ltd.,1935,English,65698,data/tlg0014/tlg025,data
tlg0014.tlg013.perseus-eng2.xml,,On Organization,Demosthenes,James Herbert Vince,William Heinemann Ltd.,1930,English,26483,data/tlg0014/tlg013,data
tlg0014.tlg013.perseus-grc2.xml,urn:cts:greekLit:tlg0014.tlg013.perseus-grc2,περὶ συντάξεως,Demosthenes,Samuel Henry Butcher,Clarendon Press,1903,Greek,34628,data/tlg0014/tlg013,data
tlg0014.tlg014.perseus-grc2.xml,urn:cts:greekLit:tlg0014.tlg014.perseus-grc2,περὶ τῶν συμμοριῶν,Demosthenes,Samuel Henry Butcher,Clarendon Press,1903,Greek,38439,data/tlg0014/tlg014,data
tlg0014.tlg014.perseus-eng2.xml,,On the Navy-Boards,Demosthenes,James Herbert Vince,William Heinemann Ltd.,1930,English,30299,data/tlg0014/tlg014,data
tlg0014.tlg040.perseus-grc2.xml,urn:cts:greekLit:tlg0014.tlg040.perseus-grc2,πρὸς Βοιωτὸν περὶ προικὸς μητρῴας,Demosthenes,William Rennie,Clarendon Press,1921,Greek,55474,data/tlg0014/tlg040,data
tlg0014.tlg040.perseus-eng2.xml,,Against Boeotus II,Demosthenes,Augustus Taber Murray,William Heinemann Ltd.,1936,English,44775,data/tlg0014/tlg040,data
tlg0014.tlg047.perseus-eng2.xml,,Against Evergus And Mnesibulus,Demosthenes,Augustus Taber Murray,William Heinemann Ltd.,1939,English,59200,data/tlg0014/tlg047,data
tlg0014.tlg047.perseus-grc2.xml,urn:cts:greekLit:tlg0014.tlg047.perseus-grc2,κατὰ Εὐέργου καὶ Μνησιβούλου ψευδομαρτυριῶν,Demosthenes,William Rennie,Clarendon Press,1931,Greek,75935,data/tlg0014/tlg047,data
tlg0014.tlg049.perseus-eng2.xml,,Apollodorus Against Timotheus,Demosthenes,Augustus Taber Murray,William Heinemann Ltd.,1939,English,45560,data/tlg0014/tlg049,data
tlg0014.tlg049.perseus-grc2.xml,urn:cts:greekLit:tlg0014.tlg049.perseus-grc2,πρὸς Τιμόθεον ὑπὲρ χρέως,Demosthenes,William Rennie,Clarendon Press,1931,Greek,60952,data/tlg0014/tlg049,data
tlg0014.tlg032.perseus-eng2.xml,,Against Zenothemis,Demosthenes,Augustus Taber Murray,William Heinemann Ltd.,1936,English,23379,data/tlg0014/tlg032,data
tlg0014.tlg032.perseus-grc2.xml,urn:cts:greekLit:tlg0014.tlg032.perseus-grc2,πρὸς Ζηνόθεμιν παραγραφή,Demosthenes,William Rennie,Clarendon Press,1921,Greek,28275,data/tlg0014/tlg032,data
tlg0014.tlg035.perseus-grc2.xml,urn:cts:greekLit:tlg0014.tlg035.perseus-grc2,πρὸς τὴν Λάκριτον παραγραφὴν,Demosthenes,William Rennie,Clarendon Press,1921,Greek,54131,data/tlg0014/tlg035,data
tlg0014.tlg035.perseus-eng2.xml,,Against Lacritus,Demosthenes,Augustus Taber Murray,William Heinemann Ltd.,1936,English,44469,data/tlg0014/tlg035,data
tlg0014.tlg003.perseus-eng2.xml,,Third Olynthiac,Demosthenes,James Herbert Vince,William Heinemann Ltd.,1930,English,25749,data/tlg0014/tlg003,data
tlg0014.tlg003.perseus-grc2.xml,urn:cts:greekLit:tlg0014.tlg003.perseus-grc2,Ὀλυνθιακὸς γ΄,Demosthenes,Samuel Henry Butcher,Clarendon Press,1903,Greek,34661,data/tlg0014/tlg003,data
tlg0014.tlg004.perseus-grc2.xml,urn:cts:greekLit:tlg0014.tlg004.perseus-grc2,κατὰ Φιλίππου α΄,Demosthenes,Samuel Henry Butcher,Clarendon Press,1903,Greek,47559,data/tlg0014/tlg004,data
tlg0014.tlg004.perseus-eng2.xml,,First Philippic,Demosthenes,James Herbert Vince,William Heinemann Ltd.,1930,English,37402,data/tlg0014/tlg004,data
tlg0014.tlg050.perseus-grc2.xml,urn:cts:greekLit:tlg0014.tlg050.perseus-grc2,πρὸς Πολυκλέα περὶ τοῦ ἐπιτριηραρχήματος,Demosthenes,William Rennie,Clarendon Press,1931,Greek,64948,data/tlg0014/tlg050,data
tlg0014.tlg050.perseus-eng2.xml,,Apollodorus Against Polycles,Demosthenes,Augustus Taber Murray,William Heinemann Ltd.,1939,English,48539,data/tlg0014/tlg050,data
tlg0014.tlg057.perseus-eng2.xml,,Against Eubulides,Demosthenes,Augustus Taber Murray,William Heinemann Ltd.,1939,English,54930,data/tlg0014/tlg057,data
tlg0014.tlg057.perseus-grc2.xml,urn:cts:greekLit:tlg0014.tlg057.perseus-grc2,ἔφεσις πρὸς Εὐβουλίδην,Demosthenes,William Rennie,Clarendon Press,1931,Greek,65469,data/tlg0014/tlg057,data
tlg0014.tlg061.perseus-grc2.xml,urn:cts:greekLit:tlg0014.tlg061.perseus-grc2,ἐρωτικὸς,Demosthenes,William Rennie,Clarendon Press,1931,Greek,52587,data/tlg0014/tlg061,data
tlg0014.tlg061.perseus-eng2.xml,,The Erotic Essay,Demosthenes,Norman W. DeWitt,William Heinemann Ltd.,1949,English,46008,data/tlg0014/tlg061,data
tlg0014.tlg059.perseus-eng2.xml,,Apollodorus Against Neaera,Demosthenes,Augustus Taber Murray,William Heinemann Ltd.,1939,English,105817,data/tlg0014/tlg059,data
tlg0014.tlg059.perseus-grc2.xml,urn:cts:greekLit:tlg0014.tlg059.perseus-grc2,κατὰ Νεαίρας,Demosthenes,William Rennie,Clarendon Press,1931,Greek,129913,data/tlg0014/tlg059,data
tlg0014.tlg005.perseus-grc2.xml,urn:cts:greekLit:tlg0014.tlg005.perseus-grc2,περὶ τῆς εἰρήνης,Demosthenes,Samuel Henry Butcher,Clarendon Press,1903,Greek,22678,data/tlg0014/tlg005,data
tlg0014.tlg005.perseus-eng2.xml,,On the Peace,Demosthenes,James Herbert Vince,William Heinemann Ltd.,1930,English,24936,data/tlg0014/tlg005,data
tlg0014.tlg002.perseus-eng2.xml,,Second Olynthiac,Demosthenes,James Herbert Vince,William Heinemann Ltd.,1930,Greek,24241,data/tlg0014/tlg002,data
tlg0014.tlg002.perseus-grc2.xml,urn:cts:greekLit:tlg0014.tlg002.perseus-grc2,Ὀλυνθιακὸς β΄,Demosthenes,Samuel Henry Butcher,Clarendon Press,1903,Greek,30697,data/tlg0014/tlg002,data
tlg0014.tlg034.perseus-grc2.xml,urn:cts:greekLit:tlg0014.tlg034.perseus-grc2,πρὸς Φορμίωνα ὑπὲρ δανείου,Demosthenes,William Rennie,Clarendon Press,1921,Greek,47578,data/tlg0014/tlg034,data
tlg0014.tlg034.perseus-eng2.xml,,Against Phormio,Demosthenes,Augustus Taber Murray,William Heinemann Ltd.,1936,English,43409,data/tlg0014/tlg034,data
tlg0014.tlg033.perseus-eng2.xml,,Against Apaturius,Demosthenes,Augustus Taber Murray,William Heinemann Ltd.,1936,English,29232,data/tlg0014/tlg033,data
tlg0014.tlg033.perseus-grc2.xml,urn:cts:greekLit:tlg0014.tlg033.perseus-grc2,πρὸς Ἀπατούριον παραγραφή,Demosthenes,William Rennie,Clarendon Press,1921,Greek,37657,data/tlg0014/tlg033,data
tlg0014.tlg058.perseus-eng2.xml,,Against Theocrines,Demosthenes,Augustus Taber Murray,William Heinemann Ltd.,1939,English,57871,data/tlg0014/tlg058,data
tlg0014.tlg058.perseus-grc2.xml,urn:cts:greekLit:tlg0014.tlg058.perseus-grc2,ἔνδειξις κατὰ Θεοκρίνου,Demosthenes,William Rennie,Clarendon Press,1931,Greek,67362,data/tlg0014/tlg058,data
tlg0014.tlg060.perseus-grc2.xml,urn:cts:greekLit:tlg0014.tlg060.perseus-grc2,ἐπιτάφιος,Demosthenes,William Rennie,Clarendon Press,1931,Greek,37175,data/tlg0014/tlg060,data
tlg0014.tlg060.perseus-eng2.xml,,The Funeral Speech,Demosthenes,Norman W. DeWitt,William Heinemann Ltd.,1949,English,41884,data/tlg0014/tlg060,data
tlg0014.tlg056.perseus-eng2.xml,,Against Dionysodorus,Demosthenes,Augustus Taber Murray,William Heinemann Ltd.,1939,English,38927,data/tlg0014/tlg056,data
tlg0014.tlg056.perseus-grc2.xml,urn:cts:greekLit:tlg0014.tlg056.perseus-grc2,κατὰ Διονυσοδώρου βλάβης,Demosthenes,William Rennie,Clarendon Press,1931,Greek,47516,data/tlg0014/tlg056,data
tlg0014.tlg051.perseus-grc2.xml,urn:cts:greekLit:tlg0014.tlg051.perseus-grc2,περὶ τοῦ Στεφάνου τῆς τριηραρκίας,Demosthenes,William Rennie,Clarendon Press,1931,Greek,21604,data/tlg0014/tlg051,data
tlg0014.tlg051.perseus-eng2.xml,,On The Trierarchic Crown,Demosthenes,Augustus Taber Murray,William Heinemann Ltd.,1939,English,17434,data/tlg0014/tlg051,data
tlg0014.tlg042.perseus-eng2.xml,,Against Phaenippus,Demosthenes,Augustus Taber Murray,William Heinemann Ltd.,1939,English,27371,data/tlg0014/tlg042,data
tlg0014.tlg042.perseus-grc2.xml,urn:cts:greekLit:tlg0014.tlg042.perseus-grc2,πρὸς Φαίνιππον περὶ ἀντιδόσεως,Demosthenes,William Rennie,Clarendon Press,1931,Greek,33036,data/tlg0014/tlg042,data
tlg0014.tlg045.perseus-grc2.xml,urn:cts:greekLit:tlg0014.tlg045.perseus-grc2,κατὰ Στεφάνου ψευδομαρτυριῶν α΄,Demosthenes,William Rennie,Clarendon Press,1931,Greek,81517,data/tlg0014/tlg045,data
tlg0014.tlg045.perseus-eng2.xml,,Apollodorus Against Stephanus I,Demosthenes,Augustus Taber Murray,William Heinemann Ltd.,1939,English,65630,data/tlg0014/tlg045,data
tlg0014.tlg011.perseus-grc2.xml,urn:cts:greekLit:tlg0014.tlg011.perseus-grc2,πρὸς τὴν ἐπιστολήν τὴν Φιλίππου,Demosthenes,Samuel Henry Butcher,Clarendon Press,1903,Greek,21265,data/tlg0014/tlg011,data
tlg0014.tlg011.perseus-eng2.xml,,Answer to Philip’s Letter,Demosthenes,James Herbert Vince,William Heinemann Ltd.,1930,English,15705,data/tlg0014/tlg011,data
tlg0014.tlg016.perseus-eng2.xml,,For the People of Megalopolis,Demosthenes,James Herbert Vince,William Heinemann Ltd.,1930,English,24968,data/tlg0014/tlg016,data
tlg0014.tlg016.perseus-grc2.xml,urn:cts:greekLit:tlg0014.tlg016.perseus-grc2,ὑπὲρ Μεγαλοπολιτῶν,Demosthenes,Samuel Henry Butcher,Clarendon Press,1903,Greek,29569,data/tlg0014/tlg016,data
tlg0014.tlg029.perseus-eng2.xml,,Against Aphobus III,Demosthenes,Augustus Taber Murray,William Heinemann Ltd.,1936,English,45726,data/tlg0014/tlg029,data
tlg0014.tlg029.perseus-grc2.xml,urn:cts:greekLit:tlg0014.tlg029.perseus-grc2,πρὸς Ἄφοβον ὑπὲρ Φάνου ψευδομαρτυριῶν γ΄,Demosthenes,William Rennie,Clarendon Press,1921,Greek,56029,data/tlg0014/tlg029,data
tlg0014.tlg020.perseus-grc2.xml,urn:cts:greekLit:tlg0014.tlg020.perseus-grc2,περὶ τῆς Ἀτελείας πρὸς Λεπτίνην,Demosthenes,Samuel Henry Butcher,Clarendon Press,1907,Greek,153079,data/tlg0014/tlg020,data
tlg0014.tlg020.perseus-eng2.xml,,Against Leptines,Demosthenes,James Herbert Vince,William Heinemann Ltd.,1930,English,124894,data/tlg0014/tlg020,data
tlg0014.tlg027.perseus-eng2.xml,,Against Aphobus I,Demosthenes,Augustus Taber Murray,William Heinemann Ltd.,1936,English,51498,data/tlg0014/tlg027,data
tlg0014.tlg027.perseus-grc2.xml,urn:cts:greekLit:tlg0014.tlg027.perseus-grc2,κατὰ Ἀφόβου ἐπιτροπῆς α΄,Demosthenes,William Rennie,Clarendon Press,1921,Greek,65179,data/tlg0014/tlg027,data
tlg0014.tlg018.perseus-eng2.xml,,On the Crown,Demosthenes,Charles Anthony Vince,William Heinemann Ltd.,1926,English,225782,data/tlg0014/tlg018,data
tlg0014.tlg018.perseus-grc2.xml,urn:cts:greekLit:tlg0014.tlg018.perseus-grc2,ὑπὲρ Κτησιφῶντος περὶ τοῦ στεφάνου,Demosthenes,Samuel Henry Butcher,Clarendon Press,1903,Greek,308896,data/tlg0014/tlg018,data
tlg0014.tlg044.perseus-grc2.xml,urn:cts:greekLit:tlg0014.tlg044.perseus-grc2,πρὸς Λεωκάρη περὶ τοῦ Ἀρχιάδου κλήρου,Demosthenes,William Rennie,Clarendon Press,1931,Greek,61035,data/tlg0014/tlg044,data
tlg0014.tlg044.perseus-eng2.xml,,Against Leochares,Demosthenes,Augustus Taber Murray,William Heinemann Ltd.,1939,English,46831,data/tlg0014/tlg044,data
tlg0014.tlg043.perseus-eng2.xml,,Against Macartatus,Demosthenes,Augustus Taber Murray,William Heinemann Ltd.,1939,English,64446,data/tlg0014/tlg043,data
tlg0014.tlg043.perseus-grc2.xml,urn:cts:greekLit:tlg0014.tlg043.perseus-grc2,πρὸς Μακάρτατον περὶ Ἁγνίου κλήρου,Demosthenes,William Rennie,Clarendon Press,1931,Greek,88142,data/tlg0014/tlg043,data
tlg0014.tlg026.perseus-eng2.xml,,Against Aristogeiton II,Demosthenes,James Herbert Vince,William Heinemann Ltd.,1935,English,18302,data/tlg0014/tlg026,data
tlg0014.tlg026.perseus-grc2.xml,urn:cts:greekLit:tlg0014.tlg026.perseus-grc2,κατὰ Ἀριστογείτονος β΄,Demosthenes,Samuel Henry Butcher,Clarendon Press,1907,Greek,26007,data/tlg0014/tlg026,data
tlg0014.tlg019.perseus-eng2.xml,,On the Embassy,Demosthenes,Charles Anthony Vince,William Heinemann Ltd.,1926,English,237827,data/tlg0014/tlg019,data
tlg0014.tlg019.perseus-grc2.xml,urn:cts:greekLit:tlg0014.tlg019.perseus-grc2,περὶ τῆς παραπρεσβείας,Demosthenes,Samuel Henry Butcher,Clarendon Press,1903,Greek,314853,data/tlg0014/tlg019,data
tlg0014.tlg021.perseus-grc2.xml,urn:cts:greekLit:tlg0014.tlg021.perseus-grc2,κατὰ Μειδίου περὶ τοῦ Κονδύλου,Demosthenes,Samuel Henry Butcher,Clarendon Press,1907,Greek,213491,data/tlg0014/tlg021,data
tlg0014.tlg021.perseus-eng2.xml,,Against Meidias,Demosthenes,James Herbert Vince,William Heinemann Ltd.,1935,English,156565,data/tlg0014/tlg021,data
tlg0014.tlg017.perseus-eng2.xml,,On the Treaty with Alexander,Demosthenes,James Herbert Vince,William Heinemann Ltd.,1930,English,24882,data/tlg0014/tlg017,data
tlg0014.tlg017.perseus-grc2.xml,urn:cts:greekLit:tlg0014.tlg017.perseus-grc2,περὶ τῶν πρὸς Ἀλέξανδρον συνθηκῶν,Demosthenes,Samuel Henry Butcher,Clarendon Press,1903,Greek,29008,data/tlg0014/tlg017,data
tlg0014.tlg028.perseus-eng2.xml,,Against Aphobus II,Demosthenes,Augustus Taber Murray,William Heinemann Ltd.,1936,English,21346,data/tlg0014/tlg028,data
tlg0014.tlg028.perseus-grc2.xml,urn:cts:greekLit:tlg0014.tlg028.perseus-grc2,κατὰ Ἀφόβου β΄,Demosthenes,William Rennie,Clarendon Press,1921,Greek,23980,data/tlg0014/tlg028,data
tlg0014.tlg010.perseus-grc2.xml,urn:cts:greekLit:tlg0014.tlg010.perseus-grc2,κατὰ Φιλίππου δ΄,Demosthenes,Samuel Henry Butcher,Clarendon Press,1903,Greek,64344,data/tlg0014/tlg010,data
tlg0014.tlg010.perseus-eng2.xml,,Fourth Philippic,Demosthenes,James Herbert Vince,William Heinemann Ltd.,1930,English,49053,data/tlg0014/tlg010,data
tlg4024.tlg001.1st1K-lat1.xml,,Historiae,Agathias Scholasticus,B.G. Niebuhr,Weber,1828,Latin,427237,data/tlg4024/tlg001,data
tlg4024.tlg001.1st1K-grc1.xml,urn:cts:greekLit:tlg4024.tlg001.1st1K-grc1,Historiae,Agathias Scholasticus,B.G. Niebuhr,Weber,1828,Greek,985967,data/tlg4024/tlg001,data
tlg4024.tlg002.1st1K-grc2.xml,urn:cts:greekLit:tlg4024.tlg002.1st1K-grc2,Epigrammata,Agathias Scholasticus,B.G. Niebuhr,Weber,1828,Greek,105751,data/tlg4024/tlg002,data
tlg1764.tlg001.1st1K-grc1.xml,urn:cts:greekLit:tlg1764.tlg001.1st1K-grc1,Anthologiarum libri ix,Vettius Valens,Wilhelm Kroll,Weidmann,1908,Greek,2064627,data/tlg1764/tlg001,data
tlg0057.tlg019.xml,tlg0057.tlg019,GALENI,,CAROLUS KALBFLEISCH,IN AEDIBUS B.G. TEUBNERI,MDCCCXCVIII.,el,113033,split/tlg0057/tlg019,split
tlg4033.tlg003.xml,tlg4033.tlg003,Commentaria in Aristotelem Graeca,,,Berolini: Typis et Impensis G. Reimeri,1889,Greek,1483109,split/tlg4033/tlg003,split
tlg4034.tlg006.opp.grc1.xml,tlg4034.tlg006.opp.grc1,Commentaria in Aristotelem Graeca,,,Berolini: Typis et Impensis G. Reimeri,1903,Greek,410019,split/tlg4034/tlg006,split
tlg4034.tlg006.xml,tlg4034.tlg006,Commentaria in Aristotelem Graeca,,,Berolini: Typis et Impensis G. Reimeri,1903,Greek,409991,split/tlg4034/tlg006,split
tlg4034.tlg003.opp.grc1.xml,tlg4034.tlg003.opp.grc1,Commentaria in Aristotelem Graeca,,,Berolini: Typis et Impensis G. Reimeri,1903,Greek,903537,split/tlg4034/tlg003,split
tlg4034.tlg003.xml,tlg4034.tlg003,Commentaria in Aristotelem Graeca,,,Berolini: Typis et Impensis G. Reimeri,1903,Greek,903514,split/tlg4034/tlg003,split
tlg4034.tlg002.opp.grc1.xml,tlg4034.tlg002.opp.grc1,Commentaria in Aristotelem Graeca,,,Berolini: Typis et Impensis G. Reimeri,1903,Greek,945865,split/tlg4034/tlg002,split
tlg4034.tlg002.opp-grc1.xml,tlg4034.tlg002.opp-grc1,Commentaria in Aristotelem Graeca,,,Berolini: Typis et Impensis G. Reimeri,1903,Greek,796668,split/tlg4034/tlg002,split
tlg2022.tlg009.xml,tlg2022.tlg009,THE FIVE THEOLOGICAL ORATIONS OF GREGORY OF NAZIANZUS,,"ARTHUR JAMES MASON, D.D.",AT THE UNIVERSITY PRESS.,1899,el,139488,split/tlg2022/tlg009,split
tlg2022.tlg007.xml,tlg2022.tlg007,THE FIVE THEOLOGICAL ORATIONS OF GREGORY OF NAZIANZUS,,"ARTHUR JAMES MASON, D.D.",AT THE UNIVERSITY PRESS.,1899,el,84542,split/tlg2022/tlg007,split
tlg2022.tlg008.xml,tlg2022.tlg008,THE FIVE THEOLOGICAL ORATIONS OF GREGORY OF NAZIANZUS,,"ARTHUR JAMES MASON, D.D.",AT THE UNIVERSITY PRESS.,1899,el,208982,split/tlg2022/tlg008,split
tlg2022.tlg003.xml,tlg2022.tlg003,CHRISTUS PATIENS,,DR. J. G. BRAMBS.,IN AEDIBUS B. G. TEUBNERI.,MDCCCLXXXV.,el,402718,split/tlg2022/tlg003,split
tlg2022.tlg011.xml,tlg2022.tlg011,THE FIVE THEOLOGICAL ORATIONS OF GREGORY OF NAZIANZUS,,"ARTHUR JAMES MASON, D.D.",AT THE UNIVERSITY PRESS.,1899,el,183438,split/tlg2022/tlg011,split
tlg2022.tlg010.xml,tlg2022.tlg010,THE FIVE THEOLOGICAL ORATIONS OF GREGORY OF NAZIANZUS,,"ARTHUR JAMES MASON, D.D.",AT THE UNIVERSITY PRESS.,1899,el,146790,split/tlg2022/tlg010,split
tlg3135.tlg001.opp-grc1.xml,tlg3135.tlg001.opp-grc1,IOANNIS ZONARAE EPITOME HISTORIARUM,,LUDOVICUS DINDORFIUS.,IN AEDIBUS Β. G. TEUBNERI.,1868,el,4935549,split/tlg3135/tlg001,split
tlg3135.tlg004.opp-grc1.xml,tlg3135.tlg004.opp-grc1,IOANNIS ZONARAE EPITOME HISTORIARUM,,LUDOVICUS DINDORFIUS.,IN AEDIBUS B. G. TEUBNERI.,MDCCCLXXI.,el,367136,split/tlg3135/tlg004,split
tlg3135.tlg005.opp-grc1.xml,tlg3135.tlg005.opp-grc1,IOANNIS ZONARAE EPITOME HISTORIARUM,,LUDOVICUS DINDORFIUS.,IN AEDIBUS B. G. TEUBNERI.,MDCCCLXXI.,el,15868,split/tlg3135/tlg005,split
tlg9006.tlg011.opp.grc1.xml,tlg9006.tlg011.opp.grc1,Libanius Opera,,,In Aedibus B. G. Teubneri,1911,la,100795,split/tlg9006/tlg011,split
tlg2041.tlg001.xml,tlg2041.tlg001,EUSEBIUS WERKE,,Professor Lic. Dr. ERICH KLOSTERMANN,J. C. HINRICHS'sche BUCHHANDLUNG,1906,el,182768,split/tlg2041/tlg001,split
tlg2041.tlg015.xml,tlg2041.tlg015,ORIGENES WERKE,,DR. ERICH KLOSTERMANN,J. C. HINRICHS'SCHE BUCHHANDLUNG,1901,el,4512,split/tlg2041/tlg015,split
tlg2001.tlg038.xml,tlg2001.tlg038,COMMENTARIA IN ARISTOTELEM GRAECA,,MAXIMILIANUS WALLIES,TYPIS ET IMPENSIS GEORGII REIMERI,MCM,el,476225,split/tlg2001/tlg038,split
tlg2001.tlg039.xml,tlg2001.tlg039,COMMENTARIA IN ARISTOTELEM GRAECA,,MAXIMILIANUS WALLIES,TYPIS ET IMPENSIS GEORGII REIMERI,MCM,el,1365579,split/tlg2001/tlg039,split
tlg2001.tlg041.xml,tlg2001.tlg041,COMMENTARIA IN ARISTOTELEM GRAECA,,SAMUEL LANDAUER,typis et impensis georgii reimeri,MCMII,el,235945,split/tlg2001/tlg041,split
tlg2001.tlg040.xml,tlg2001.tlg040,COMMENTARIA IN ARISTOTELEM GRAECA,,MAXIMILIANUS WALLIES,TYPIS ET IMPENSIS GEORGII REIMERI,MCM,el,749870,split/tlg2001/tlg040,split
tlg2001.tlg042.opp.grc1.xml,tlg2001.tlg042.opp.grc1,Commentaria in Aristotelem Graeca,,,Berolini: Typis et Impensis G. Reimeri,1883-1884,Greek,1222299,split/tlg2001/tlg042,split
tlg2001.tlg044.opp.grc1.xml,tlg2001.tlg044.opp.lat1,COMMENTARIA IN ARISTOTELEM GRAECA,,SAMUEL LANDAUER,typis et impensis georgii reimeri,MCMII,el,119348,split/tlg2001/tlg044,split
tlg2001.tlg043.opp.grc1.xml,tlg2001.tlg043.opp.grc1,COMMENTARIA IN ARISTOTELEM GRAECA,,SAMUEL LANDAUER,typis et impensis georgii reimeri,MCMII,el,723507,split/tlg2001/tlg043,split
tlg2036.tlg001.opp-grc1.xml,tlg2036.tlg001.opp-grc1,Commentaria in Aristotelem Graeca,,,Berolini: Typis et Impensis G. Reimeri,1888,Greek,393138,split/tlg2036/tlg001,split
tlg0732.tlg007.opp-grc1.xml,tlg0732.tlg007.opp-grc1,Commentaria in Aristotelem Graeca,,,Berolini: Typis et Impensis G. Reimeri,1901,Greek,949448,split/tlg0732/tlg007,split
tlg0732.tlgX01.opp-grc1.xml,tlg0732.tlgX01.opp-grc1,Commentaria in Aristotelem Graeca,,,Berolini: Typis et Impensis G. Reimeri,1898,Greek,1143153,split/tlg0732/tlgX01,split
tlg0732.tlg006.opp-grc1.xml,tlg0732.tlg006.opp-grc1,Commentaria in Aristotelem Graeca,,,Berolini: Typis et Impensis G. Reimeri,1891,Greek,3188368,split/tlg0732/tlg006,split
tlg0732.tlg008.opp-grc1.xml,tlg0732.tlg008.opp-grc1,Commentaria in Aristotelem Graeca,,,Berolini: Typis et Impensis G. Reimeri,1899,Greek,1256777,split/tlg0732/tlg008,split
tlg0732.tlg004.opp-grc1.xml,tlg0732.tlg004.opp-grc1,Commentaria in Aristotelem Graeca,,,Berolini: Typis et Impensis G. Reimeri,1891,Greek,4772403,split/tlg0732/tlg004,split
tlg0732.tlg005.opp-grc1.xml,tlg0732.tlg005.opp-grc1,Commentaria in Aristotelem Graeca,,,Berolini: Typis et Impensis G. Reimeri,1883,Greek,2454790,split/tlg0732/tlg005,split
tlg4021.tlg002.xml,tlg4021.tlg002,COMMENTARIA IN ARISTOTELEM GRAECA,,ADOLFUS BUSSE,TYPIS ET IMPENSIS GEORGII REIMERI,MCM,el,1176450,split/tlg4021/tlg002,split
tlg4019.tlg001.xml,tlg4019.tlg001,COMMENTARIA IN ARISTOTELEM GRAECA,,ADOLFUS BUSSE,IN AEDIBUS B. G. TEUBNERI,MDCCCLXVII,el,814247,split/tlg4019/tlg001,split
tlg4019.tlg003.xml,tlg4019.tlg003,COMMENTARIA IN ARISTOTELEM GRAECA,,ADOLFUS BUSSE,IN AEDIBUS B. G. TEUBNERI,MDCCCLXVII,el,1650293,split/tlg4019/tlg003,split
tlg0018.tlg009.xml,tlg0018.tlg009,PHILONIS ALEXANDRINI OPERA QVAE SVRERSVNT,,LEOPOLDVS COHN,TYPIS ET IMPENSIS GEORGII REIMERI,XDCCCLXXXXI,el,194238,split/tlg0018/tlg009,split
tlg0018.tlg031.xml,tlg0018.tlg031,PHILONIS ALEXANDRINI OPERA QVAE SVPERSVNT,,LEOPOLDVS COHN ET PAVLVS WENDLAND,TYPIS ET IMPENSIS GEORGII REIMERI,MCMII,el,386428,split/tlg0018/tlg031,split
tlg0018.tlg007.xml,tlg0018.tlg007,PHILONIS ALEXANDRINI OPERA QVAE SVRERSVNT,,LEOPOLDVS COHN,TYPIS ET IMPENSIS GEORGII REIMERI,XDCCCLXXXXI,el,71028,split/tlg0018/tlg007,split
tlg0018.tlg001.xml,tlg0018.tlg001,PHILONIS ALEXANDRINI OPERA QVAE SVRERSVNT,,LEOPOLDVS COHN,TYPIS ET IMPENSIS GEORGII REIMERI,XDCCCLXXXXI,el,298272,split/tlg0018/tlg001,split
tlg0018.tlg006.xml,tlg0018.tlg006,PHILONIS ALEXANDRINI OPERA QVAE SVRERSVNT,,LEOPOLDVS COHN,TYPIS ET IMPENSIS GEORGII REIMERI,XDCCCLXXXXI,el,207480,split/tlg0018/tlg006,split
tlg0018.tlg030.xml,tlg0018.tlg030,PHILONIS ALEXANDRINI OPERA QVAE SVPERSVNT,,LEOPOLDVS COHN ET PAVLVS WENDLAND,TYPIS ET IMPENSIS GEORGII REIMERI,MCMII,el,195025,split/tlg0018/tlg030,split
tlg0018.tlg008.xml,tlg0018.tlg008,PHILONIS ALEXANDRINI OPERA QVAE SVRERSVNT,,LEOPOLDVS COHN,TYPIS ET IMPENSIS GEORGII REIMERI,XDCCCLXXXXI,el,196065,split/tlg0018/tlg008,split
tlg0018.tlg015.xml,tlg0018.tlg015,PHILONIS ALEXANDRINI OPERA QVAE SVRERSVNT,,LEOPOLDVS COHN,TYPIS ET IMPENSIS GEORGII REIMERI,XDCCCLXXXXI,el,350664,split/tlg0018/tlg015,split
tlg0018.tlg012.xml,tlg0018.tlg012,PHILONIS ALEXANDRINI OPERA QVAE SVRERSVNT,,LEOPOLDVS COHN,TYPIS ET IMPENSIS GEORGII REIMERI,XDCCCLXXXXI,el,71992,split/tlg0018/tlg012,split
tlg0018.tlg024.xml,tlg0018.tlg024,PHILONIS ALEXANDRINI OPERA QVAE SVPERSVNT,,LEOPOLDVS COHN ET PAVLVS WENDLAND,TYPIS ET IMPENSIS GEORGII REIMERI,MCMII,el,1323475,split/tlg0018/tlg024,split
tlg0018.tlg023.xml,tlg0018.tlg023,PHILONIS ALEXANDRINI OPERA QVAE SVPERSVNT,,LEOPOLDVS COHN ET PAVLVS WENDLAND,TYPIS ET IMPENSIS GEORGII REIMERI,MCMII,el,198190,split/tlg0018/tlg023,split
tlg0018.tlg022.xml,tlg0018.tlg022,PHILONIS ALEXANDRINI OPERA QVAE SVPERSVNT,,LEOPOLDVS COHN ET PAVLVS WENDLAND,TYPIS ET IMPENSIS GEORGII REIMERI,MCMII,el,763047,split/tlg0018/tlg022,split
tlg0018.tlg025.xml,tlg0018.tlg025,PHILONIS ALEXANDRINI OPERA QVAE SVPERSVNT,,LEOPOLDVS COHN ET PAVLVS WENDLAND,TYPIS ET IMPENSIS GEORGII REIMERI,MCMII,el,362224,split/tlg0018/tlg025,split
tlg0018.tlg013.xml,tlg0018.tlg013,PHILONIS ALEXANDRINI OPERA QVAE SVRERSVNT,,LEOPOLDVS COHN,TYPIS ET IMPENSIS GEORGII REIMERI,XDCCCLXXXXI,el,200090,split/tlg0018/tlg013,split
tlg0018.tlg014.xml,tlg0018.tlg014,PHILONIS ALEXANDRINI OPERA QVAE SVRERSVNT,,LEOPOLDVS COHN,TYPIS ET IMPENSIS GEORGII REIMERI,XDCCCLXXXXI,el,232258,split/tlg0018/tlg014,split
tlg0018.tlg003.xml,tlg0018.tlg003,PHILONIS ALEXANDRINI OPERA QVAE SVRERSVNT,,LEOPOLDVS COHN,TYPIS ET IMPENSIS GEORGII REIMERI,XDCCCLXXXXI,el,160823,split/tlg0018/tlg003,split
tlg0018.tlg004.xml,tlg0018.tlg004,PHILONIS ALEXANDRINI OPERA QVAE SVRERSVNT,,LEOPOLDVS COHN,TYPIS ET IMPENSIS GEORGII REIMERI,XDCCCLXXXXI,el,260360,split/tlg0018/tlg004,split
tlg0018.tlg005.xml,tlg0018.tlg005,PHILONIS ALEXANDRINI OPERA QVAE SVRERSVNT,,LEOPOLDVS COHN,TYPIS ET IMPENSIS GEORGII REIMERI,XDCCCLXXXXI,el,206665,split/tlg0018/tlg005,split
tlg0018.tlg002.xml,tlg0018.tlg002,PHILONIS ALEXANDRINI OPERA QVAE SVRERSVNT,,LEOPOLDVS COHN,TYPIS ET IMPENSIS GEORGII REIMERI,XDCCCLXXXXI,el,547257,split/tlg0018/tlg002,split
tlg0018.tlg011.xml,tlg0018.tlg011,PHILONIS ALEXANDRINI OPERA QVAE SVRERSVNT,,LEOPOLDVS COHN,TYPIS ET IMPENSIS GEORGII REIMERI,XDCCCLXXXXI,el,230681,split/tlg0018/tlg011,split
tlg0018.tlg016.xml,tlg0018.tlg016,PHILONIS ALEXANDRINI OPERA QVAE SVRERSVNT,,LEOPOLDVS COHN,TYPIS ET IMPENSIS GEORGII REIMERI,XDCCCLXXXXI,el,191625,split/tlg0018/tlg016,split
tlg0018.tlg029.xml,tlg0018.tlg029,PHILONIS ALEXANDRINI OPERA QVAE SVPERSVNT,,LEOPOLDVS COHN ET PAVLVS WENDLAND,TYPIS ET IMPENSIS GEORGII REIMERI,MCMII,el,242234,split/tlg0018/tlg029,split
tlg0018.tlg020.xml,tlg0018.tlg020,PHILONIS ALEXANDRINI OPERA QVAE SVPERSVNT,,LEOPOLDVS COHN ET PAVLVS WENDLAND,TYPIS ET IMPENSIS GEORGII REIMERI,MCMII,el,309963,split/tlg0018/tlg020,split
tlg0018.tlg027.xml,tlg0018.tlg027,PHILONIS ALEXANDRINI OPERA QVAE SVPERSVNT,,LEOPOLDVS COHN ET PAVLVS WENDLAND,TYPIS ET IMPENSIS GEORGII REIMERI,MCMII,el,222063,split/tlg0018/tlg027,split
tlg0018.tlg018.xml,tlg0018.tlg018,PHILONIS ALEXANDRINI OPERA QVAE SVRERSVNT,,LEOPOLDVS COHN,TYPIS ET IMPENSIS GEORGII REIMERI,XDCCCLXXXXI,el,244158,split/tlg0018/tlg018,split
tlg0018.tlg026.xml,tlg0018.tlg026,PHILONIS ALEXANDRINI OPERA QVAE SVPERSVNT,,LEOPOLDVS COHN ET PAVLVS WENDLAND,TYPIS ET IMPENSIS GEORGII REIMERI,MCMII,el,206294,split/tlg0018/tlg026,split
tlg0018.tlg019.xml,tlg0018.tlg019,PHILONIS ALEXANDRINI OPERA QVAE SVRERSVNT,,LEOPOLDVS COHN,TYPIS ET IMPENSIS GEORGII REIMERI,XDCCCLXXXXI,el,514969,split/tlg0018/tlg019,split
tlg0018.tlg021.xml,tlg0018.tlg021,PHILONIS ALEXANDRINI OPERA QVAE SVPERSVNT,,LEOPOLDVS COHN ET PAVLVS WENDLAND,TYPIS ET IMPENSIS GEORGII REIMERI,MCMII,el,292616,split/tlg0018/tlg021,split
tlg0018.tlg017.xml,tlg0018.tlg017,PHILONIS ALEXANDRINI OPERA QVAE SVRERSVNT,,LEOPOLDVS COHN,TYPIS ET IMPENSIS GEORGII REIMERI,XDCCCLXXXXI,el,221184,split/tlg0018/tlg017,split
tlg0018.tlg028.xml,tlg0018.tlg028,PHILONIS ALEXANDRINI OPERA QVAE SVPERSVNT,,LEOPOLDVS COHN ET PAVLVS WENDLAND,TYPIS ET IMPENSIS GEORGII REIMERI,MCMII,el,131925,split/tlg0018/tlg028,split
tlg0018.tlg010.xml,tlg0018.tlg010,PHILONIS ALEXANDRINI OPERA QVAE SVRERSVNT,,LEOPOLDVS COHN,TYPIS ET IMPENSIS GEORGII REIMERI,XDCCCLXXXXI,el,188551,split/tlg0018/tlg010,split
tlg4017.tlg001.xml,tlg4017.tlg001,COMMENTARIA IN ARISTOTELEM GRAECA,,GUILELMUS KROLL,TYPIS ET IMPENSIS GEORGII REIMERI,MCMII,el,1066183,split/tlg4017/tlg001,split
tlg2371.tlg001.xml,tlg2371.tlg001,CORPUS SCRIPTORUM HISTORIAE BYZANTINAE.,,B. G. NIEBUHRII C. F.,IMPENSIS ED. WEBERI,MDCCCXXXII.,el,2731628,split/tlg2371/tlg001,split
tlg4016.tlg001.xml,tlg4016.tlg001,Commentaria in Aristotelem Graeca,,,Berolini: Typis et Impensis G. Reimeri,1888,Greek,724330,split/tlg4016/tlg001,split
tlg4016.tlg003.xml,tlg4016.tlg003,Commentaria in Aristotelem Graeca,,,Berolini: Typis et Impensis G. Reimeri,1888,Greek,1779815,split/tlg4016/tlg003,split
tlg4016.tlg004.xml,tlg4016.tlg004,Commentaria in Aristotelem Graeca,,,Berolini: Typis et Impensis G. Reimeri,1888,Greek,578765,split/tlg4016/tlg004,split
tlg4016.tlg002.xml,tlg4016.tlg002,Commentaria in Aristotelem Graeca,,,Berolini: Typis et Impensis G. Reimeri,1888,Greek,743898,split/tlg4016/tlg002,split
tlg4018.tlg001.xml,tlg4018.tlg001,COMMENTARIA IN ARISTOTELEM GRAECA,,GUILELMUS KROLL,TYPIS ET IMPENSIS GEORGII REIMERI,MCMII,el,2430527,split/tlg4018/tlg001,split
tlg4027.tlg001.opp.grc1.xml,tlg4027.tlg001.opp.grc1,Commentaria in Aristotelem Graeca,,,Berolini: Typis et Impensis G. Reimeri,1883-1884,Greek,602296,split/tlg4027/tlg001,split
tlg4020.tlg001.xml,tlg4020.tlg001,COMMENTARIA IN ARISTOTELEM GRAECA,,ADOLFUS BUSSE,TYPIS ET IMPENSIS GEORGII REIMERI,MCM,el,561192,split/tlg4020/tlg001,split
tlg4020.tlg002.xml,tlg4020.tlg002,COMMENTARIA IN ARISTOTELEM GRAECA,,ADOLFUS BUSSE,TYPIS ET IMPENSIS GEORGII REIMERI,MCM,el,822854,split/tlg4020/tlg002,split
tlg0615.tlg001.xml,tlg0615.tlg001,Commentaria in Aristotelem Graeca,,,Berolini: Typis et Impensis G. Reimeri,1889,Greek,1198365,split/tlg0615/tlg001,split
tlg4089.tlg003.xml,tlg4089.tlg003,THEODORET KIRCHENGESCHICHTE,,DR. LÉON PARMENTIER,J.C. HINRICHS'SCHE BUCHHANDLUNG,1911,el,1597091,split/tlg4089/tlg003,split
tlg4030.tlg001.opp-grc1.xml,tlg4030.tlg001.opp-grc1,Commentaria in Aristotelem Graeca,,,Berolini: Typis et Impensis G. Reimeri,1883-1884,Greek,1076006,split/tlg4030/tlg001,split
tlg2768.tlg001.xml,tlg2768.tlg001,GELASIUS KIRCHENGESCHICHTE,,DR. MARGRET HEINEMANN,J. C. HINRICHS'SCHE BUCHHANDLUNG,1918,el,903222,split/tlg2768/tlg001,split
tlg2768.tlg002.opp.grc1.xml,tlg2768.tlg002.opp.grc1,GELASIUS KIRCHENGESCHICHTE,,DR. MARGRET HEINEMANN,J. C. HINRICHS'SCHE BUCHHANDLUNG,1918,el,37059,split/tlg2768/tlg002,split
tlg2703.tlg001.opp-grclat1.xml,tlg2703.tlg001.opp-grclat1,CORPUS SCRIPTORUM HISTORIAE BYZANTINAE.,,LUDOVICUS SCHOPENUS.,IMPENSIS ED. WEBERI,MDCCCLXXVIII.,el,3309928,split/tlg2703/tlg001,split
tlg2703.tlg001.opp-grc1.xml,tlg2703.tlg001.opp-grc1,ANNAE COMNENAE,,AUGUSTUS REIFFERSCHEIDII,IN AEDIBUS B. G. TEUBNERI,MDCCCLXXXIV,el,2191619,split/tlg2703/tlg001,split
tlg4031.tlg002.xml,tlg4031.tlg002,COMMENTARIA IN ARISTOTELEM GRAECA,,GUSTAVUS HEYLBUT,TYPIS ET IMPENSIS GEORGII BEIMERI,MDCCCLXXXXII,el,3432035,split/tlg4031/tlg002,split
tlg4036.tlg001.opp-grc1.xml,tlg4036.tlg001.opp-grc1,ROCLUS DIADOCHUS,,GVILELMVS KROLL,IN AEDIBVS B. G. TEVBNERI,MDCCCXCIX,el,2411835,split/tlg4036/tlg001,split
tlg2959.tlg007.xml,tlg2959.tlg007,METHODIUS,,D.G. NATHANAEL BONWETSCH,J. C. HINRICHS'SCHE BUCHHANDLUNG,1917,el,38447,split/tlg2959/tlg007,split
tlg2959.tlg001.xml,tlg2959.tlg001,METHODIUS,,D.G. NATHANAEL BONWETSCH,J. C. HINRICHS'SCHE BUCHHANDLUNG,1917,el,622978,split/tlg2959/tlg001,split
tlg2959.tlg006.opp.grc1.xml,tlg2959.tlg006.opp.grc1,METHODIUS,,D.G. NATHANAEL BONWETSCH,J. C. HINRICHS'SCHE BUCHHANDLUNG,1917,el,25163,split/tlg2959/tlg006,split
tlg2959.tlg008.opp.grc1.xml,tlg2959.tlg008.opp.grc1,METHODIUS,,D.G. NATHANAEL BONWETSCH,J. C. HINRICHS'SCHE BUCHHANDLUNG,1917,el,3586,split/tlg2959/tlg008,split
tlg2959.tlg012.opp.ger1.xml,tlg2959.tlg012.opp.ger1,METHODIUS,,D.G. NATHANAEL BONWETSCH,J. C. HINRICHS'SCHE BUCHHANDLUNG,1917,el,38835,split/tlg2959/tlg012,split
tlg2959.tlg003.opp.ger1.xml,tlg2959.tlg003.opp.ger1,METHODIUS,,D.G. NATHANAEL BONWETSCH,J. C. HINRICHS'SCHE BUCHHANDLUNG,1917,el,843325,split/tlg2959/tlg003,split
tlg2959.tlg004.opp.ger1.xml,tlg2959.tlg004.opp.ger1,METHODIUS,,D.G. NATHANAEL BONWETSCH,J. C. HINRICHS'SCHE BUCHHANDLUNG,1917,el,89273,split/tlg2959/tlg004,split
tlg2959.tlg005.opp.grc1.xml,tlg2959.tlg005.opp.grc1,METHODIUS,,D.G. NATHANAEL BONWETSCH,J. C. HINRICHS'SCHE BUCHHANDLUNG,1917,el,33483,split/tlg2959/tlg005,split
tlg2959.tlg002.xml,tlg2959.tlg002,METHODIUS,,D.G. NATHANAEL BONWETSCH,J. C. HINRICHS'SCHE BUCHHANDLUNG,1917,el,249143,split/tlg2959/tlg002,split
tlg2959.tlg002.opp.ger1.xml,tlg2959.tlg002.opp.ger1,METHODIUS,,D.G. NATHANAEL BONWETSCH,J. C. HINRICHS'SCHE BUCHHANDLUNG,1917,el,27018,split/tlg2959/tlg002,split
tlg2959.tlg011.opp.ger1.xml,tlg2959.tlg011.opp.ger1,METHODIUS,,D.G. NATHANAEL BONWETSCH,J. C. HINRICHS'SCHE BUCHHANDLUNG,1917,el,64332,split/tlg2959/tlg011,split
tlg2959.tlg010.opp.grc1.xml,tlg2959.tlg010.opp.grc1,METHODIUS,,D.G. NATHANAEL BONWETSCH,J. C. HINRICHS'SCHE BUCHHANDLUNG,1917,el,6813,split/tlg2959/tlg010,split
tlg0544.tlg001.opp-grc1.xml,tlg0544.tlg001.opp-grc1,SEXTI EMPIRICI OPERA,,HERMANNUS MUTSCHMANN,IN AEDIBUS B. G. TEUBNERI,MCMXII,el,826675,split/tlg0544/tlg001,split
tlg0544.tlg001.opp-grc2.xml,tlg0544.tlg001.opp-grc3,SEXTI EMPIRICI OPERA,,HERMANNUS MUTSCHMANN,IN AEDIBUS B. G. TEUBNERI,MCMXII,el,3366,split/tlg0544/tlg001,split
tlg0544.tlg001.opp-lat1.xml,tlg0544.tlg001.opp-lat1,SEXTI EMPIRICI OPERA,,HERMANNUS MUTSCHMANN,IN AEDIBUS B. G. TEUBNERI,MCMXII,el,5940,split/tlg0544/tlg001,split
tlg0544.tlg002.xml,tlg0544.tlg002,SEXTI EMPIRICI OPERA,,HERMANNUS MUTSCHMANN,IN AEDIBUS B. G. TEUBNERI,MCMXII,el,1741313,split/tlg0544/tlg002,split
tlg2021.tlg001.opp-grc1.xml,tlg2021.tlg001.opp-grc1,EPIPHANIUS,,D.DR. KARL HOLL,J. C. HINRICHS'SCHE BUCHHANDLUNG,1915,el,738327,split/tlg2021/tlg001,split
tlg2021.tlg003.opp-grc1.xml,tlg2021.tlg003.opp-grc1,EPIPHANIUS,,D. DR. KARL HOLL,J. C. HINRICHS'SCHE BUCHHANDLUNG,1922,el,85616,split/tlg2021/tlg003,split
tlg2021.tlg002.opp-grc1.xml,tlg2021.tlg002.opp-grc1,EPIPHANIUS,,D.DR. KARL HOLL,J. C. HINRICHS'SCHE BUCHHANDLUNG,1915,el,3916489,split/tlg2021/tlg002,split
tlg9004.tlg001.opp.grc1.xml,tlg9004.tlg001.opp.grc1,COMMENTARIA IN ARISTOTELEM GRAECA,,MAXIMILLANUS WALLIES,TYIS ET IMPENSIS GEORGH REIMERI,MCMIX,el,278176,split/tlg9004/tlg001,split
tlg1463.tlg001.opp.ger1.xml,tlg1463.tlg001.opp.ger1,DAS BUCH HENOCH,,DR. JOH. FLEMMING,J.C.HINRICHS'SCHE BUCHHANDLUNG,1901,el,233525,split/tlg1463/tlg001,split
tlg1463.tlg001.opp.grc1.xml,tlg1463.tlg001.opp.grc1,DAS BUCH HENOCH,,DR. JOH. FLEMMING,J.C.HINRICHS'SCHE BUCHHANDLUNG,1901,el,187037,split/tlg1463/tlg001,split
tlg2018.tlg020a.opp-grc1.xml,tlg2018.tlg020a.opp-grc1,EUSEBIUS WERKE,,DR. IVAR A. HEIKEL,J.C.HINRICHS'SCHE BUCHHANDLUNG,1902,el,61220,split/tlg2018/tlg020a,split
tlg2018.tlg001.opp-grc1.xml,tlg2018.tlg001.opp-grc1,EUSEBII CAESARIENSIS OPERA,,GUILIELMUS DINDORFIUS,IN AEDIBUS B. G. TEUBNERI.,MDCCCLXVII.,el,3431790,split/tlg2018/tlg001,split
tlg2018.tlg012.xml,tlg2018.tlg012,EUSEBIUS WERKE,,Professor Lic. Dr. ERICH KLOSTERMANN,J. C. HINRICHS'sche BUCHHANDLUNG,1906,el,234652,split/tlg2018/tlg012,split
tlg2018.tlg022.xml,tlg2018.tlg022,EUSEBIUS WERKE,,DR. IVAR A. HEIKEL,J.C.HINRICHS'SCHE BUCHHANDLUNG,1902,el,330891,split/tlg2018/tlg022,split
tlg2018.tlg003.xml,tlg2018.tlg003,EUSEBII CAESARIENSIS OPERA.,,GUILIELMUS DINDORFIUS.,IN AEDIBUS B. G. TEUBNERI,MDCCCLXXI.,el,120839,split/tlg2018/tlg003,split
tlg2018.tlg005.xml,tlg2018.tlg005,EUSEBII CAESARIENSIS OPERA.,,GUILIEIMUS DIDNORFIUS.,IN AEDIBUS B. G. TEUBNERI.,MDCCCLXVIII.,el,2298660,split/tlg2018/tlg005,split
tlg2018.tlg002.opp-grc2.xml,tlg2018.tlg002.opp-grc2,EUSEBII CAESARIENSIS OPERA.,,GUILIELMUS DINDORFIUS.,IN AEDIBUS B. G. TEUBNERI,MDCCCLXXI.,el,1515733,split/tlg2018/tlg002,split
tlg2018.tlg012a.xml,tlg2018.tlg012a,EUSEBIUS WERKE,,Professor Lic. Dr. ERICH KLOSTERMANN,J. C. HINRICHS'sche BUCHHANDLUNG,1906,el,7276,split/tlg2018/tlg012a,split
tlg2018.tlg011.xml,tlg2018.tlg011,EUSEBIUS WERKE,,LIC. Dr. ERICH KLOSTERMANN,J. C. HINRICHS'SCHE BUCHHANDLUNG,1904,el,477021,split/tlg2018/tlg011,split
tlg2018.tlg020.opp-grc1.xml,tlg2018.tlg020.opp-grc1,EUSEBIUS WERKE,,DR. IVAR A. HEIKEL,J.C.HINRICHS'SCHE BUCHHANDLUNG,1902,el,673714,split/tlg2018/tlg020,split
tlg2018.tlg010.opp.grc1.xml,tlg2018.tlg010.opp.grc1,EUSEBIUS WERKE,,LIC. Dr. ERICH KLOSTERMANN,J. C. HINRICHS'SCHE BUCHHANDLUNG,1904,el,150675,split/tlg2018/tlg010,split
tlg2018.tlg010.opp.ger1.xml,tlg2018.tlg010.opp.ger1,EUSEBIUS WERKE,,LIC. Dr. ERICH KLOSTERMANN,J. C. HINRICHS'SCHE BUCHHANDLUNG,1904,el,640759,split/tlg2018/tlg010,split
tlg2018.tlg021a.opp-grc1.xml,tlg2018.tlg021a.opp-grc1,EUSEBIUS WERKE,,DR. IVAR A. HEIKEL,J.C.HINRICHS'SCHE BUCHHANDLUNG,1902,el,12452,split/tlg2018/tlg021a,split
tlg2018.tlg021a.opp-grc2.xml,tlg2018.tlg021a.opp-grc2,EUSEBIUS WERKE,,DR. IVAR A. HEIKEL,J.C.HINRICHS'SCHE BUCHHANDLUNG,1902,el,197923,split/tlg2018/tlg021a,split
tlg0527.tlg001.xml,tlg0527.tlg001,The Old Testament in Greek,,Henry Barclay Swete,University Press,1901,el,603643,split/tlg0527/tlg001,split
tlg0527.tlg006.xml,tlg0527.tlg006,The Old Testament in Greek,,Henry Barclay Swete,University Press,1901,el,314976,split/tlg0527/tlg006,split
tlg0527.tlg030.xml,tlg0527.tlg030,ECCLESIASTICUS,,"J. H. A. HART, M.A.",Cambridge,1909,el,359513,split/tlg0527/tlg030,split
tlg0527.tlg008.xml,tlg0527.tlg008,The Old Testament in Greek,,Henry Barclay Swete,University Press,1901,el,362366,split/tlg0527/tlg008,split
tlg0527.tlg012.xml,tlg0527.tlg012,The Old Testament in Greek,,Henry Barclay Swete,University Press,1901,el,313781,split/tlg0527/tlg012,split
tlg0527.tlg048.opp.grc2.xml,tlg0527.tlg048.opp.grc2,THE BOOK OF ISAIAH,,"R. R. OTTLEY, M.A.",C. J. Clay and Sons Cambridge University Press Warehouse Ave Maria Lane,1904,el,1458998,split/tlg0527/tlg048,split
tlg0527.tlg048.opp.eng2.xml,tlg0527.tlg048.opp.eng2,THE BOOK OF ISAIAH,,"R. R. OTTLEY, M.A.",C. J. Clay and Sons Cambridge University Press Warehouse Ave Maria Lane,1904,el,561725,split/tlg0527/tlg048,split
tlg0527.tlg013.xml,tlg0527.tlg013,The Old Testament in Greek,,Henry Barclay Swete,University Press,1901,el,408058,split/tlg0527/tlg013,split
tlg0527.tlg014.xml,tlg0527.tlg014,The Old Testament in Greek,,Henry Barclay Swete,University Press,1901,el,341814,split/tlg0527/tlg014,split
tlg0527.tlg003.xml,tlg0527.tlg003,The Old Testament in Greek,,Henry Barclay Swete,University Press,1901,el,358827,split/tlg0527/tlg003,split
tlg0527.tlg004.xml,tlg0527.tlg004,The Old Testament in Greek,,Henry Barclay Swete,University Press,1901,el,501436,split/tlg0527/tlg004,split
tlg0527.tlg005.xml,tlg0527.tlg005,The Old Testament in Greek,,Henry Barclay Swete,University Press,1901,el,441994,split/tlg0527/tlg005,split
tlg0527.tlg002.xml,tlg0527.tlg002,The Old Testament in Greek,,Henry Barclay Swete,University Press,1901,el,487223,split/tlg0527/tlg002,split
tlg0527.tlg011.xml,tlg0527.tlg011,The Old Testament in Greek,,Henry Barclay Swete,University Press,1901,el,369687,split/tlg0527/tlg011,split
tlg0527.tlg010.xml,tlg0527.tlg010,The Old Testament in Greek,,Henry Barclay Swete,University Press,1901,el,38723,split/tlg0527/tlg010,split
tlg2042.tlg009.xml,tlg2042.tlg009,ORIGENES WERKE,,DR. ERICH KLOSTERMANN,J. C. HINRICHS'SCHE BUCHHANDLUNG,1901,el,416724,split/tlg2042/tlg009,split
tlg2042.tlg006.xml,tlg2042.tlg006,ORIGENES WERKE,,LIC. DR. ERWIN PREUSHEN,J. C. HINRICH'S SCHE BUCHHANDLUNG,1903,el,378531,split/tlg2042/tlg006,split
tlg2042.tlg030.xml,tlg2042.tlg030,ORIGENES WERKE,,D. DR. ERICH KLOSTERMANN,J. C. HINRICHS'SCHE BUCHHANDLUNG,1935,el,1972035,split/tlg2042/tlg030,split
tlg2042.tlg012.xml,tlg2042.tlg012,ORIGENES WERKE,,DR. ERICH KLOSTERMANN,J. C. HINRICHS'SCHE BUCHHANDLUNG,1901,el,5792,split/tlg2042/tlg012,split
tlg2042.tlg084.xml,tlg2042.tlg084,ORIGENES WERKE,,DR. ERICH KLOSTERMANN,J. C. HINRICHS'SCHE BUCHHANDLUNG,1901,el,15540,split/tlg2042/tlg084,split
tlg2042.tlg013.xml,tlg2042.tlg013,ORIGENES WERKE,,DR. ERICH KLOSTERMANN,J. C. HINRICHS'SCHE BUCHHANDLUNG,1901,el,62430,split/tlg2042/tlg013,split
tlg2042.tlg014.xml,tlg2042.tlg014,ORIGENES WERKE,,DR. ERICH KLOSTERMANN,J. C. HINRICHS'SCHE BUCHHANDLUNG,1901,el,37481,split/tlg2042/tlg014,split
tlg2042.tlg005.xml,tlg2042.tlg005,ORIGENES WERKE,,LIC. DR. ERWIN PREUSHEN,J. C. HINRICH'S SCHE BUCHHANDLUNG,1903,el,2500396,split/tlg2042/tlg005,split
tlg2042.tlg011.xml,tlg2042.tlg011,ORIGENES WERKE,,DR. ERICH KLOSTERMANN,J. C. HINRICHS'SCHE BUCHHANDLUNG,1901,el,186486,split/tlg2042/tlg011,split
tlg2042.tlg016.xml,tlg2042.tlg016,ORIGENES WERKE,,DR. MAX RAUER,J. C. HINRICHS'SCHE BUCHHANDLUNG,1930,el,784070,split/tlg2042/tlg016,split
tlg2042.tlg029.xml,tlg2042.tlg029,ORIGENES WERKE,,D. DR. ERICH KLOSTERMANN,J. C. HINRICHS'SCHE BUCHHANDLUNG,1935,el,337630,split/tlg2042/tlg029,split
tlg2042.tlg021.xml,tlg2042.tlg021,ORIGENES WERKE,,DR. ERICH KLOSTERMANN,J. C. HINRICHS'SCHE BUCHHANDLUNG,1901,el,541531,split/tlg2042/tlg021,split
tlg2042.tlg017.xml,tlg2042.tlg017,ORIGENES WERKE,,DR. MAX RAUER,J. C. HINRICHS'SCHE BUCHHANDLUNG,1930,el,255100,split/tlg2042/tlg017,split
tlg2042.tlg028.xml,tlg2042.tlg028,ORIGENES WERKE,,D.DR. ERICH KLOSTERMANN,J. C. HINRICHS'SCHE BUCHHANDLUNG,1933,el,830970,split/tlg2042/tlg028,split
tlg2042.tlg010.xml,tlg2042.tlg010,ORIGENES WERKE,,DR. ERICH KLOSTERMANN,J. C. HINRICHS'SCHE BUCHHANDLUNG,1901,el,153041,split/tlg2042/tlg010,split
tlg4193.tlg012.opp.grc1.xml,tlg4193.tlg012.opp.grc1,Commentaria in Aristotelem Graeca,,,Berolini: Typis et Impensis G. Reimeri,1883-1884,Greek,488408,split/tlg4193/tlg012,split
tlg2034.tlg007.xml,tlg2034.tlg007,COMENTARIA IN ARISTOTELEM GRAECA,,ADOLFUS BUSSE,TYPIS ET IMPENSIS GEORGII REIMERI,MDCCCLXXXVII.,el,458039,split/tlg2034/tlg007,split
tlg2034.tlg006.xml,tlg2034.tlg006,COMENTARIA IN ARISTOTELEM GRAECA,,ADOLFUS BUSSE,TYPIS ET IMPENSIS GEORGII REIMERI,MDCCCLXXXVII.,el,202609,split/tlg2034/tlg006,split
tlg4102.tlg036.xml,tlg4102.tlg036,Catenae Graecorum Patrum in Novum Testamentum,,,E Typographeo Academico,1844,la,65218,split/tlg4102/tlg036,split
tlg4102.tlg038.xml,tlg4102.tlg038,Catenae Graecorum Patrum in Novum Testamentum,,,E Typographeo Academico,1844,la,1995621,split/tlg4102/tlg038,split
tlg4102.tlg007.xml,tlg4102.tlg007,Catenae Graecorum Patrum in Novum Testamentum,,,E Typographeo Academico,1844,la,58408,split/tlg4102/tlg007,split
tlg4102.tlgX01.xml,tlg4102.tlgX01,CATENÆ GRÆCORUM PATRUM IN NOVUM TESTAMENTUM,,"J. A. CRAMER, S.T.P.",E TYPOGRAPHEO ACADEMICO.,MDCCCXL.,el,14250,split/tlg4102/tlgX01,split
tlg4102.tlg001.xml,tlg4102.tlg001,Catenae Graecorum Patrum in Novum Testamentum,,,E Typographeo Academico,1844,la,1039846,split/tlg4102/tlg001,split
tlg4102.tlg006.xml,tlg4102.tlg006,Catenae Graecorum Patrum in Novum Testamentum,,,E Typographeo Academico,1844,la,51919,split/tlg4102/tlg006,split
tlg4102.tlg008.xml,tlg4102.tlg008,Catenae Graecorum Patrum in Novum Testamentum,,,E Typographeo Academico,1844,la,1605074,split/tlg4102/tlg008,split
tlg4102.tlg037.xml,tlg4102.tlg037,Catenae Graecorum Patrum in Novum Testamentum,,,E Typographeo Academico,1844,la,32669,split/tlg4102/tlg037,split
tlg4102.tlg012.opp-grc1.xml,tlg4102.tlg012.opp-grc1,Catenae Graecorum Patrum in Novum Testamentum,,,E Typographeo Academico,1844,la,1386038,split/tlg4102/tlg012,split
tlg4102.tlg024.xml,tlg4102.tlg024,Catenae Graecorum Patrum in Novum Testamentum,,,E Typographeo Academico,1844,la,130456,split/tlg4102/tlg024,split
tlg4102.tlg023.xml,tlg4102.tlg023,Catenae Graecorum Patrum in Novum Testamentum,,,E Typographeo Academico,1844,la,132111,split/tlg4102/tlg023,split
tlg4102.tlg046.xml,tlg4102.tlg046,CATENÆ GRÆCORUM PATRUM IN NOVUM TESTAMENTUM,,"J. A. CRAMER, S.T.P.",E TYPOGRAPHEO ACADEMICO.,MDCCCXL.,el,68916,split/tlg4102/tlg046,split
tlg4102.tlg041.xml,tlg4102.tlg041,CATENÆ GRÆCORUM PATRUM IN NOVUM TESTAMENTUM,,"J. A. CRAMER, S.T.P.",E TYPOGRAPHEO ACADEMICO.,MDCCCXL.,el,160490,split/tlg4102/tlg041,split
tlg4102.tlg022.xml,tlg4102.tlg022,Catenae Graecorum Patrum in Novum Testamentum,,,E Typographeo Academico,1844,la,185307,split/tlg4102/tlg022,split
tlg4102.tlg013.xml,tlg4102.tlg013,Catenae Graecorum Patrum in Novum Testamentum,,,E Typographeo Academico,1844,la,464561,split/tlg4102/tlg013,split
tlg4102.tlg040.xml,tlg4102.tlg040,CATENÆ GRÆCORUM PATRUM IN NOVUM TESTAMENTUM,,"J. A. CRAMER, S.T.P.",E TYPOGRAPHEO ACADEMICO.,MDCCCXL.,el,149939,split/tlg4102/tlg040,split
tlg4102.tlg035.xml,tlg4102.tlg035,Catenae Graecorum Patrum in Novum Testamentum,,,E Typographeo Academico,1844,la,110371,split/tlg4102/tlg035,split
tlg4102.tlg003.xml,tlg4102.tlg003.opp-grc1,Catenae Graecorum Patrum in Novum Testamentum,,,E Typographeo Academico,1844,la,177944,split/tlg4102/tlg003,split
tlg4102.tlgX02.xml,tlg4102.tlgX02,CATENÆ GRÆCORUM PATRUM IN NOVUM TESTAMENTUM,,"J. A. CRAMER, S.T.P.",E TYPOGRAPHEO ACADEMICO.,MDCCCXL.,el,1226238,split/tlg4102/tlgX02,split
tlg4102.tlg004.xml,tlg4102.tlg004,Catenae Graecorum Patrum in Novum Testamentum,,,E Typographeo Academico,1844,la,678106,split/tlg4102/tlg004,split
tlg4102.tlg005.xml,tlg4102.tlg005,Catenae Graecorum Patrum in Novum Testamentum,,,E Typographeo Academico,1844,la,970491,split/tlg4102/tlg005,split
tlg4102.tlg002.xml,tlg4102.tlg002,Catenae Graecorum Patrum in Novum Testamentum,,,E Typographeo Academico,1844,la,732430,split/tlg4102/tlg002,split
tlg4102.tlgX03.xml,tlg4102.tlgX03,CATENÆ GRÆCORUM PATRUM IN NOVUM TESTAMENTUM,,"J. A. CRAMER, S.T.P.",E TYPOGRAPHEO ACADEMICO.,MDCCCXL.,el,322868,split/tlg4102/tlgX03,split
tlg4102.tlg034.xml,tlg4102.tlg034,Catenae Graecorum Patrum in Novum Testamentum,,,E Typographeo Academico,1844,la,190859,split/tlg4102/tlg034,split
tlg4102.tlg042.xml,tlg4102.tlg042,CATENÆ GRÆCORUM PATRUM IN NOVUM TESTAMENTUM,,"J. A. CRAMER, S.T.P.",E TYPOGRAPHEO ACADEMICO.,MDCCCXL.,el,74763,split/tlg4102/tlg042,split
tlg4102.tlg045.xml,tlg4102.tlg045,CATENÆ GRÆCORUM PATRUM IN NOVUM TESTAMENTUM,,"J. A. CRAMER, S.T.P.",E TYPOGRAPHEO ACADEMICO.,MDCCCXL.,el,15473,split/tlg4102/tlg045,split
tlg4102.tlg011.xml,tlg4102.tlg011,Catenae Graecorum Patrum in Novum Testamentum,,,E Typographeo Academico,1844,la,1497758,split/tlg4102/tlg011,split
tlg4102.tlg020.xml,tlg4102.tlg020,Catenae Graecorum Patrum in Novum Testamentum,,,E Typographeo Academico,1844,la,509634,split/tlg4102/tlg020,split
tlg4102.tlg044.xml,tlg4102.tlg044,CATENÆ GRÆCORUM PATRUM IN NOVUM TESTAMENTUM,,"J. A. CRAMER, S.T.P.",E TYPOGRAPHEO ACADEMICO.,MDCCCXL.,el,11937,split/tlg4102/tlg044,split
tlg4102.tlg043.xml,tlg4102.tlg043,CATENÆ GRÆCORUM PATRUM IN NOVUM TESTAMENTUM,,"J. A. CRAMER, S.T.P.",E TYPOGRAPHEO ACADEMICO.,MDCCCXL.,el,153594,split/tlg4102/tlg043,split
tlg4102.tlg019.xml,tlg4102.tlg019,Catenae Graecorum Patrum in Novum Testamentum,,,E Typographeo Academico,1844,la,362364,split/tlg4102/tlg019,split
tlg4102.tlg021.xml,tlg4102.tlg021,Catenae Graecorum Patrum in Novum Testamentum,,,E Typographeo Academico,1844,la,246177,split/tlg4102/tlg021,split
tlg4102.tlg010.opp-grc1.xml,tlg4102.tlg010.opp-grc1,Catenae Graecorum Patrum in Novum Testamentum,,,E Typographeo Academico,1844,la,647346,split/tlg4102/tlg010,split
tlg2050.tlg001.opp-grc1.xml,tlg2050.tlg001.opp-grc1,Libanius Opera,,,In Aedibus B.G. Teubneri,1903,la,22083,split/tlg2050/tlg001,split
tlg0363.tlg007.xml,tlg0363.tlg007,CLAVDII PTOLEMAEI,,F. BOLL† ET Æ. BOER,IN AEDIBVS B.G. TEVBNERI,MCMLIV,el,783249,split/tlg0363/tlg007,split
tlg9019.tlg001.xml,tlg9019.tlg001,COMMENTARIA IN ARISTOTELEM GRAECA,,ADOLFUS BUSSE,TYPIS ET IMPENSIS GEORGII REIMERI,MCM,el,392298,split/tlg9019/tlg001,split
tlg2200.tlg00443.xml,tlg2200.tlg00443,Libanius Opera,,,In Aedibus B.G. Teubneri,1906,la,40101,split/tlg2200/tlg00443,split
tlg2200.tlg00444.xml,tlg2200.tlg00444,Libanius Opera,,,In Aedibus B.G. Teubneri,1906,la,11955,split/tlg2200/tlg00444,split
tlg2200.tlg00426.xml,tlg2200.tlg00426,Libanius Opera,,,In Aedibus B.G. Teubneri,1906,la,52577,split/tlg2200/tlg00426,split
tlg2200.tlg00410.xml,tlg2200.tlg00410,Libanius Opera,,,In Aedibus B.G. Teubneri,1903,la,39155,split/tlg2200/tlg00410,split
tlg2200.tlg00428.xml,tlg2200.tlg00428,Libanius Opera,,,In Aedibus B.G. Teubneri,1906,la,40882,split/tlg2200/tlg00428,split
tlg2200.tlg00445.xml,tlg2200.tlg00445,Libanius Opera,,,In Aedibus B.G. Teubneri,1906,la,58640,split/tlg2200/tlg00445,split
tlg2200.tlg00442.xml,tlg2200.tlg00442,Libanius Opera,,,In Aedibus B.G. Teubneri,1906,la,84077,split/tlg2200/tlg00442,split
tlg2200.tlg00429.xml,tlg2200.tlg00429,Libanius Opera,,,In Aedibus B.G. Teubneri,1906,la,56916,split/tlg2200/tlg00429,split
tlg2200.tlg00411.xml,tlg2200.tlg00411,Libanius Opera,,,In Aedibus B.G. Teubneri,1903,la,317360,split/tlg2200/tlg00411,split
tlg2200.tlg00427.xml,tlg2200.tlg00427,Libanius Opera,,,In Aedibus B.G. Teubneri,1906,la,67490,split/tlg2200/tlg00427,split
tlg2200.tlg00530.xml,tlg2200.tlg00530,Libanius Opera,,,In Aedibus B. G. Teubneri,1911,la,136855,split/tlg2200/tlg00530,split
tlg2200.tlg00508.xml,tlg2200.tlg00508,Libanius Opera,,,In Aedibus B.G. Teubneri,1909,la,57156,split/tlg2200/tlg00508,split
tlg2200.tlg00537.xml,tlg2200.tlg00537,Libanius Opera,,,In Aedibus B. G. Teubneri,1913,la,68704,split/tlg2200/tlg00537,split
tlg2200.tlg00501.xml,tlg2200.tlg00501,Libanius Opera,,,In Aedibus B.G. Teubneri,1909,la,343233,split/tlg2200/tlg00501,split
tlg2200.tlg00539.xml,tlg2200.tlg00539,Libanius Opera,,,In Aedibus B. G. Teubneri,1913,la,75032,split/tlg2200/tlg00539,split
tlg2200.tlg00506.xml,tlg2200.tlg00506,Libanius Opera,,,In Aedibus B.G. Teubneri,1909,la,133902,split/tlg2200/tlg00506,split
tlg2200.tlg00538.xml,tlg2200.tlg00538,Libanius Opera,,,In Aedibus B. G. Teubneri,1913,la,89889,split/tlg2200/tlg00538,split
tlg2200.tlg00507.xml,tlg2200.tlg00507,Libanius Opera,,,In Aedibus B.G. Teubneri,1909,la,46804,split/tlg2200/tlg00507,split
tlg2200.tlg001.opp.grc1.xml,tlg2200.tlg001.opp.grc1,Libanius Opera,,,Georg Olms Verlagsbuchhandlung,1963,la,2519123,split/tlg2200/tlg001,split
tlg2200.tlg00509.xml,tlg2200.tlg00509,Libanius Opera,,,In Aedibus B.G. Teubneri,1909,la,84018,split/tlg2200/tlg00509,split
tlg2200.tlg00536.xml,tlg2200.tlg00536,Libanius Opera,,,In Aedibus B. G. Teubneri,1913,la,93272,split/tlg2200/tlg00536,split
tlg2200.tlg008.xml,tlg2200.tlg008,Libanius Opera,,,Georg Olms Verlagsbuchhandlung,1963,la,81097,split/tlg2200/tlg008,split
tlg2200.tlg00531.xml,tlg2200.tlg00531,Libanius Opera,,,In Aedibus B. G. Teubneri,1913,la,103958,split/tlg2200/tlg00531,split
tlg2200.tlg00513.xml,tlg2200.tlg00513,Libanius Opera,,,In Aedibus B. G. Teubneri,1911,la,139366,split/tlg2200/tlg00513,split
tlg2200.tlg00514.xml,tlg2200.tlg00514,Libanius Opera,,,In Aedibus B. G. Teubneri,1911,la,71583,split/tlg2200/tlg00514,split
tlg2200.tlg00522.xml,tlg2200.tlg00522,Libanius Opera,,,In Aedibus B. G. Teubneri,1911,la,77488,split/tlg2200/tlg00522,split
tlg2200.tlg00525.xml,tlg2200.tlg00525,Libanius Opera,,,In Aedibus B. G. Teubneri,1911,la,87971,split/tlg2200/tlg00525,split
tlg2200.tlg00549.xml,tlg2200.tlg00549,Libanius Opera,,,In Aedibus B. G. Teubneri,1913,la,173525,split/tlg2200/tlg00549,split
tlg2200.tlg00540.xml,tlg2200.tlg00540,Libanius Opera,,,In Aedibus B. G. Teubneri,1913,la,141277,split/tlg2200/tlg00540,split
tlg2200.tlg00547.xml,tlg2200.tlg00547,Libanius Opera,,,In Aedibus B. G. Teubneri,1913,la,86016,split/tlg2200/tlg00547,split
tlg2200.tlg00524.xml,tlg2200.tlg00524,Libanius Opera,,,In Aedibus B. G. Teubneri,1911,la,60877,split/tlg2200/tlg00524,split
tlg2200.tlg00523.xml,tlg2200.tlg00523,Libanius Opera,,,In Aedibus B. G. Teubneri,1911,la,195954,split/tlg2200/tlg00523,split
tlg2200.tlg00515.xml,tlg2200.tlg00515,Libanius Opera,,,In Aedibus B. G. Teubneri,1911,la,102215,split/tlg2200/tlg00515,split
tlg2200.tlg00512.xml,tlg2200.tlg00512,Libanius Opera,,,In Aedibus B.G. Teubneri,1909,la,100460,split/tlg2200/tlg00512,split
tlg2200.tlg00546.xml,tlg2200.tlg00546,Libanius Opera,,,In Aedibus B. G. Teubneri,1913,la,91667,split/tlg2200/tlg00546,split
tlg2200.tlg00541.xml,tlg2200.tlg00541,Libanius Opera,,,In Aedibus B. G. Teubneri,1913,la,78828,split/tlg2200/tlg00541,split
tlg2200.tlg00548.xml,tlg2200.tlg00548,Libanius Opera,,,In Aedibus B. G. Teubneri,1913,la,91595,split/tlg2200/tlg00548,split
tlg2200.tlg00402.xml,tlg2200.tlg00402,Libanius Opera,,,In Aedibus B.G. Teubneri,1903,la,76355,split/tlg2200/tlg00402,split
tlg2200.tlg00405.xml,tlg2200.tlg00405,Libanius Opera,,,In Aedibus B.G. Teubneri,1903,la,54752,split/tlg2200/tlg00405,split
tlg2200.tlg00433.xml,tlg2200.tlg00433,Libanius Opera,,,In Aedibus B.G. Teubneri,1906,la,72744,split/tlg2200/tlg00433,split
tlg2200.tlg00434.xml,tlg2200.tlg00434,Libanius Opera,,,In Aedibus B.G. Teubneri,1906,la,50992,split/tlg2200/tlg00434,split
tlg2200.tlg00460.xml,tlg2200.tlg00460,Libanius Opera,,,In Aedibus B.G. Teubneri,1908,la,38232,split/tlg2200/tlg00460,split
tlg2200.tlg00458.xml,tlg2200.tlg00458,Libanius Opera,,,In Aedibus B.G. Teubneri,1908,la,63857,split/tlg2200/tlg00458,split
tlg2200.tlg00451.xml,tlg2200.tlg00451,Libanius Opera,,,In Aedibus B.G. Teubneri,1908,la,57270,split/tlg2200/tlg00451,split
tlg2200.tlg00456.xml,tlg2200.tlg00456,Libanius Opera,,,In Aedibus B.G. Teubneri,1908,la,50144,split/tlg2200/tlg00456,split
tlg2200.tlg00435.xml,tlg2200.tlg00435,Libanius Opera,,,In Aedibus B.G. Teubneri,1906,la,48892,split/tlg2200/tlg00435,split
tlg2200.tlg00432.xml,tlg2200.tlg00432,Libanius Opera,,,In Aedibus B.G. Teubneri,1906,la,44128,split/tlg2200/tlg00432,split
tlg2200.tlg00404.xml,tlg2200.tlg00404,Libanius Opera,,,In Aedibus B.G. Teubneri,1903,la,46154,split/tlg2200/tlg00404,split
tlg2200.tlg00403.xml,tlg2200.tlg00403,Libanius Opera,,,In Aedibus B.G. Teubneri,1903,la,37483,split/tlg2200/tlg00403,split
tlg2200.tlg00457.xml,tlg2200.tlg00457,Libanius Opera,,,In Aedibus B.G. Teubneri,1908,la,80068,split/tlg2200/tlg00457,split
tlg2200.tlg00450.xml,tlg2200.tlg00450,Libanius Opera,,,In Aedibus B.G. Teubneri,1906,la,49763,split/tlg2200/tlg00450,split
tlg2200.tlg00459.xml,tlg2200.tlg00459,Libanius Opera,,,In Aedibus B.G. Teubneri,1908,la,284854,split/tlg2200/tlg00459,split
tlg2200.tlg00461.xml,tlg2200.tlg00461,Libanius Opera,,,In Aedibus B.G. Teubneri,1908,la,42298,split/tlg2200/tlg00461,split
tlg2200.tlg00447.xml,tlg2200.tlg00447,Libanius Opera,,,In Aedibus B.G. Teubneri,1906,la,64286,split/tlg2200/tlg00447,split
tlg2200.tlg00440.xml,tlg2200.tlg00440,Libanius Opera,,,In Aedibus B.G. Teubneri,1906,la,46363,split/tlg2200/tlg00440,split
tlg2200.tlg00449.xml,tlg2200.tlg00449,Libanius Opera,,,In Aedibus B.G. Teubneri,1906,la,55248,split/tlg2200/tlg00449,split
tlg2200.tlg00448.xml,tlg2200.tlg00448,Libanius Opera,,,In Aedibus B.G. Teubneri,1906,la,69837,split/tlg2200/tlg00448,split
tlg2200.tlg00441.xml,tlg2200.tlg00441,Libanius Opera,,,In Aedibus B.G. Teubneri,1906,la,33328,split/tlg2200/tlg00441,split
tlg2200.tlg00446.xml,tlg2200.tlg00446,Libanius Opera,,,In Aedibus B.G. Teubneri,1906,la,72039,split/tlg2200/tlg00446,split
tlg2200.tlg00534.xml,tlg2200.tlg00534,Libanius Opera,,,In Aedibus B. G. Teubneri,1913,la,203045,split/tlg2200/tlg00534,split
tlg2200.tlg00533.xml,tlg2200.tlg00533,Libanius Opera,,,In Aedibus B. G. Teubneri,1913,la,103684,split/tlg2200/tlg00533,split
tlg2200.tlg00505.xml,tlg2200.tlg00505,Libanius Opera,,,In Aedibus B.G. Teubneri,1909,la,193170,split/tlg2200/tlg00505,split
tlg2200.tlg00502.xml,tlg2200.tlg00502,Libanius Opera,,,In Aedibus B.G. Teubneri,1909,la,68214,split/tlg2200/tlg00502,split
tlg2200.tlg00551.xml,tlg2200.tlg00551,Libanius Opera,,,In Aedibus B. G. Teubneri,1913,la,27100,split/tlg2200/tlg00551,split
tlg2200.tlg00503.xml,tlg2200.tlg00503,Libanius Opera,,,In Aedibus B.G. Teubneri,1909,la,73922,split/tlg2200/tlg00503,split
tlg2200.tlg00504.xml,tlg2200.tlg00504,Libanius Opera,,,In Aedibus B.G. Teubneri,1909,la,191457,split/tlg2200/tlg00504,split
tlg2200.tlg00532.xml,tlg2200.tlg00532,Libanius Opera,,,In Aedibus B. G. Teubneri,1913,la,102847,split/tlg2200/tlg00532,split
tlg2200.tlg00535.xml,tlg2200.tlg00535,Libanius Opera,,,In Aedibus B. G. Teubneri,1913,la,59491,split/tlg2200/tlg00535,split
tlg2200.tlg00550.xml,tlg2200.tlg00550,Libanius Opera,,,In Aedibus B. G. Teubneri,1913,la,79723,split/tlg2200/tlg00550,split
tlg2200.tlg00544.xml,tlg2200.tlg00544,Libanius Opera,,,In Aedibus B. G. Teubneri,1913,la,140685,split/tlg2200/tlg00544,split
tlg2200.tlg00543.xml,tlg2200.tlg00543,Libanius Opera,,,In Aedibus B. G. Teubneri,1913,la,122826,split/tlg2200/tlg00543,split
tlg2200.tlg00517.xml,tlg2200.tlg00517,Libanius Opera,,,In Aedibus B. G. Teubneri,1911,la,158206,split/tlg2200/tlg00517,split
tlg2200.tlg00528.xml,tlg2200.tlg00528,Libanius Opera,,,In Aedibus B. G. Teubneri,1911,la,53273,split/tlg2200/tlg00528,split
tlg2200.tlg00510.xml,tlg2200.tlg00510,Libanius Opera,,,In Aedibus B.G. Teubneri,1909,la,77831,split/tlg2200/tlg00510,split
tlg2200.tlg00526.xml,tlg2200.tlg00526,Libanius Opera,,,In Aedibus B. G. Teubneri,1911,la,114904,split/tlg2200/tlg00526,split
tlg2200.tlg00519.xml,tlg2200.tlg00519,Libanius Opera,,,In Aedibus B. G. Teubneri,1911,la,74749,split/tlg2200/tlg00519,split
tlg2200.tlg00521.xml,tlg2200.tlg00521,Libanius Opera,,,In Aedibus B. G. Teubneri,1911,la,67643,split/tlg2200/tlg00521,split
tlg2200.tlg00542.xml,tlg2200.tlg00542,Libanius Opera,,,In Aedibus B. G. Teubneri,1913,la,103243,split/tlg2200/tlg00542,split
tlg2200.tlg00545.xml,tlg2200.tlg00545,Libanius Opera,,,In Aedibus B. G. Teubneri,1913,la,59339,split/tlg2200/tlg00545,split
tlg2200.tlg00520.xml,tlg2200.tlg00520,Libanius Opera,,,In Aedibus B. G. Teubneri,1911,la,64429,split/tlg2200/tlg00520,split
tlg2200.tlg00527.xml,tlg2200.tlg00527,Libanius Opera,,,In Aedibus B. G. Teubneri,1911,la,48844,split/tlg2200/tlg00527,split
tlg2200.tlg00518.xml,tlg2200.tlg00518,Libanius Opera,,,In Aedibus B. G. Teubneri,1911,la,61737,split/tlg2200/tlg00518,split
tlg2200.tlg00511.xml,tlg2200.tlg00511,Libanius Opera,,,In Aedibus B.G. Teubneri,1909,la,60021,split/tlg2200/tlg00511,split
tlg2200.tlg00516.xml,tlg2200.tlg00516,Libanius Opera,,,In Aedibus B. G. Teubneri,1911,la,126314,split/tlg2200/tlg00516,split
tlg2200.tlg00529.xml,tlg2200.tlg00529,Libanius Opera,,,In Aedibus B. G. Teubneri,1911,la,61284,split/tlg2200/tlg00529,split
tlg2200.tlg00464.xml,tlg2200.tlg00464,Libanius Opera,,,In Aedibus B.G. Teubneri,1908,la,249798,split/tlg2200/tlg00464,split
tlg2200.tlg00463.xml,tlg2200.tlg00463,Libanius Opera,,,In Aedibus B.G. Teubneri,1908,la,58406,split/tlg2200/tlg00463,split
tlg2200.tlg00455.xml,tlg2200.tlg00455,Libanius Opera,,,In Aedibus B.G. Teubneri,1908,la,61116,split/tlg2200/tlg00455,split
tlg2200.tlg00452.xml,tlg2200.tlg00452,Libanius Opera,,,In Aedibus B.G. Teubneri,1908,la,83670,split/tlg2200/tlg00452,split
tlg2200.tlg00406.xml,tlg2200.tlg00406,Libanius Opera,,,In Aedibus B.G. Teubneri,1903,la,23502,split/tlg2200/tlg00406,split
tlg2200.tlg00439.xml,tlg2200.tlg00439,Libanius Opera,,,In Aedibus B.G. Teubneri,1906,la,36384,split/tlg2200/tlg00439,split
tlg2200.tlg00401.xml,tlg2200.tlg00401,Libanius Opera,,,In Aedibus B.G. Teubneri,1903,la,415070,split/tlg2200/tlg00401,split
tlg2200.tlg00437.xml,tlg2200.tlg00437,Libanius Opera,,,In Aedibus B.G. Teubneri,1906,la,37011,split/tlg2200/tlg00437,split
tlg2200.tlg00408.xml,tlg2200.tlg00408,Libanius Opera,,,In Aedibus B.G. Teubneri,1903,la,22121,split/tlg2200/tlg00408,split
tlg2200.tlg00430.xml,tlg2200.tlg00430,Libanius Opera,,,In Aedibus B.G. Teubneri,1906,la,101723,split/tlg2200/tlg00430,split
tlg2200.tlg00453.xml,tlg2200.tlg00453,Libanius Opera,,,In Aedibus B.G. Teubneri,1908,la,54607,split/tlg2200/tlg00453,split
tlg2200.tlg00454.xml,tlg2200.tlg00454,Libanius Opera,,,In Aedibus B.G. Teubneri,1908,la,111151,split/tlg2200/tlg00454,split
tlg2200.tlg00462.xml,tlg2200.tlg00462,Libanius Opera,,,In Aedibus B.G. Teubneri,1908,la,119500,split/tlg2200/tlg00462,split
tlg2200.tlg00431.xml,tlg2200.tlg00431,Libanius Opera,,,In Aedibus B.G. Teubneri,1906,la,74337,split/tlg2200/tlg00431,split
tlg2200.tlg00436.xml,tlg2200.tlg00436,Libanius Opera,,,In Aedibus B.G. Teubneri,1906,la,28911,split/tlg2200/tlg00436,split
tlg2200.tlg00409.xml,tlg2200.tlg00409,Libanius Opera,,,In Aedibus B.G. Teubneri,1903,la,20408,split/tlg2200/tlg00409,split
tlg2200.tlg00407.xml,tlg2200.tlg00407,Libanius Opera,,,In Aedibus B.G. Teubneri,1903,la,15295,split/tlg2200/tlg00407,split
tlg2200.tlg00438.xml,tlg2200.tlg00438,Libanius Opera,,,In Aedibus B.G. Teubneri,1906,la,37926,split/tlg2200/tlg00438,split
tlg4013.tlg001.xml,tlg4013.tlg001,COMMENTARIA IN ARISTOTELEM GRAECA,,I.L. HEIBERG,TYPIS ET IMPENSIS GEORGII REIMERI,MDCCCLXXXXIII.,el,4110067,split/tlg4013/tlg001,split
tlg4013.tlg003.xml,tlg4013.tlg003,COMENTARIA IN ARISTOTELEM GRAECA,,CAROLUS KALBFLEISCH,TYPIS ET IMPENSIS GEORGII REIMERI,MCMVII,el,2521931,split/tlg4013/tlg003,split
tlg4013.tlg004.opp-grc1.xml,tlg4013.tlg004.opp-grc1,COMMENTARIA IN ARISTOTELEM GRAECA,,HERMANNUS DIELS,TYPIS ET IMPENSIS GEORGH REIMERI,MDCCCLXXXXV,el,6314484,split/tlg4013/tlg004,split
tlg4013.tlg005.xml,tlg4013.tlg005,COMMENTARIA IN ARISTOTELEM GRAECA,,MICHAEL HAYDUCK,TYPIS ET IMPENSIS G. REIMERI,MDCCCLXXXII,el,1784869,split/tlg4013/tlg005,split
tlg4015.tlg009.xml,tlg4015.tlg009,COMENTARIA IN ARISTOTELEM GRAECA,,HIERONYMUS VITELLI,TYPIS ET IMPENSIS GEORGII REIMERI,MDCCCLXXXVII.,el,4736739,split/tlg4015/tlg009,split
tlg4015.tlg007.opp-grc1.xml,tlg4015.tlg007.opp-grc1,Commentaria in Aristotelem Graeca,,,Berolini: Typis et Impensis G. Reimeri,1901,Greek,1408868,split/tlg4015/tlg007,split
tlg4015.tlg001.xml,tlg4015.tlg001,COMMENTARIA IN ARISTOTELEM GRAECA,,ADOLFUS BUSSE,TYPIS ET IMPENSIS GEORGII REIMERI,MDCCCLXXXXVIII,el,1117404,split/tlg4015/tlg001,split
tlg4015.tlg006.opp-grc1.xml,tlg4015.tlg006.opp-grc1,Commentaria in Aristotelem Graeca,,,Berolini: Typis et Impensis G. Reimeri,1901,Greek,1647949,split/tlg4015/tlg006,split
tlg4015.tlg008.xml,tlg4015.tlg008,COMMENTARIA IN ARISTOTELEM GRAECA,,MICHAEL HAYDUCK,TYPIS ET IMPENSIS GEORGII REIMERI,MDCCCLXXXXVII,el,3297386,split/tlg4015/tlg008,split
tlg4015.tlg003.xml,tlg4015.tlg003,COMMENTARIA IN ARISTOTELEM GRAECA,,MAXIMILLANUS WALLIES,TYIS ET IMPENSIS GEORGH REIMERI,MCMIX,el,2242278,split/tlg4015/tlg003,split
tlg4015.tlg005.opp-grc1.xml,tlg4015.tlg005.opp-grc1,Commentaria in Aristotelem Graeca,,,Berolini: Typis et Impensis G. Reimeri,1901,Greek,852467,split/tlg4015/tlg005,split
tlg4015.tlg002.xml,tlg4015.tlg002,COMMENTARIA IN ARISTOTELEM GRAECA,,ADOLFUS BUSSE,TYPIS ET IMPENSIS GEORGII REIMERI,MDCCCLXXXXVIII,el,2495460,split/tlg4015/tlg002,split
tlg1551.tlg001.xml,tlg1551.tlg001,DIE ORACULA SIBYLLINA,,DR. JOH. GEFFCHEN,J. C. HINRICHS'SCHE BECHHANDLUNG,1902,el,933280,split/tlg1551/tlg001,split
tlg1551.tlg002.xml,tlg1551.tlg002,DIE ORACULA SIBYLLINA,,DR. JOH. GEFFCHEN,J. C. HINRICHS'SCHE BECHHANDLUNG,1902,el,29991,split/tlg1551/tlg002,split
tlg2115.tlg060.xml,tlg2115.tlg060,HIPPOLYTUS WERKE,,D. Dr. PAUL WENDLAND,J. C. HINRICHS'sche BUCHHANDLUNG,1916,el,1434057,split/tlg2115/tlg060,split
tlg4024.tlg001.xml,tlg4024.tlg001,CORPUS SCRIPTORUM HISTORIAE,,B. G. NIEBUHRII C.F.,IN AEDIBUS B. G. TEUBNERI,MDCCCLXVII,el,1391900,split/tlg4024/tlg001,split
tlg4024.tlg002.xml,tlg4024.tlg002,CORPUS SCRIPTORUM HISTORIAE,,B. G. NIEBUHRII C.F.,IN AEDIBUS B. G. TEUBNERI,MDCCCLXVII,el,99163,split/tlg4024/tlg002,split